-- MySQL Dump
-- Generated at: 2025-12-21 13:32:13
-- Database: tkt_warehouse

SET FOREIGN_KEY_CHECKS=0;

-- Structure for table `backup_logs`
DROP TABLE IF EXISTS `backup_logs`;
CREATE TABLE `backup_logs` (
  `id` bigint unsigned NOT NULL AUTO_INCREMENT,
  `user_id` bigint unsigned NOT NULL,
  `filename` varchar(255) COLLATE utf8mb4_unicode_ci DEFAULT NULL,
  `format` varchar(255) COLLATE utf8mb4_unicode_ci NOT NULL DEFAULT 'sql',
  `file_size` bigint unsigned DEFAULT NULL,
  `status` enum('success','failed','pending') COLLATE utf8mb4_unicode_ci NOT NULL DEFAULT 'pending',
  `notes` text COLLATE utf8mb4_unicode_ci,
  `created_at` timestamp NULL DEFAULT NULL,
  `updated_at` timestamp NULL DEFAULT NULL,
  `deleted_at` timestamp NULL DEFAULT NULL,
  PRIMARY KEY (`id`),
  KEY `backup_logs_user_id_foreign` (`user_id`),
  CONSTRAINT `backup_logs_user_id_foreign` FOREIGN KEY (`user_id`) REFERENCES `users` (`id`)
) ENGINE=InnoDB AUTO_INCREMENT=3 DEFAULT CHARSET=utf8mb4 COLLATE=utf8mb4_unicode_ci;

-- Data for table `backup_logs`
INSERT INTO `backup_logs` VALUES ('1', '1', NULL, 'sql', NULL, 'failed', 'Backup command did not return expected format. Output: \'mysqldump\' is not recognized as an internal or external command,
operable program or batch file.
✗ Gagal membuat backup database
', '2025-12-21 13:11:03', '2025-12-21 13:11:41', '2025-12-21 13:11:41');
INSERT INTO `backup_logs` VALUES ('2', '1', NULL, 'sql', NULL, 'failed', 'Backup command did not return expected format. Output: \'\"mysqldump\"\' is not recognized as an internal or external command,
operable program or batch file.
✗ Gagal membuat backup database
', '2025-12-21 13:15:36', '2025-12-21 13:15:37', NULL);

-- Structure for table `barang`
DROP TABLE IF EXISTS `barang`;
CREATE TABLE `barang` (
  `id` bigint unsigned NOT NULL AUTO_INCREMENT,
  `kode_barang` varchar(50) COLLATE utf8mb4_unicode_ci NOT NULL,
  `nama_barang` varchar(200) COLLATE utf8mb4_unicode_ci NOT NULL,
  `kategori_id` bigint unsigned NOT NULL,
  `lokasi_id` bigint unsigned NOT NULL,
  `jumlah_stok` int NOT NULL DEFAULT '0',
  `reorder_point` int NOT NULL DEFAULT '10' COMMENT 'Batas minimal stok sebelum perlu pemesanan ulang',
  `satuan` varchar(50) COLLATE utf8mb4_unicode_ci NOT NULL DEFAULT 'pcs',
  `status` enum('baik','rusak','hilang') COLLATE utf8mb4_unicode_ci NOT NULL DEFAULT 'baik',
  `deskripsi` text COLLATE utf8mb4_unicode_ci,
  `harga_satuan` decimal(15,2) DEFAULT NULL,
  `merk` varchar(100) COLLATE utf8mb4_unicode_ci DEFAULT NULL,
  `tanggal_pembelian` date DEFAULT NULL,
  `created_at` timestamp NULL DEFAULT NULL,
  `updated_at` timestamp NULL DEFAULT NULL,
  `deleted_at` timestamp NULL DEFAULT NULL,
  PRIMARY KEY (`id`),
  UNIQUE KEY `barang_kode_barang_unique` (`kode_barang`),
  KEY `barang_kategori_id_foreign` (`kategori_id`),
  KEY `barang_lokasi_id_foreign` (`lokasi_id`),
  KEY `barang_kode_barang_nama_barang_index` (`kode_barang`,`nama_barang`),
  KEY `barang_status_index` (`status`),
  KEY `barang_jumlah_stok_index` (`jumlah_stok`),
  CONSTRAINT `barang_kategori_id_foreign` FOREIGN KEY (`kategori_id`) REFERENCES `kategori` (`id`) ON DELETE CASCADE,
  CONSTRAINT `barang_lokasi_id_foreign` FOREIGN KEY (`lokasi_id`) REFERENCES `lokasi` (`id`) ON DELETE CASCADE
) ENGINE=InnoDB AUTO_INCREMENT=6 DEFAULT CHARSET=utf8mb4 COLLATE=utf8mb4_unicode_ci;

-- Data for table `barang`
INSERT INTO `barang` VALUES ('1', 'ELK-001', 'Komputer Desktop Dell', '1', '4', '103', '5', 'unit', 'baik', 'Komputer desktop untuk lab komputer', '8500000.00', 'Dell', '2023-01-15', '2025-12-21 13:01:44', '2025-12-21 13:01:46', NULL);
INSERT INTO `barang` VALUES ('2', 'FUR-001', 'Meja Belajar Siswa', '2', '3', '211', '30', 'unit', 'baik', 'Meja belajar untuk siswa', '450000.00', 'Olympic', '2023-06-20', '2025-12-21 13:01:44', '2025-12-21 13:01:46', NULL);
INSERT INTO `barang` VALUES ('3', 'ATK-001', 'Pulpen Hitam', '3', '7', '196', '20', 'lusin', 'baik', 'Pulpen hitam untuk keperluan administrasi', '35000.00', 'Standard', '2024-11-10', '2025-12-21 13:01:44', '2025-12-21 13:01:46', NULL);
INSERT INTO `barang` VALUES ('4', 'ELK-002', 'Proyektor LCD', '1', '2', '354', '1', 'unit', 'rusak', 'Proyektor untuk presentasi - perlu perbaikan', '5500000.00', 'Epson', '2022-08-15', '2025-12-21 13:01:44', '2025-12-21 13:01:46', NULL);
INSERT INTO `barang` VALUES ('5', 'BKU-001', 'Buku Matematika Kelas 7', '6', '5', '178', '30', 'eksemplar', 'baik', 'Buku pelajaran matematika untuk kelas 7', '85000.00', 'Erlangga', '2024-07-01', '2025-12-21 13:01:44', '2025-12-21 13:01:46', NULL);

-- Structure for table `barang_rusaks`
DROP TABLE IF EXISTS `barang_rusaks`;
CREATE TABLE `barang_rusaks` (
  `id` bigint unsigned NOT NULL AUTO_INCREMENT,
  `barang_id` bigint unsigned NOT NULL,
  `jumlah` int NOT NULL,
  `tanggal_kejadian` date NOT NULL,
  `keterangan` text COLLATE utf8mb4_unicode_ci,
  `penanggung_jawab` varchar(255) COLLATE utf8mb4_unicode_ci NOT NULL,
  `user_id` bigint unsigned NOT NULL,
  `created_at` timestamp NULL DEFAULT NULL,
  `updated_at` timestamp NULL DEFAULT NULL,
  PRIMARY KEY (`id`),
  KEY `barang_rusaks_user_id_foreign` (`user_id`),
  KEY `barang_rusaks_barang_id_index` (`barang_id`),
  KEY `barang_rusaks_tanggal_kejadian_index` (`tanggal_kejadian`),
  CONSTRAINT `barang_rusaks_barang_id_foreign` FOREIGN KEY (`barang_id`) REFERENCES `barang` (`id`) ON DELETE CASCADE,
  CONSTRAINT `barang_rusaks_user_id_foreign` FOREIGN KEY (`user_id`) REFERENCES `users` (`id`) ON DELETE CASCADE
) ENGINE=InnoDB DEFAULT CHARSET=utf8mb4 COLLATE=utf8mb4_unicode_ci;

-- Structure for table `cache`
DROP TABLE IF EXISTS `cache`;
CREATE TABLE `cache` (
  `key` varchar(255) COLLATE utf8mb4_unicode_ci NOT NULL,
  `value` mediumtext COLLATE utf8mb4_unicode_ci NOT NULL,
  `expiration` int NOT NULL,
  PRIMARY KEY (`key`)
) ENGINE=InnoDB DEFAULT CHARSET=utf8mb4 COLLATE=utf8mb4_unicode_ci;

-- Data for table `cache`
INSERT INTO `cache` VALUES ('tkt-warehouse-cache-livewire-rate-limiter:16d36dff9abd246c67dfac3e63b993a169af77e6', 'i:1;', '1766322675');
INSERT INTO `cache` VALUES ('tkt-warehouse-cache-livewire-rate-limiter:16d36dff9abd246c67dfac3e63b993a169af77e6:timer', 'i:1766322675;', '1766322675');
INSERT INTO `cache` VALUES ('tkt-warehouse-cache-spatie.permission.cache', 'a:3:{s:5:\"alias\";a:4:{s:1:\"a\";s:2:\"id\";s:1:\"b\";s:4:\"name\";s:1:\"c\";s:10:\"guard_name\";s:1:\"r\";s:5:\"roles\";}s:11:\"permissions\";a:30:{i:0;a:4:{s:1:\"a\";i:1;s:1:\"b\";s:10:\"view_users\";s:1:\"c\";s:3:\"web\";s:1:\"r\";a:2:{i:0;i:1;i:1;i:2;}}i:1;a:4:{s:1:\"a\";i:2;s:1:\"b\";s:12:\"create_users\";s:1:\"c\";s:3:\"web\";s:1:\"r\";a:1:{i:0;i:1;}}i:2;a:4:{s:1:\"a\";i:3;s:1:\"b\";s:10:\"edit_users\";s:1:\"c\";s:3:\"web\";s:1:\"r\";a:1:{i:0;i:1;}}i:3;a:4:{s:1:\"a\";i:4;s:1:\"b\";s:12:\"delete_users\";s:1:\"c\";s:3:\"web\";s:1:\"r\";a:1:{i:0;i:1;}}i:4;a:4:{s:1:\"a\";i:5;s:1:\"b\";s:14:\"reset_password\";s:1:\"c\";s:3:\"web\";s:1:\"r\";a:1:{i:0;i:1;}}i:5;a:4:{s:1:\"a\";i:6;s:1:\"b\";s:14:\"view_kategoris\";s:1:\"c\";s:3:\"web\";s:1:\"r\";a:2:{i:0;i:1;i:1;i:2;}}i:6;a:4:{s:1:\"a\";i:7;s:1:\"b\";s:16:\"create_kategoris\";s:1:\"c\";s:3:\"web\";s:1:\"r\";a:1:{i:0;i:1;}}i:7;a:4:{s:1:\"a\";i:8;s:1:\"b\";s:14:\"edit_kategoris\";s:1:\"c\";s:3:\"web\";s:1:\"r\";a:1:{i:0;i:1;}}i:8;a:4:{s:1:\"a\";i:9;s:1:\"b\";s:16:\"delete_kategoris\";s:1:\"c\";s:3:\"web\";s:1:\"r\";a:1:{i:0;i:1;}}i:9;a:4:{s:1:\"a\";i:10;s:1:\"b\";s:12:\"view_barangs\";s:1:\"c\";s:3:\"web\";s:1:\"r\";a:2:{i:0;i:1;i:1;i:2;}}i:10;a:4:{s:1:\"a\";i:11;s:1:\"b\";s:14:\"create_barangs\";s:1:\"c\";s:3:\"web\";s:1:\"r\";a:1:{i:0;i:1;}}i:11;a:4:{s:1:\"a\";i:12;s:1:\"b\";s:12:\"edit_barangs\";s:1:\"c\";s:3:\"web\";s:1:\"r\";a:1:{i:0;i:1;}}i:12;a:4:{s:1:\"a\";i:13;s:1:\"b\";s:14:\"delete_barangs\";s:1:\"c\";s:3:\"web\";s:1:\"r\";a:1:{i:0;i:1;}}i:13;a:4:{s:1:\"a\";i:14;s:1:\"b\";s:12:\"view_lokasis\";s:1:\"c\";s:3:\"web\";s:1:\"r\";a:2:{i:0;i:1;i:1;i:2;}}i:14;a:4:{s:1:\"a\";i:15;s:1:\"b\";s:14:\"create_lokasis\";s:1:\"c\";s:3:\"web\";s:1:\"r\";a:1:{i:0;i:1;}}i:15;a:4:{s:1:\"a\";i:16;s:1:\"b\";s:12:\"edit_lokasis\";s:1:\"c\";s:3:\"web\";s:1:\"r\";a:1:{i:0;i:1;}}i:16;a:4:{s:1:\"a\";i:17;s:1:\"b\";s:14:\"delete_lokasis\";s:1:\"c\";s:3:\"web\";s:1:\"r\";a:1:{i:0;i:1;}}i:17;a:4:{s:1:\"a\";i:18;s:1:\"b\";s:22:\"view_transaksi_barangs\";s:1:\"c\";s:3:\"web\";s:1:\"r\";a:2:{i:0;i:1;i:1;i:2;}}i:18;a:4:{s:1:\"a\";i:19;s:1:\"b\";s:24:\"create_transaksi_barangs\";s:1:\"c\";s:3:\"web\";s:1:\"r\";a:2:{i:0;i:1;i:1;i:2;}}i:19;a:4:{s:1:\"a\";i:20;s:1:\"b\";s:22:\"edit_transaksi_barangs\";s:1:\"c\";s:3:\"web\";s:1:\"r\";a:2:{i:0;i:1;i:1;i:2;}}i:20;a:4:{s:1:\"a\";i:21;s:1:\"b\";s:24:\"delete_transaksi_barangs\";s:1:\"c\";s:3:\"web\";s:1:\"r\";a:1:{i:0;i:1;}}i:21;a:4:{s:1:\"a\";i:22;s:1:\"b\";s:18:\"view_barang_rusaks\";s:1:\"c\";s:3:\"web\";s:1:\"r\";a:2:{i:0;i:1;i:1;i:2;}}i:22;a:4:{s:1:\"a\";i:23;s:1:\"b\";s:20:\"create_barang_rusaks\";s:1:\"c\";s:3:\"web\";s:1:\"r\";a:2:{i:0;i:1;i:1;i:2;}}i:23;a:4:{s:1:\"a\";i:24;s:1:\"b\";s:18:\"edit_barang_rusaks\";s:1:\"c\";s:3:\"web\";s:1:\"r\";a:2:{i:0;i:1;i:1;i:2;}}i:24;a:4:{s:1:\"a\";i:25;s:1:\"b\";s:20:\"delete_barang_rusaks\";s:1:\"c\";s:3:\"web\";s:1:\"r\";a:1:{i:0;i:1;}}i:25;a:4:{s:1:\"a\";i:26;s:1:\"b\";s:18:\"view_log_aktivitas\";s:1:\"c\";s:3:\"web\";s:1:\"r\";a:2:{i:0;i:1;i:1;i:2;}}i:26;a:4:{s:1:\"a\";i:27;s:1:\"b\";s:14:\"view_dashboard\";s:1:\"c\";s:3:\"web\";s:1:\"r\";a:2:{i:0;i:1;i:1;i:2;}}i:27;a:4:{s:1:\"a\";i:28;s:1:\"b\";s:12:\"view_laporan\";s:1:\"c\";s:3:\"web\";s:1:\"r\";a:2:{i:0;i:1;i:1;i:2;}}i:28;a:4:{s:1:\"a\";i:29;s:1:\"b\";s:13:\"backup_system\";s:1:\"c\";s:3:\"web\";s:1:\"r\";a:1:{i:0;i:1;}}i:29;a:4:{s:1:\"a\";i:30;s:1:\"b\";s:14:\"restore_system\";s:1:\"c\";s:3:\"web\";s:1:\"r\";a:1:{i:0;i:1;}}}s:5:\"roles\";a:2:{i:0;a:3:{s:1:\"a\";i:1;s:1:\"b\";s:12:\"Admin Sistem\";s:1:\"c\";s:3:\"web\";}i:1;a:3:{s:1:\"a\";i:2;s:1:\"b\";s:5:\"Staff\";s:1:\"c\";s:3:\"web\";}}}', '1766409016');

-- Structure for table `cache_locks`
DROP TABLE IF EXISTS `cache_locks`;
CREATE TABLE `cache_locks` (
  `key` varchar(255) COLLATE utf8mb4_unicode_ci NOT NULL,
  `owner` varchar(255) COLLATE utf8mb4_unicode_ci NOT NULL,
  `expiration` int NOT NULL,
  PRIMARY KEY (`key`)
) ENGINE=InnoDB DEFAULT CHARSET=utf8mb4 COLLATE=utf8mb4_unicode_ci;

-- Structure for table `failed_jobs`
DROP TABLE IF EXISTS `failed_jobs`;
CREATE TABLE `failed_jobs` (
  `id` bigint unsigned NOT NULL AUTO_INCREMENT,
  `uuid` varchar(255) COLLATE utf8mb4_unicode_ci NOT NULL,
  `connection` text COLLATE utf8mb4_unicode_ci NOT NULL,
  `queue` text COLLATE utf8mb4_unicode_ci NOT NULL,
  `payload` longtext COLLATE utf8mb4_unicode_ci NOT NULL,
  `exception` longtext COLLATE utf8mb4_unicode_ci NOT NULL,
  `failed_at` timestamp NOT NULL DEFAULT CURRENT_TIMESTAMP,
  PRIMARY KEY (`id`),
  UNIQUE KEY `failed_jobs_uuid_unique` (`uuid`)
) ENGINE=InnoDB DEFAULT CHARSET=utf8mb4 COLLATE=utf8mb4_unicode_ci;

-- Structure for table `job_batches`
DROP TABLE IF EXISTS `job_batches`;
CREATE TABLE `job_batches` (
  `id` varchar(255) COLLATE utf8mb4_unicode_ci NOT NULL,
  `name` varchar(255) COLLATE utf8mb4_unicode_ci NOT NULL,
  `total_jobs` int NOT NULL,
  `pending_jobs` int NOT NULL,
  `failed_jobs` int NOT NULL,
  `failed_job_ids` longtext COLLATE utf8mb4_unicode_ci NOT NULL,
  `options` mediumtext COLLATE utf8mb4_unicode_ci,
  `cancelled_at` int DEFAULT NULL,
  `created_at` int NOT NULL,
  `finished_at` int DEFAULT NULL,
  PRIMARY KEY (`id`)
) ENGINE=InnoDB DEFAULT CHARSET=utf8mb4 COLLATE=utf8mb4_unicode_ci;

-- Structure for table `jobs`
DROP TABLE IF EXISTS `jobs`;
CREATE TABLE `jobs` (
  `id` bigint unsigned NOT NULL AUTO_INCREMENT,
  `queue` varchar(255) COLLATE utf8mb4_unicode_ci NOT NULL,
  `payload` longtext COLLATE utf8mb4_unicode_ci NOT NULL,
  `attempts` tinyint unsigned NOT NULL,
  `reserved_at` int unsigned DEFAULT NULL,
  `available_at` int unsigned NOT NULL,
  `created_at` int unsigned NOT NULL,
  PRIMARY KEY (`id`),
  KEY `jobs_queue_index` (`queue`)
) ENGINE=InnoDB DEFAULT CHARSET=utf8mb4 COLLATE=utf8mb4_unicode_ci;

-- Structure for table `kategori`
DROP TABLE IF EXISTS `kategori`;
CREATE TABLE `kategori` (
  `id` bigint unsigned NOT NULL AUTO_INCREMENT,
  `nama_kategori` varchar(100) COLLATE utf8mb4_unicode_ci NOT NULL,
  `deskripsi` text COLLATE utf8mb4_unicode_ci,
  `created_at` timestamp NULL DEFAULT NULL,
  `updated_at` timestamp NULL DEFAULT NULL,
  `deleted_at` timestamp NULL DEFAULT NULL,
  PRIMARY KEY (`id`),
  KEY `kategori_nama_kategori_index` (`nama_kategori`)
) ENGINE=InnoDB AUTO_INCREMENT=8 DEFAULT CHARSET=utf8mb4 COLLATE=utf8mb4_unicode_ci;

-- Data for table `kategori`
INSERT INTO `kategori` VALUES ('1', 'Elektronik', 'Peralatan elektronik seperti komputer, printer, proyektor, dll', '2025-12-21 13:01:44', '2025-12-21 13:01:44', NULL);
INSERT INTO `kategori` VALUES ('2', 'Furniture', 'Meja, kursi, lemari, rak buku, dll', '2025-12-21 13:01:44', '2025-12-21 13:01:44', NULL);
INSERT INTO `kategori` VALUES ('3', 'Alat Tulis Kantor', 'Kertas, pulpen, spidol, penghapus, dll', '2025-12-21 13:01:44', '2025-12-21 13:01:44', NULL);
INSERT INTO `kategori` VALUES ('4', 'Alat Kebersihan', 'Sapu, pel, pembersih lantai, dll', '2025-12-21 13:01:44', '2025-12-21 13:01:44', NULL);
INSERT INTO `kategori` VALUES ('5', 'Peralatan Olahraga', 'Bola, net, matras, dll', '2025-12-21 13:01:44', '2025-12-21 13:01:44', NULL);
INSERT INTO `kategori` VALUES ('6', 'Buku Perpustakaan', 'Buku pelajaran, buku referensi, novel, dll', '2025-12-21 13:01:44', '2025-12-21 13:01:44', NULL);
INSERT INTO `kategori` VALUES ('7', 'Alat Laboratorium', 'Peralatan praktikum sains dan komputer', '2025-12-21 13:01:44', '2025-12-21 13:01:44', NULL);

-- Structure for table `log_aktivitas`
DROP TABLE IF EXISTS `log_aktivitas`;
CREATE TABLE `log_aktivitas` (
  `id` bigint unsigned NOT NULL AUTO_INCREMENT,
  `user_id` bigint unsigned DEFAULT NULL,
  `jenis_aktivitas` enum('login','logout','create','update','delete','view') COLLATE utf8mb4_unicode_ci NOT NULL,
  `nama_tabel` varchar(100) COLLATE utf8mb4_unicode_ci DEFAULT NULL COMMENT 'Nama tabel yang terpengaruh',
  `record_id` bigint unsigned DEFAULT NULL COMMENT 'ID record yang terpengaruh',
  `deskripsi` text COLLATE utf8mb4_unicode_ci NOT NULL,
  `perubahan_data` json DEFAULT NULL COMMENT 'Data perubahan dalam format JSON',
  `ip_address` varchar(45) COLLATE utf8mb4_unicode_ci DEFAULT NULL,
  `user_agent` text COLLATE utf8mb4_unicode_ci,
  `created_at` timestamp NULL DEFAULT NULL,
  `updated_at` timestamp NULL DEFAULT NULL,
  PRIMARY KEY (`id`),
  KEY `log_aktivitas_user_id_jenis_aktivitas_created_at_index` (`user_id`,`jenis_aktivitas`,`created_at`),
  KEY `log_aktivitas_nama_tabel_record_id_index` (`nama_tabel`,`record_id`),
  KEY `log_aktivitas_created_at_index` (`created_at`),
  CONSTRAINT `log_aktivitas_user_id_foreign` FOREIGN KEY (`user_id`) REFERENCES `users` (`id`) ON DELETE SET NULL
) ENGINE=InnoDB AUTO_INCREMENT=205 DEFAULT CHARSET=utf8mb4 COLLATE=utf8mb4_unicode_ci;

-- Data for table `log_aktivitas`
INSERT INTO `log_aktivitas` VALUES ('1', NULL, 'create', 'kategori', '1', 'Menambahkan kategori baru: Elektronik', '{\"id\": 1, \"deskripsi\": \"Peralatan elektronik seperti komputer, printer, proyektor, dll\", \"created_at\": \"2025-12-21T13:01:44.000000Z\", \"updated_at\": \"2025-12-21T13:01:44.000000Z\", \"nama_kategori\": \"Elektronik\"}', '127.0.0.1', 'Symfony', '2025-12-21 13:01:44', '2025-12-21 13:01:44');
INSERT INTO `log_aktivitas` VALUES ('2', NULL, 'create', 'kategori', '2', 'Menambahkan kategori baru: Furniture', '{\"id\": 2, \"deskripsi\": \"Meja, kursi, lemari, rak buku, dll\", \"created_at\": \"2025-12-21T13:01:44.000000Z\", \"updated_at\": \"2025-12-21T13:01:44.000000Z\", \"nama_kategori\": \"Furniture\"}', '127.0.0.1', 'Symfony', '2025-12-21 13:01:44', '2025-12-21 13:01:44');
INSERT INTO `log_aktivitas` VALUES ('3', NULL, 'create', 'kategori', '3', 'Menambahkan kategori baru: Alat Tulis Kantor', '{\"id\": 3, \"deskripsi\": \"Kertas, pulpen, spidol, penghapus, dll\", \"created_at\": \"2025-12-21T13:01:44.000000Z\", \"updated_at\": \"2025-12-21T13:01:44.000000Z\", \"nama_kategori\": \"Alat Tulis Kantor\"}', '127.0.0.1', 'Symfony', '2025-12-21 13:01:44', '2025-12-21 13:01:44');
INSERT INTO `log_aktivitas` VALUES ('4', NULL, 'create', 'kategori', '4', 'Menambahkan kategori baru: Alat Kebersihan', '{\"id\": 4, \"deskripsi\": \"Sapu, pel, pembersih lantai, dll\", \"created_at\": \"2025-12-21T13:01:44.000000Z\", \"updated_at\": \"2025-12-21T13:01:44.000000Z\", \"nama_kategori\": \"Alat Kebersihan\"}', '127.0.0.1', 'Symfony', '2025-12-21 13:01:44', '2025-12-21 13:01:44');
INSERT INTO `log_aktivitas` VALUES ('5', NULL, 'create', 'kategori', '5', 'Menambahkan kategori baru: Peralatan Olahraga', '{\"id\": 5, \"deskripsi\": \"Bola, net, matras, dll\", \"created_at\": \"2025-12-21T13:01:44.000000Z\", \"updated_at\": \"2025-12-21T13:01:44.000000Z\", \"nama_kategori\": \"Peralatan Olahraga\"}', '127.0.0.1', 'Symfony', '2025-12-21 13:01:44', '2025-12-21 13:01:44');
INSERT INTO `log_aktivitas` VALUES ('6', NULL, 'create', 'kategori', '6', 'Menambahkan kategori baru: Buku Perpustakaan', '{\"id\": 6, \"deskripsi\": \"Buku pelajaran, buku referensi, novel, dll\", \"created_at\": \"2025-12-21T13:01:44.000000Z\", \"updated_at\": \"2025-12-21T13:01:44.000000Z\", \"nama_kategori\": \"Buku Perpustakaan\"}', '127.0.0.1', 'Symfony', '2025-12-21 13:01:44', '2025-12-21 13:01:44');
INSERT INTO `log_aktivitas` VALUES ('7', NULL, 'create', 'kategori', '7', 'Menambahkan kategori baru: Alat Laboratorium', '{\"id\": 7, \"deskripsi\": \"Peralatan praktikum sains dan komputer\", \"created_at\": \"2025-12-21T13:01:44.000000Z\", \"updated_at\": \"2025-12-21T13:01:44.000000Z\", \"nama_kategori\": \"Alat Laboratorium\"}', '127.0.0.1', 'Symfony', '2025-12-21 13:01:44', '2025-12-21 13:01:44');
INSERT INTO `log_aktivitas` VALUES ('8', NULL, 'create', 'lokasi', '1', 'Menambahkan lokasi baru: Ruang Kepala Sekolah', '{\"id\": 1, \"gedung\": \"Gedung Utama\", \"lantai\": \"2\", \"created_at\": \"2025-12-21T13:01:44.000000Z\", \"keterangan\": \"Ruang kerja kepala sekolah\", \"updated_at\": \"2025-12-21T13:01:44.000000Z\", \"nama_lokasi\": \"Ruang Kepala Sekolah\"}', '127.0.0.1', 'Symfony', '2025-12-21 13:01:44', '2025-12-21 13:01:44');
INSERT INTO `log_aktivitas` VALUES ('9', NULL, 'create', 'lokasi', '2', 'Menambahkan lokasi baru: Ruang Guru', '{\"id\": 2, \"gedung\": \"Gedung Utama\", \"lantai\": \"1\", \"created_at\": \"2025-12-21T13:01:44.000000Z\", \"keterangan\": \"Ruang kerja para guru\", \"updated_at\": \"2025-12-21T13:01:44.000000Z\", \"nama_lokasi\": \"Ruang Guru\"}', '127.0.0.1', 'Symfony', '2025-12-21 13:01:44', '2025-12-21 13:01:44');
INSERT INTO `log_aktivitas` VALUES ('10', NULL, 'create', 'lokasi', '3', 'Menambahkan lokasi baru: Ruang Kelas 7A', '{\"id\": 3, \"gedung\": \"Gedung Kelas\", \"lantai\": \"1\", \"created_at\": \"2025-12-21T13:01:44.000000Z\", \"keterangan\": \"Ruang belajar kelas 7A\", \"updated_at\": \"2025-12-21T13:01:44.000000Z\", \"nama_lokasi\": \"Ruang Kelas 7A\"}', '127.0.0.1', 'Symfony', '2025-12-21 13:01:44', '2025-12-21 13:01:44');
INSERT INTO `log_aktivitas` VALUES ('11', NULL, 'create', 'lokasi', '4', 'Menambahkan lokasi baru: Laboratorium Komputer', '{\"id\": 4, \"gedung\": \"Gedung Laboratorium\", \"lantai\": \"2\", \"created_at\": \"2025-12-21T13:01:44.000000Z\", \"keterangan\": \"Lab komputer untuk praktikum\", \"updated_at\": \"2025-12-21T13:01:44.000000Z\", \"nama_lokasi\": \"Laboratorium Komputer\"}', '127.0.0.1', 'Symfony', '2025-12-21 13:01:44', '2025-12-21 13:01:44');
INSERT INTO `log_aktivitas` VALUES ('12', NULL, 'create', 'lokasi', '5', 'Menambahkan lokasi baru: Perpustakaan', '{\"id\": 5, \"gedung\": \"Gedung Utama\", \"lantai\": \"2\", \"created_at\": \"2025-12-21T13:01:44.000000Z\", \"keterangan\": \"Perpustakaan sekolah\", \"updated_at\": \"2025-12-21T13:01:44.000000Z\", \"nama_lokasi\": \"Perpustakaan\"}', '127.0.0.1', 'Symfony', '2025-12-21 13:01:44', '2025-12-21 13:01:44');
INSERT INTO `log_aktivitas` VALUES ('13', NULL, 'create', 'lokasi', '6', 'Menambahkan lokasi baru: Gudang Penyimpanan', '{\"id\": 6, \"gedung\": \"Gedung Belakang\", \"lantai\": \"1\", \"created_at\": \"2025-12-21T13:01:44.000000Z\", \"keterangan\": \"Gudang untuk barang-barang cadangan\", \"updated_at\": \"2025-12-21T13:01:44.000000Z\", \"nama_lokasi\": \"Gudang Penyimpanan\"}', '127.0.0.1', 'Symfony', '2025-12-21 13:01:44', '2025-12-21 13:01:44');
INSERT INTO `log_aktivitas` VALUES ('14', NULL, 'create', 'lokasi', '7', 'Menambahkan lokasi baru: Ruang Tata Usaha', '{\"id\": 7, \"gedung\": \"Gedung Utama\", \"lantai\": \"1\", \"created_at\": \"2025-12-21T13:01:44.000000Z\", \"keterangan\": \"Ruang administrasi sekolah\", \"updated_at\": \"2025-12-21T13:01:44.000000Z\", \"nama_lokasi\": \"Ruang Tata Usaha\"}', '127.0.0.1', 'Symfony', '2025-12-21 13:01:44', '2025-12-21 13:01:44');
INSERT INTO `log_aktivitas` VALUES ('15', NULL, 'create', 'barang', '1', 'Menambahkan barang baru: Komputer Desktop Dell (ELK-001)', '{\"id\": 1, \"merk\": \"Dell\", \"satuan\": \"unit\", \"status\": \"baik\", \"deskripsi\": \"Komputer desktop untuk lab komputer\", \"lokasi_id\": 4, \"created_at\": \"2025-12-21T13:01:44.000000Z\", \"updated_at\": \"2025-12-21T13:01:44.000000Z\", \"jumlah_stok\": 8, \"kategori_id\": 1, \"kode_barang\": \"ELK-001\", \"nama_barang\": \"Komputer Desktop Dell\", \"harga_satuan\": \"8500000.00\", \"reorder_point\": 5, \"tanggal_pembelian\": \"2023-01-15T00:00:00.000000Z\"}', '127.0.0.1', 'Symfony', '2025-12-21 13:01:44', '2025-12-21 13:01:44');
INSERT INTO `log_aktivitas` VALUES ('16', NULL, 'create', 'barang', '2', 'Menambahkan barang baru: Meja Belajar Siswa (FUR-001)', '{\"id\": 2, \"merk\": \"Olympic\", \"satuan\": \"unit\", \"status\": \"baik\", \"deskripsi\": \"Meja belajar untuk siswa\", \"lokasi_id\": 3, \"created_at\": \"2025-12-21T13:01:44.000000Z\", \"updated_at\": \"2025-12-21T13:01:44.000000Z\", \"jumlah_stok\": 35, \"kategori_id\": 2, \"kode_barang\": \"FUR-001\", \"nama_barang\": \"Meja Belajar Siswa\", \"harga_satuan\": \"450000.00\", \"reorder_point\": 30, \"tanggal_pembelian\": \"2023-06-20T00:00:00.000000Z\"}', '127.0.0.1', 'Symfony', '2025-12-21 13:01:44', '2025-12-21 13:01:44');
INSERT INTO `log_aktivitas` VALUES ('17', NULL, 'create', 'barang', '3', 'Menambahkan barang baru: Pulpen Hitam (ATK-001)', '{\"id\": 3, \"merk\": \"Standard\", \"satuan\": \"lusin\", \"status\": \"baik\", \"deskripsi\": \"Pulpen hitam untuk keperluan administrasi\", \"lokasi_id\": 7, \"created_at\": \"2025-12-21T13:01:44.000000Z\", \"updated_at\": \"2025-12-21T13:01:44.000000Z\", \"jumlah_stok\": 5, \"kategori_id\": 3, \"kode_barang\": \"ATK-001\", \"nama_barang\": \"Pulpen Hitam\", \"harga_satuan\": \"35000.00\", \"reorder_point\": 20, \"tanggal_pembelian\": \"2024-11-10T00:00:00.000000Z\"}', '127.0.0.1', 'Symfony', '2025-12-21 13:01:44', '2025-12-21 13:01:44');
INSERT INTO `log_aktivitas` VALUES ('18', NULL, 'create', 'barang', '4', 'Menambahkan barang baru: Proyektor LCD (ELK-002)', '{\"id\": 4, \"merk\": \"Epson\", \"satuan\": \"unit\", \"status\": \"rusak\", \"deskripsi\": \"Proyektor untuk presentasi - perlu perbaikan\", \"lokasi_id\": 2, \"created_at\": \"2025-12-21T13:01:44.000000Z\", \"updated_at\": \"2025-12-21T13:01:44.000000Z\", \"jumlah_stok\": 2, \"kategori_id\": 1, \"kode_barang\": \"ELK-002\", \"nama_barang\": \"Proyektor LCD\", \"harga_satuan\": \"5500000.00\", \"reorder_point\": 1, \"tanggal_pembelian\": \"2022-08-15T00:00:00.000000Z\"}', '127.0.0.1', 'Symfony', '2025-12-21 13:01:44', '2025-12-21 13:01:44');
INSERT INTO `log_aktivitas` VALUES ('19', NULL, 'create', 'barang', '5', 'Menambahkan barang baru: Buku Matematika Kelas 7 (BKU-001)', '{\"id\": 5, \"merk\": \"Erlangga\", \"satuan\": \"eksemplar\", \"status\": \"baik\", \"deskripsi\": \"Buku pelajaran matematika untuk kelas 7\", \"lokasi_id\": 5, \"created_at\": \"2025-12-21T13:01:44.000000Z\", \"updated_at\": \"2025-12-21T13:01:44.000000Z\", \"jumlah_stok\": 45, \"kategori_id\": 6, \"kode_barang\": \"BKU-001\", \"nama_barang\": \"Buku Matematika Kelas 7\", \"harga_satuan\": \"85000.00\", \"reorder_point\": 30, \"tanggal_pembelian\": \"2024-07-01T00:00:00.000000Z\"}', '127.0.0.1', 'Symfony', '2025-12-21 13:01:44', '2025-12-21 13:01:44');
INSERT INTO `log_aktivitas` VALUES ('20', NULL, 'update', 'barang', '4', 'Mengubah data barang: Proyektor LCD (ELK-002)', '{\"after\": {\"id\": 4, \"merk\": \"Epson\", \"satuan\": \"unit\", \"status\": \"rusak\", \"deskripsi\": \"Proyektor untuk presentasi - perlu perbaikan\", \"lokasi_id\": 2, \"created_at\": \"2025-12-21 13:01:44\", \"deleted_at\": null, \"updated_at\": \"2025-12-21 13:01:44\", \"jumlah_stok\": 38, \"kategori_id\": 1, \"kode_barang\": \"ELK-002\", \"nama_barang\": \"Proyektor LCD\", \"harga_satuan\": \"5500000.00\", \"reorder_point\": 1, \"tanggal_pembelian\": \"2022-08-15\"}, \"before\": {\"id\": 4, \"merk\": \"Epson\", \"satuan\": \"unit\", \"status\": \"rusak\", \"deskripsi\": \"Proyektor untuk presentasi - perlu perbaikan\", \"lokasi_id\": 2, \"created_at\": \"2025-12-21T13:01:44.000000Z\", \"deleted_at\": null, \"updated_at\": \"2025-12-21T13:01:44.000000Z\", \"jumlah_stok\": 2, \"kategori_id\": 1, \"kode_barang\": \"ELK-002\", \"nama_barang\": \"Proyektor LCD\", \"harga_satuan\": \"5500000.00\", \"reorder_point\": 1, \"tanggal_pembelian\": \"2022-08-15T00:00:00.000000Z\"}}', '127.0.0.1', 'Symfony', '2025-12-21 13:01:44', '2025-12-21 13:01:44');
INSERT INTO `log_aktivitas` VALUES ('21', '1', 'create', 'transaksi_barang', '1', 'Transaksi masuk barang Proyektor LCD sejumlah 36 unit', '{\"id\": 1, \"barang\": {\"id\": 4, \"merk\": \"Epson\", \"satuan\": \"unit\", \"status\": \"rusak\", \"deskripsi\": \"Proyektor untuk presentasi - perlu perbaikan\", \"lokasi_id\": 2, \"created_at\": \"2025-12-21T13:01:44.000000Z\", \"deleted_at\": null, \"updated_at\": \"2025-12-21T13:01:44.000000Z\", \"jumlah_stok\": 38, \"kategori_id\": 1, \"kode_barang\": \"ELK-002\", \"nama_barang\": \"Proyektor LCD\", \"harga_satuan\": \"5500000.00\", \"reorder_point\": 1, \"tanggal_pembelian\": \"2022-08-15T00:00:00.000000Z\"}, \"jumlah\": 36, \"user_id\": 1, \"barang_id\": 4, \"created_at\": \"2025-12-21T13:01:44.000000Z\", \"keterangan\": \"Penerimaan dari supplier\", \"updated_at\": \"2025-12-21T13:01:44.000000Z\", \"kode_transaksi\": \"TM-20251201-001\", \"tipe_transaksi\": \"masuk\", \"penanggung_jawab\": \"Siti Nurhaliza\", \"tanggal_transaksi\": \"2025-12-01T00:00:00.000000Z\"}', '127.0.0.1', 'Symfony', '2025-12-21 13:01:44', '2025-12-21 13:01:44');
INSERT INTO `log_aktivitas` VALUES ('22', NULL, 'update', 'barang', '1', 'Mengubah data barang: Komputer Desktop Dell (ELK-001)', '{\"after\": {\"id\": 1, \"merk\": \"Dell\", \"satuan\": \"unit\", \"status\": \"baik\", \"deskripsi\": \"Komputer desktop untuk lab komputer\", \"lokasi_id\": 4, \"created_at\": \"2025-12-21 13:01:44\", \"deleted_at\": null, \"updated_at\": \"2025-12-21 13:01:44\", \"jumlah_stok\": 7, \"kategori_id\": 1, \"kode_barang\": \"ELK-001\", \"nama_barang\": \"Komputer Desktop Dell\", \"harga_satuan\": \"8500000.00\", \"reorder_point\": 5, \"tanggal_pembelian\": \"2023-01-15\"}, \"before\": {\"id\": 1, \"merk\": \"Dell\", \"satuan\": \"unit\", \"status\": \"baik\", \"deskripsi\": \"Komputer desktop untuk lab komputer\", \"lokasi_id\": 4, \"created_at\": \"2025-12-21T13:01:44.000000Z\", \"deleted_at\": null, \"updated_at\": \"2025-12-21T13:01:44.000000Z\", \"jumlah_stok\": 8, \"kategori_id\": 1, \"kode_barang\": \"ELK-001\", \"nama_barang\": \"Komputer Desktop Dell\", \"harga_satuan\": \"8500000.00\", \"reorder_point\": 5, \"tanggal_pembelian\": \"2023-01-15T00:00:00.000000Z\"}}', '127.0.0.1', 'Symfony', '2025-12-21 13:01:44', '2025-12-21 13:01:44');
INSERT INTO `log_aktivitas` VALUES ('23', '3', 'create', 'transaksi_barang', '2', 'Transaksi keluar barang Komputer Desktop Dell sejumlah 1 unit', '{\"id\": 2, \"barang\": {\"id\": 1, \"merk\": \"Dell\", \"satuan\": \"unit\", \"status\": \"baik\", \"deskripsi\": \"Komputer desktop untuk lab komputer\", \"lokasi_id\": 4, \"created_at\": \"2025-12-21T13:01:44.000000Z\", \"deleted_at\": null, \"updated_at\": \"2025-12-21T13:01:44.000000Z\", \"jumlah_stok\": 7, \"kategori_id\": 1, \"kode_barang\": \"ELK-001\", \"nama_barang\": \"Komputer Desktop Dell\", \"harga_satuan\": \"8500000.00\", \"reorder_point\": 5, \"tanggal_pembelian\": \"2023-01-15T00:00:00.000000Z\"}, \"jumlah\": 1, \"user_id\": 3, \"barang_id\": 1, \"created_at\": \"2025-12-21T13:01:44.000000Z\", \"keterangan\": null, \"updated_at\": \"2025-12-21T13:01:44.000000Z\", \"kode_transaksi\": \"TK-20251201-001\", \"tipe_transaksi\": \"keluar\", \"penanggung_jawab\": \"Roni Wijaya\", \"tanggal_transaksi\": \"2025-12-01T00:00:00.000000Z\"}', '127.0.0.1', 'Symfony', '2025-12-21 13:01:44', '2025-12-21 13:01:44');
INSERT INTO `log_aktivitas` VALUES ('24', NULL, 'update', 'barang', '4', 'Mengubah data barang: Proyektor LCD (ELK-002)', '{\"after\": {\"id\": 4, \"merk\": \"Epson\", \"satuan\": \"unit\", \"status\": \"rusak\", \"deskripsi\": \"Proyektor untuk presentasi - perlu perbaikan\", \"lokasi_id\": 2, \"created_at\": \"2025-12-21 13:01:44\", \"deleted_at\": null, \"updated_at\": \"2025-12-21 13:01:44\", \"jumlah_stok\": 78, \"kategori_id\": 1, \"kode_barang\": \"ELK-002\", \"nama_barang\": \"Proyektor LCD\", \"harga_satuan\": \"5500000.00\", \"reorder_point\": 1, \"tanggal_pembelian\": \"2022-08-15\"}, \"before\": {\"id\": 4, \"merk\": \"Epson\", \"satuan\": \"unit\", \"status\": \"rusak\", \"deskripsi\": \"Proyektor untuk presentasi - perlu perbaikan\", \"lokasi_id\": 2, \"created_at\": \"2025-12-21T13:01:44.000000Z\", \"deleted_at\": null, \"updated_at\": \"2025-12-21T13:01:44.000000Z\", \"jumlah_stok\": 38, \"kategori_id\": 1, \"kode_barang\": \"ELK-002\", \"nama_barang\": \"Proyektor LCD\", \"harga_satuan\": \"5500000.00\", \"reorder_point\": 1, \"tanggal_pembelian\": \"2022-08-15T00:00:00.000000Z\"}}', '127.0.0.1', 'Symfony', '2025-12-21 13:01:44', '2025-12-21 13:01:44');
INSERT INTO `log_aktivitas` VALUES ('25', '2', 'create', 'transaksi_barang', '3', 'Transaksi masuk barang Proyektor LCD sejumlah 40 unit', '{\"id\": 3, \"barang\": {\"id\": 4, \"merk\": \"Epson\", \"satuan\": \"unit\", \"status\": \"rusak\", \"deskripsi\": \"Proyektor untuk presentasi - perlu perbaikan\", \"lokasi_id\": 2, \"created_at\": \"2025-12-21T13:01:44.000000Z\", \"deleted_at\": null, \"updated_at\": \"2025-12-21T13:01:44.000000Z\", \"jumlah_stok\": 78, \"kategori_id\": 1, \"kode_barang\": \"ELK-002\", \"nama_barang\": \"Proyektor LCD\", \"harga_satuan\": \"5500000.00\", \"reorder_point\": 1, \"tanggal_pembelian\": \"2022-08-15T00:00:00.000000Z\"}, \"jumlah\": 40, \"user_id\": 2, \"barang_id\": 4, \"created_at\": \"2025-12-21T13:01:44.000000Z\", \"keterangan\": \"Koreksi stok\", \"updated_at\": \"2025-12-21T13:01:44.000000Z\", \"kode_transaksi\": \"TM-20251201-002\", \"tipe_transaksi\": \"masuk\", \"penanggung_jawab\": null, \"tanggal_transaksi\": \"2025-12-01T00:00:00.000000Z\"}', '127.0.0.1', 'Symfony', '2025-12-21 13:01:44', '2025-12-21 13:01:44');
INSERT INTO `log_aktivitas` VALUES ('26', NULL, 'update', 'barang', '3', 'Mengubah data barang: Pulpen Hitam (ATK-001)', '{\"after\": {\"id\": 3, \"merk\": \"Standard\", \"satuan\": \"lusin\", \"status\": \"baik\", \"deskripsi\": \"Pulpen hitam untuk keperluan administrasi\", \"lokasi_id\": 7, \"created_at\": \"2025-12-21 13:01:44\", \"deleted_at\": null, \"updated_at\": \"2025-12-21 13:01:44\", \"jumlah_stok\": 33, \"kategori_id\": 3, \"kode_barang\": \"ATK-001\", \"nama_barang\": \"Pulpen Hitam\", \"harga_satuan\": \"35000.00\", \"reorder_point\": 20, \"tanggal_pembelian\": \"2024-11-10\"}, \"before\": {\"id\": 3, \"merk\": \"Standard\", \"satuan\": \"lusin\", \"status\": \"baik\", \"deskripsi\": \"Pulpen hitam untuk keperluan administrasi\", \"lokasi_id\": 7, \"created_at\": \"2025-12-21T13:01:44.000000Z\", \"deleted_at\": null, \"updated_at\": \"2025-12-21T13:01:44.000000Z\", \"jumlah_stok\": 5, \"kategori_id\": 3, \"kode_barang\": \"ATK-001\", \"nama_barang\": \"Pulpen Hitam\", \"harga_satuan\": \"35000.00\", \"reorder_point\": 20, \"tanggal_pembelian\": \"2024-11-10T00:00:00.000000Z\"}}', '127.0.0.1', 'Symfony', '2025-12-21 13:01:44', '2025-12-21 13:01:44');
INSERT INTO `log_aktivitas` VALUES ('27', '2', 'create', 'transaksi_barang', '4', 'Transaksi masuk barang Pulpen Hitam sejumlah 28 lusin', '{\"id\": 4, \"barang\": {\"id\": 3, \"merk\": \"Standard\", \"satuan\": \"lusin\", \"status\": \"baik\", \"deskripsi\": \"Pulpen hitam untuk keperluan administrasi\", \"lokasi_id\": 7, \"created_at\": \"2025-12-21T13:01:44.000000Z\", \"deleted_at\": null, \"updated_at\": \"2025-12-21T13:01:44.000000Z\", \"jumlah_stok\": 33, \"kategori_id\": 3, \"kode_barang\": \"ATK-001\", \"nama_barang\": \"Pulpen Hitam\", \"harga_satuan\": \"35000.00\", \"reorder_point\": 20, \"tanggal_pembelian\": \"2024-11-10T00:00:00.000000Z\"}, \"jumlah\": 28, \"user_id\": 2, \"barang_id\": 3, \"created_at\": \"2025-12-21T13:01:44.000000Z\", \"keterangan\": \"Pengiriman ke cabang\", \"updated_at\": \"2025-12-21T13:01:44.000000Z\", \"kode_transaksi\": \"TM-20251201-003\", \"tipe_transaksi\": \"masuk\", \"penanggung_jawab\": \"Eka Putri\", \"tanggal_transaksi\": \"2025-12-01T00:00:00.000000Z\"}', '127.0.0.1', 'Symfony', '2025-12-21 13:01:44', '2025-12-21 13:01:44');
INSERT INTO `log_aktivitas` VALUES ('28', NULL, 'update', 'barang', '3', 'Mengubah data barang: Pulpen Hitam (ATK-001)', '{\"after\": {\"id\": 3, \"merk\": \"Standard\", \"satuan\": \"lusin\", \"status\": \"baik\", \"deskripsi\": \"Pulpen hitam untuk keperluan administrasi\", \"lokasi_id\": 7, \"created_at\": \"2025-12-21 13:01:44\", \"deleted_at\": null, \"updated_at\": \"2025-12-21 13:01:44\", \"jumlah_stok\": 17, \"kategori_id\": 3, \"kode_barang\": \"ATK-001\", \"nama_barang\": \"Pulpen Hitam\", \"harga_satuan\": \"35000.00\", \"reorder_point\": 20, \"tanggal_pembelian\": \"2024-11-10\"}, \"before\": {\"id\": 3, \"merk\": \"Standard\", \"satuan\": \"lusin\", \"status\": \"baik\", \"deskripsi\": \"Pulpen hitam untuk keperluan administrasi\", \"lokasi_id\": 7, \"created_at\": \"2025-12-21T13:01:44.000000Z\", \"deleted_at\": null, \"updated_at\": \"2025-12-21T13:01:44.000000Z\", \"jumlah_stok\": 33, \"kategori_id\": 3, \"kode_barang\": \"ATK-001\", \"nama_barang\": \"Pulpen Hitam\", \"harga_satuan\": \"35000.00\", \"reorder_point\": 20, \"tanggal_pembelian\": \"2024-11-10T00:00:00.000000Z\"}}', '127.0.0.1', 'Symfony', '2025-12-21 13:01:44', '2025-12-21 13:01:44');
INSERT INTO `log_aktivitas` VALUES ('29', '2', 'create', 'transaksi_barang', '5', 'Transaksi keluar barang Pulpen Hitam sejumlah 16 lusin', '{\"id\": 5, \"barang\": {\"id\": 3, \"merk\": \"Standard\", \"satuan\": \"lusin\", \"status\": \"baik\", \"deskripsi\": \"Pulpen hitam untuk keperluan administrasi\", \"lokasi_id\": 7, \"created_at\": \"2025-12-21T13:01:44.000000Z\", \"deleted_at\": null, \"updated_at\": \"2025-12-21T13:01:44.000000Z\", \"jumlah_stok\": 17, \"kategori_id\": 3, \"kode_barang\": \"ATK-001\", \"nama_barang\": \"Pulpen Hitam\", \"harga_satuan\": \"35000.00\", \"reorder_point\": 20, \"tanggal_pembelian\": \"2024-11-10T00:00:00.000000Z\"}, \"jumlah\": 16, \"user_id\": 2, \"barang_id\": 3, \"created_at\": \"2025-12-21T13:01:44.000000Z\", \"keterangan\": null, \"updated_at\": \"2025-12-21T13:01:44.000000Z\", \"kode_transaksi\": \"TK-20251202-001\", \"tipe_transaksi\": \"keluar\", \"penanggung_jawab\": \"Ahmad Rahman\", \"tanggal_transaksi\": \"2025-12-02T00:00:00.000000Z\"}', '127.0.0.1', 'Symfony', '2025-12-21 13:01:44', '2025-12-21 13:01:44');
INSERT INTO `log_aktivitas` VALUES ('30', NULL, 'update', 'barang', '4', 'Mengubah data barang: Proyektor LCD (ELK-002)', '{\"after\": {\"id\": 4, \"merk\": \"Epson\", \"satuan\": \"unit\", \"status\": \"rusak\", \"deskripsi\": \"Proyektor untuk presentasi - perlu perbaikan\", \"lokasi_id\": 2, \"created_at\": \"2025-12-21 13:01:44\", \"deleted_at\": null, \"updated_at\": \"2025-12-21 13:01:44\", \"jumlah_stok\": 124, \"kategori_id\": 1, \"kode_barang\": \"ELK-002\", \"nama_barang\": \"Proyektor LCD\", \"harga_satuan\": \"5500000.00\", \"reorder_point\": 1, \"tanggal_pembelian\": \"2022-08-15\"}, \"before\": {\"id\": 4, \"merk\": \"Epson\", \"satuan\": \"unit\", \"status\": \"rusak\", \"deskripsi\": \"Proyektor untuk presentasi - perlu perbaikan\", \"lokasi_id\": 2, \"created_at\": \"2025-12-21T13:01:44.000000Z\", \"deleted_at\": null, \"updated_at\": \"2025-12-21T13:01:44.000000Z\", \"jumlah_stok\": 78, \"kategori_id\": 1, \"kode_barang\": \"ELK-002\", \"nama_barang\": \"Proyektor LCD\", \"harga_satuan\": \"5500000.00\", \"reorder_point\": 1, \"tanggal_pembelian\": \"2022-08-15T00:00:00.000000Z\"}}', '127.0.0.1', 'Symfony', '2025-12-21 13:01:45', '2025-12-21 13:01:45');
INSERT INTO `log_aktivitas` VALUES ('31', '1', 'create', 'transaksi_barang', '6', 'Transaksi masuk barang Proyektor LCD sejumlah 46 unit', '{\"id\": 6, \"barang\": {\"id\": 4, \"merk\": \"Epson\", \"satuan\": \"unit\", \"status\": \"rusak\", \"deskripsi\": \"Proyektor untuk presentasi - perlu perbaikan\", \"lokasi_id\": 2, \"created_at\": \"2025-12-21T13:01:44.000000Z\", \"deleted_at\": null, \"updated_at\": \"2025-12-21T13:01:44.000000Z\", \"jumlah_stok\": 124, \"kategori_id\": 1, \"kode_barang\": \"ELK-002\", \"nama_barang\": \"Proyektor LCD\", \"harga_satuan\": \"5500000.00\", \"reorder_point\": 1, \"tanggal_pembelian\": \"2022-08-15T00:00:00.000000Z\"}, \"jumlah\": 46, \"user_id\": 1, \"barang_id\": 4, \"created_at\": \"2025-12-21T13:01:45.000000Z\", \"keterangan\": null, \"updated_at\": \"2025-12-21T13:01:45.000000Z\", \"kode_transaksi\": \"TM-20251202-001\", \"tipe_transaksi\": \"masuk\", \"penanggung_jawab\": null, \"tanggal_transaksi\": \"2025-12-02T00:00:00.000000Z\"}', '127.0.0.1', 'Symfony', '2025-12-21 13:01:45', '2025-12-21 13:01:45');
INSERT INTO `log_aktivitas` VALUES ('32', NULL, 'update', 'barang', '4', 'Mengubah data barang: Proyektor LCD (ELK-002)', '{\"after\": {\"id\": 4, \"merk\": \"Epson\", \"satuan\": \"unit\", \"status\": \"rusak\", \"deskripsi\": \"Proyektor untuk presentasi - perlu perbaikan\", \"lokasi_id\": 2, \"created_at\": \"2025-12-21 13:01:44\", \"deleted_at\": null, \"updated_at\": \"2025-12-21 13:01:45\", \"jumlah_stok\": 123, \"kategori_id\": 1, \"kode_barang\": \"ELK-002\", \"nama_barang\": \"Proyektor LCD\", \"harga_satuan\": \"5500000.00\", \"reorder_point\": 1, \"tanggal_pembelian\": \"2022-08-15\"}, \"before\": {\"id\": 4, \"merk\": \"Epson\", \"satuan\": \"unit\", \"status\": \"rusak\", \"deskripsi\": \"Proyektor untuk presentasi - perlu perbaikan\", \"lokasi_id\": 2, \"created_at\": \"2025-12-21T13:01:44.000000Z\", \"deleted_at\": null, \"updated_at\": \"2025-12-21T13:01:45.000000Z\", \"jumlah_stok\": 124, \"kategori_id\": 1, \"kode_barang\": \"ELK-002\", \"nama_barang\": \"Proyektor LCD\", \"harga_satuan\": \"5500000.00\", \"reorder_point\": 1, \"tanggal_pembelian\": \"2022-08-15T00:00:00.000000Z\"}}', '127.0.0.1', 'Symfony', '2025-12-21 13:01:45', '2025-12-21 13:01:45');
INSERT INTO `log_aktivitas` VALUES ('33', '3', 'create', 'transaksi_barang', '7', 'Transaksi keluar barang Proyektor LCD sejumlah 1 unit', '{\"id\": 7, \"barang\": {\"id\": 4, \"merk\": \"Epson\", \"satuan\": \"unit\", \"status\": \"rusak\", \"deskripsi\": \"Proyektor untuk presentasi - perlu perbaikan\", \"lokasi_id\": 2, \"created_at\": \"2025-12-21T13:01:44.000000Z\", \"deleted_at\": null, \"updated_at\": \"2025-12-21T13:01:45.000000Z\", \"jumlah_stok\": 123, \"kategori_id\": 1, \"kode_barang\": \"ELK-002\", \"nama_barang\": \"Proyektor LCD\", \"harga_satuan\": \"5500000.00\", \"reorder_point\": 1, \"tanggal_pembelian\": \"2022-08-15T00:00:00.000000Z\"}, \"jumlah\": 1, \"user_id\": 3, \"barang_id\": 4, \"created_at\": \"2025-12-21T13:01:45.000000Z\", \"keterangan\": \"Penyimpanan di gudang\", \"updated_at\": \"2025-12-21T13:01:45.000000Z\", \"kode_transaksi\": \"TK-20251202-002\", \"tipe_transaksi\": \"keluar\", \"penanggung_jawab\": null, \"tanggal_transaksi\": \"2025-12-02T00:00:00.000000Z\"}', '127.0.0.1', 'Symfony', '2025-12-21 13:01:45', '2025-12-21 13:01:45');
INSERT INTO `log_aktivitas` VALUES ('34', NULL, 'update', 'barang', '5', 'Mengubah data barang: Buku Matematika Kelas 7 (BKU-001)', '{\"after\": {\"id\": 5, \"merk\": \"Erlangga\", \"satuan\": \"eksemplar\", \"status\": \"baik\", \"deskripsi\": \"Buku pelajaran matematika untuk kelas 7\", \"lokasi_id\": 5, \"created_at\": \"2025-12-21 13:01:44\", \"deleted_at\": null, \"updated_at\": \"2025-12-21 13:01:44\", \"jumlah_stok\": 70, \"kategori_id\": 6, \"kode_barang\": \"BKU-001\", \"nama_barang\": \"Buku Matematika Kelas 7\", \"harga_satuan\": \"85000.00\", \"reorder_point\": 30, \"tanggal_pembelian\": \"2024-07-01\"}, \"before\": {\"id\": 5, \"merk\": \"Erlangga\", \"satuan\": \"eksemplar\", \"status\": \"baik\", \"deskripsi\": \"Buku pelajaran matematika untuk kelas 7\", \"lokasi_id\": 5, \"created_at\": \"2025-12-21T13:01:44.000000Z\", \"deleted_at\": null, \"updated_at\": \"2025-12-21T13:01:44.000000Z\", \"jumlah_stok\": 45, \"kategori_id\": 6, \"kode_barang\": \"BKU-001\", \"nama_barang\": \"Buku Matematika Kelas 7\", \"harga_satuan\": \"85000.00\", \"reorder_point\": 30, \"tanggal_pembelian\": \"2024-07-01T00:00:00.000000Z\"}}', '127.0.0.1', 'Symfony', '2025-12-21 13:01:45', '2025-12-21 13:01:45');
INSERT INTO `log_aktivitas` VALUES ('35', '3', 'create', 'transaksi_barang', '8', 'Transaksi masuk barang Buku Matematika Kelas 7 sejumlah 25 eksemplar', '{\"id\": 8, \"barang\": {\"id\": 5, \"merk\": \"Erlangga\", \"satuan\": \"eksemplar\", \"status\": \"baik\", \"deskripsi\": \"Buku pelajaran matematika untuk kelas 7\", \"lokasi_id\": 5, \"created_at\": \"2025-12-21T13:01:44.000000Z\", \"deleted_at\": null, \"updated_at\": \"2025-12-21T13:01:44.000000Z\", \"jumlah_stok\": 70, \"kategori_id\": 6, \"kode_barang\": \"BKU-001\", \"nama_barang\": \"Buku Matematika Kelas 7\", \"harga_satuan\": \"85000.00\", \"reorder_point\": 30, \"tanggal_pembelian\": \"2024-07-01T00:00:00.000000Z\"}, \"jumlah\": 25, \"user_id\": 3, \"barang_id\": 5, \"created_at\": \"2025-12-21T13:01:45.000000Z\", \"keterangan\": \"Pengiriman ke cabang\", \"updated_at\": \"2025-12-21T13:01:45.000000Z\", \"kode_transaksi\": \"TM-20251202-002\", \"tipe_transaksi\": \"masuk\", \"penanggung_jawab\": \"Eka Putri\", \"tanggal_transaksi\": \"2025-12-02T00:00:00.000000Z\"}', '127.0.0.1', 'Symfony', '2025-12-21 13:01:45', '2025-12-21 13:01:45');
INSERT INTO `log_aktivitas` VALUES ('36', NULL, 'update', 'barang', '1', 'Mengubah data barang: Komputer Desktop Dell (ELK-001)', '{\"after\": {\"id\": 1, \"merk\": \"Dell\", \"satuan\": \"unit\", \"status\": \"baik\", \"deskripsi\": \"Komputer desktop untuk lab komputer\", \"lokasi_id\": 4, \"created_at\": \"2025-12-21 13:01:44\", \"deleted_at\": null, \"updated_at\": \"2025-12-21 13:01:44\", \"jumlah_stok\": 1, \"kategori_id\": 1, \"kode_barang\": \"ELK-001\", \"nama_barang\": \"Komputer Desktop Dell\", \"harga_satuan\": \"8500000.00\", \"reorder_point\": 5, \"tanggal_pembelian\": \"2023-01-15\"}, \"before\": {\"id\": 1, \"merk\": \"Dell\", \"satuan\": \"unit\", \"status\": \"baik\", \"deskripsi\": \"Komputer desktop untuk lab komputer\", \"lokasi_id\": 4, \"created_at\": \"2025-12-21T13:01:44.000000Z\", \"deleted_at\": null, \"updated_at\": \"2025-12-21T13:01:44.000000Z\", \"jumlah_stok\": 7, \"kategori_id\": 1, \"kode_barang\": \"ELK-001\", \"nama_barang\": \"Komputer Desktop Dell\", \"harga_satuan\": \"8500000.00\", \"reorder_point\": 5, \"tanggal_pembelian\": \"2023-01-15T00:00:00.000000Z\"}}', '127.0.0.1', 'Symfony', '2025-12-21 13:01:45', '2025-12-21 13:01:45');
INSERT INTO `log_aktivitas` VALUES ('37', '1', 'create', 'transaksi_barang', '9', 'Transaksi keluar barang Komputer Desktop Dell sejumlah 6 unit', '{\"id\": 9, \"barang\": {\"id\": 1, \"merk\": \"Dell\", \"satuan\": \"unit\", \"status\": \"baik\", \"deskripsi\": \"Komputer desktop untuk lab komputer\", \"lokasi_id\": 4, \"created_at\": \"2025-12-21T13:01:44.000000Z\", \"deleted_at\": null, \"updated_at\": \"2025-12-21T13:01:44.000000Z\", \"jumlah_stok\": 1, \"kategori_id\": 1, \"kode_barang\": \"ELK-001\", \"nama_barang\": \"Komputer Desktop Dell\", \"harga_satuan\": \"8500000.00\", \"reorder_point\": 5, \"tanggal_pembelian\": \"2023-01-15T00:00:00.000000Z\"}, \"jumlah\": 6, \"user_id\": 1, \"barang_id\": 1, \"created_at\": \"2025-12-21T13:01:45.000000Z\", \"keterangan\": \"Pembelian tambahan\", \"updated_at\": \"2025-12-21T13:01:45.000000Z\", \"kode_transaksi\": \"TK-20251203-001\", \"tipe_transaksi\": \"keluar\", \"penanggung_jawab\": \"Roni Wijaya\", \"tanggal_transaksi\": \"2025-12-03T00:00:00.000000Z\"}', '127.0.0.1', 'Symfony', '2025-12-21 13:01:45', '2025-12-21 13:01:45');
INSERT INTO `log_aktivitas` VALUES ('38', NULL, 'update', 'barang', '1', 'Mengubah data barang: Komputer Desktop Dell (ELK-001)', '{\"after\": {\"id\": 1, \"merk\": \"Dell\", \"satuan\": \"unit\", \"status\": \"baik\", \"deskripsi\": \"Komputer desktop untuk lab komputer\", \"lokasi_id\": 4, \"created_at\": \"2025-12-21 13:01:44\", \"deleted_at\": null, \"updated_at\": \"2025-12-21 13:01:45\", \"jumlah_stok\": 35, \"kategori_id\": 1, \"kode_barang\": \"ELK-001\", \"nama_barang\": \"Komputer Desktop Dell\", \"harga_satuan\": \"8500000.00\", \"reorder_point\": 5, \"tanggal_pembelian\": \"2023-01-15\"}, \"before\": {\"id\": 1, \"merk\": \"Dell\", \"satuan\": \"unit\", \"status\": \"baik\", \"deskripsi\": \"Komputer desktop untuk lab komputer\", \"lokasi_id\": 4, \"created_at\": \"2025-12-21T13:01:44.000000Z\", \"deleted_at\": null, \"updated_at\": \"2025-12-21T13:01:45.000000Z\", \"jumlah_stok\": 1, \"kategori_id\": 1, \"kode_barang\": \"ELK-001\", \"nama_barang\": \"Komputer Desktop Dell\", \"harga_satuan\": \"8500000.00\", \"reorder_point\": 5, \"tanggal_pembelian\": \"2023-01-15T00:00:00.000000Z\"}}', '127.0.0.1', 'Symfony', '2025-12-21 13:01:45', '2025-12-21 13:01:45');
INSERT INTO `log_aktivitas` VALUES ('39', '2', 'create', 'transaksi_barang', '10', 'Transaksi masuk barang Komputer Desktop Dell sejumlah 34 unit', '{\"id\": 10, \"barang\": {\"id\": 1, \"merk\": \"Dell\", \"satuan\": \"unit\", \"status\": \"baik\", \"deskripsi\": \"Komputer desktop untuk lab komputer\", \"lokasi_id\": 4, \"created_at\": \"2025-12-21T13:01:44.000000Z\", \"deleted_at\": null, \"updated_at\": \"2025-12-21T13:01:45.000000Z\", \"jumlah_stok\": 35, \"kategori_id\": 1, \"kode_barang\": \"ELK-001\", \"nama_barang\": \"Komputer Desktop Dell\", \"harga_satuan\": \"8500000.00\", \"reorder_point\": 5, \"tanggal_pembelian\": \"2023-01-15T00:00:00.000000Z\"}, \"jumlah\": 34, \"user_id\": 2, \"barang_id\": 1, \"created_at\": \"2025-12-21T13:01:45.000000Z\", \"keterangan\": \"Pengadaan rutin\", \"updated_at\": \"2025-12-21T13:01:45.000000Z\", \"kode_transaksi\": \"TM-20251203-001\", \"tipe_transaksi\": \"masuk\", \"penanggung_jawab\": null, \"tanggal_transaksi\": \"2025-12-03T00:00:00.000000Z\"}', '127.0.0.1', 'Symfony', '2025-12-21 13:01:45', '2025-12-21 13:01:45');
INSERT INTO `log_aktivitas` VALUES ('40', NULL, 'update', 'barang', '1', 'Mengubah data barang: Komputer Desktop Dell (ELK-001)', '{\"after\": {\"id\": 1, \"merk\": \"Dell\", \"satuan\": \"unit\", \"status\": \"baik\", \"deskripsi\": \"Komputer desktop untuk lab komputer\", \"lokasi_id\": 4, \"created_at\": \"2025-12-21 13:01:44\", \"deleted_at\": null, \"updated_at\": \"2025-12-21 13:01:45\", \"jumlah_stok\": 47, \"kategori_id\": 1, \"kode_barang\": \"ELK-001\", \"nama_barang\": \"Komputer Desktop Dell\", \"harga_satuan\": \"8500000.00\", \"reorder_point\": 5, \"tanggal_pembelian\": \"2023-01-15\"}, \"before\": {\"id\": 1, \"merk\": \"Dell\", \"satuan\": \"unit\", \"status\": \"baik\", \"deskripsi\": \"Komputer desktop untuk lab komputer\", \"lokasi_id\": 4, \"created_at\": \"2025-12-21T13:01:44.000000Z\", \"deleted_at\": null, \"updated_at\": \"2025-12-21T13:01:45.000000Z\", \"jumlah_stok\": 35, \"kategori_id\": 1, \"kode_barang\": \"ELK-001\", \"nama_barang\": \"Komputer Desktop Dell\", \"harga_satuan\": \"8500000.00\", \"reorder_point\": 5, \"tanggal_pembelian\": \"2023-01-15T00:00:00.000000Z\"}}', '127.0.0.1', 'Symfony', '2025-12-21 13:01:45', '2025-12-21 13:01:45');
INSERT INTO `log_aktivitas` VALUES ('41', '3', 'create', 'transaksi_barang', '11', 'Transaksi masuk barang Komputer Desktop Dell sejumlah 12 unit', '{\"id\": 11, \"barang\": {\"id\": 1, \"merk\": \"Dell\", \"satuan\": \"unit\", \"status\": \"baik\", \"deskripsi\": \"Komputer desktop untuk lab komputer\", \"lokasi_id\": 4, \"created_at\": \"2025-12-21T13:01:44.000000Z\", \"deleted_at\": null, \"updated_at\": \"2025-12-21T13:01:45.000000Z\", \"jumlah_stok\": 47, \"kategori_id\": 1, \"kode_barang\": \"ELK-001\", \"nama_barang\": \"Komputer Desktop Dell\", \"harga_satuan\": \"8500000.00\", \"reorder_point\": 5, \"tanggal_pembelian\": \"2023-01-15T00:00:00.000000Z\"}, \"jumlah\": 12, \"user_id\": 3, \"barang_id\": 1, \"created_at\": \"2025-12-21T13:01:45.000000Z\", \"keterangan\": \"Penerimaan dari supplier\", \"updated_at\": \"2025-12-21T13:01:45.000000Z\", \"kode_transaksi\": \"TM-20251204-001\", \"tipe_transaksi\": \"masuk\", \"penanggung_jawab\": \"Fajar Maulana\", \"tanggal_transaksi\": \"2025-12-04T00:00:00.000000Z\"}', '127.0.0.1', 'Symfony', '2025-12-21 13:01:45', '2025-12-21 13:01:45');
INSERT INTO `log_aktivitas` VALUES ('42', NULL, 'update', 'barang', '5', 'Mengubah data barang: Buku Matematika Kelas 7 (BKU-001)', '{\"after\": {\"id\": 5, \"merk\": \"Erlangga\", \"satuan\": \"eksemplar\", \"status\": \"baik\", \"deskripsi\": \"Buku pelajaran matematika untuk kelas 7\", \"lokasi_id\": 5, \"created_at\": \"2025-12-21 13:01:44\", \"deleted_at\": null, \"updated_at\": \"2025-12-21 13:01:45\", \"jumlah_stok\": 97, \"kategori_id\": 6, \"kode_barang\": \"BKU-001\", \"nama_barang\": \"Buku Matematika Kelas 7\", \"harga_satuan\": \"85000.00\", \"reorder_point\": 30, \"tanggal_pembelian\": \"2024-07-01\"}, \"before\": {\"id\": 5, \"merk\": \"Erlangga\", \"satuan\": \"eksemplar\", \"status\": \"baik\", \"deskripsi\": \"Buku pelajaran matematika untuk kelas 7\", \"lokasi_id\": 5, \"created_at\": \"2025-12-21T13:01:44.000000Z\", \"deleted_at\": null, \"updated_at\": \"2025-12-21T13:01:45.000000Z\", \"jumlah_stok\": 70, \"kategori_id\": 6, \"kode_barang\": \"BKU-001\", \"nama_barang\": \"Buku Matematika Kelas 7\", \"harga_satuan\": \"85000.00\", \"reorder_point\": 30, \"tanggal_pembelian\": \"2024-07-01T00:00:00.000000Z\"}}', '127.0.0.1', 'Symfony', '2025-12-21 13:01:45', '2025-12-21 13:01:45');
INSERT INTO `log_aktivitas` VALUES ('43', '3', 'create', 'transaksi_barang', '12', 'Transaksi masuk barang Buku Matematika Kelas 7 sejumlah 27 eksemplar', '{\"id\": 12, \"barang\": {\"id\": 5, \"merk\": \"Erlangga\", \"satuan\": \"eksemplar\", \"status\": \"baik\", \"deskripsi\": \"Buku pelajaran matematika untuk kelas 7\", \"lokasi_id\": 5, \"created_at\": \"2025-12-21T13:01:44.000000Z\", \"deleted_at\": null, \"updated_at\": \"2025-12-21T13:01:45.000000Z\", \"jumlah_stok\": 97, \"kategori_id\": 6, \"kode_barang\": \"BKU-001\", \"nama_barang\": \"Buku Matematika Kelas 7\", \"harga_satuan\": \"85000.00\", \"reorder_point\": 30, \"tanggal_pembelian\": \"2024-07-01T00:00:00.000000Z\"}, \"jumlah\": 27, \"user_id\": 3, \"barang_id\": 5, \"created_at\": \"2025-12-21T13:01:45.000000Z\", \"keterangan\": null, \"updated_at\": \"2025-12-21T13:01:45.000000Z\", \"kode_transaksi\": \"TM-20251204-002\", \"tipe_transaksi\": \"masuk\", \"penanggung_jawab\": null, \"tanggal_transaksi\": \"2025-12-04T00:00:00.000000Z\"}', '127.0.0.1', 'Symfony', '2025-12-21 13:01:45', '2025-12-21 13:01:45');
INSERT INTO `log_aktivitas` VALUES ('44', NULL, 'update', 'barang', '4', 'Mengubah data barang: Proyektor LCD (ELK-002)', '{\"after\": {\"id\": 4, \"merk\": \"Epson\", \"satuan\": \"unit\", \"status\": \"rusak\", \"deskripsi\": \"Proyektor untuk presentasi - perlu perbaikan\", \"lokasi_id\": 2, \"created_at\": \"2025-12-21 13:01:44\", \"deleted_at\": null, \"updated_at\": \"2025-12-21 13:01:45\", \"jumlah_stok\": 109, \"kategori_id\": 1, \"kode_barang\": \"ELK-002\", \"nama_barang\": \"Proyektor LCD\", \"harga_satuan\": \"5500000.00\", \"reorder_point\": 1, \"tanggal_pembelian\": \"2022-08-15\"}, \"before\": {\"id\": 4, \"merk\": \"Epson\", \"satuan\": \"unit\", \"status\": \"rusak\", \"deskripsi\": \"Proyektor untuk presentasi - perlu perbaikan\", \"lokasi_id\": 2, \"created_at\": \"2025-12-21T13:01:44.000000Z\", \"deleted_at\": null, \"updated_at\": \"2025-12-21T13:01:45.000000Z\", \"jumlah_stok\": 123, \"kategori_id\": 1, \"kode_barang\": \"ELK-002\", \"nama_barang\": \"Proyektor LCD\", \"harga_satuan\": \"5500000.00\", \"reorder_point\": 1, \"tanggal_pembelian\": \"2022-08-15T00:00:00.000000Z\"}}', '127.0.0.1', 'Symfony', '2025-12-21 13:01:45', '2025-12-21 13:01:45');
INSERT INTO `log_aktivitas` VALUES ('45', '3', 'create', 'transaksi_barang', '13', 'Transaksi keluar barang Proyektor LCD sejumlah 14 unit', '{\"id\": 13, \"barang\": {\"id\": 4, \"merk\": \"Epson\", \"satuan\": \"unit\", \"status\": \"rusak\", \"deskripsi\": \"Proyektor untuk presentasi - perlu perbaikan\", \"lokasi_id\": 2, \"created_at\": \"2025-12-21T13:01:44.000000Z\", \"deleted_at\": null, \"updated_at\": \"2025-12-21T13:01:45.000000Z\", \"jumlah_stok\": 109, \"kategori_id\": 1, \"kode_barang\": \"ELK-002\", \"nama_barang\": \"Proyektor LCD\", \"harga_satuan\": \"5500000.00\", \"reorder_point\": 1, \"tanggal_pembelian\": \"2022-08-15T00:00:00.000000Z\"}, \"jumlah\": 14, \"user_id\": 3, \"barang_id\": 4, \"created_at\": \"2025-12-21T13:01:45.000000Z\", \"keterangan\": \"Inventaris bulanan\", \"updated_at\": \"2025-12-21T13:01:45.000000Z\", \"kode_transaksi\": \"TK-20251204-001\", \"tipe_transaksi\": \"keluar\", \"penanggung_jawab\": null, \"tanggal_transaksi\": \"2025-12-04T00:00:00.000000Z\"}', '127.0.0.1', 'Symfony', '2025-12-21 13:01:45', '2025-12-21 13:01:45');
INSERT INTO `log_aktivitas` VALUES ('46', NULL, 'update', 'barang', '4', 'Mengubah data barang: Proyektor LCD (ELK-002)', '{\"after\": {\"id\": 4, \"merk\": \"Epson\", \"satuan\": \"unit\", \"status\": \"rusak\", \"deskripsi\": \"Proyektor untuk presentasi - perlu perbaikan\", \"lokasi_id\": 2, \"created_at\": \"2025-12-21 13:01:44\", \"deleted_at\": null, \"updated_at\": \"2025-12-21 13:01:45\", \"jumlah_stok\": 152, \"kategori_id\": 1, \"kode_barang\": \"ELK-002\", \"nama_barang\": \"Proyektor LCD\", \"harga_satuan\": \"5500000.00\", \"reorder_point\": 1, \"tanggal_pembelian\": \"2022-08-15\"}, \"before\": {\"id\": 4, \"merk\": \"Epson\", \"satuan\": \"unit\", \"status\": \"rusak\", \"deskripsi\": \"Proyektor untuk presentasi - perlu perbaikan\", \"lokasi_id\": 2, \"created_at\": \"2025-12-21T13:01:44.000000Z\", \"deleted_at\": null, \"updated_at\": \"2025-12-21T13:01:45.000000Z\", \"jumlah_stok\": 109, \"kategori_id\": 1, \"kode_barang\": \"ELK-002\", \"nama_barang\": \"Proyektor LCD\", \"harga_satuan\": \"5500000.00\", \"reorder_point\": 1, \"tanggal_pembelian\": \"2022-08-15T00:00:00.000000Z\"}}', '127.0.0.1', 'Symfony', '2025-12-21 13:01:45', '2025-12-21 13:01:45');
INSERT INTO `log_aktivitas` VALUES ('47', '2', 'create', 'transaksi_barang', '14', 'Transaksi masuk barang Proyektor LCD sejumlah 43 unit', '{\"id\": 14, \"barang\": {\"id\": 4, \"merk\": \"Epson\", \"satuan\": \"unit\", \"status\": \"rusak\", \"deskripsi\": \"Proyektor untuk presentasi - perlu perbaikan\", \"lokasi_id\": 2, \"created_at\": \"2025-12-21T13:01:44.000000Z\", \"deleted_at\": null, \"updated_at\": \"2025-12-21T13:01:45.000000Z\", \"jumlah_stok\": 152, \"kategori_id\": 1, \"kode_barang\": \"ELK-002\", \"nama_barang\": \"Proyektor LCD\", \"harga_satuan\": \"5500000.00\", \"reorder_point\": 1, \"tanggal_pembelian\": \"2022-08-15T00:00:00.000000Z\"}, \"jumlah\": 43, \"user_id\": 2, \"barang_id\": 4, \"created_at\": \"2025-12-21T13:01:45.000000Z\", \"keterangan\": null, \"updated_at\": \"2025-12-21T13:01:45.000000Z\", \"kode_transaksi\": \"TM-20251204-003\", \"tipe_transaksi\": \"masuk\", \"penanggung_jawab\": null, \"tanggal_transaksi\": \"2025-12-04T00:00:00.000000Z\"}', '127.0.0.1', 'Symfony', '2025-12-21 13:01:45', '2025-12-21 13:01:45');
INSERT INTO `log_aktivitas` VALUES ('48', NULL, 'update', 'barang', '3', 'Mengubah data barang: Pulpen Hitam (ATK-001)', '{\"after\": {\"id\": 3, \"merk\": \"Standard\", \"satuan\": \"lusin\", \"status\": \"baik\", \"deskripsi\": \"Pulpen hitam untuk keperluan administrasi\", \"lokasi_id\": 7, \"created_at\": \"2025-12-21 13:01:44\", \"deleted_at\": null, \"updated_at\": \"2025-12-21 13:01:44\", \"jumlah_stok\": 7, \"kategori_id\": 3, \"kode_barang\": \"ATK-001\", \"nama_barang\": \"Pulpen Hitam\", \"harga_satuan\": \"35000.00\", \"reorder_point\": 20, \"tanggal_pembelian\": \"2024-11-10\"}, \"before\": {\"id\": 3, \"merk\": \"Standard\", \"satuan\": \"lusin\", \"status\": \"baik\", \"deskripsi\": \"Pulpen hitam untuk keperluan administrasi\", \"lokasi_id\": 7, \"created_at\": \"2025-12-21T13:01:44.000000Z\", \"deleted_at\": null, \"updated_at\": \"2025-12-21T13:01:44.000000Z\", \"jumlah_stok\": 17, \"kategori_id\": 3, \"kode_barang\": \"ATK-001\", \"nama_barang\": \"Pulpen Hitam\", \"harga_satuan\": \"35000.00\", \"reorder_point\": 20, \"tanggal_pembelian\": \"2024-11-10T00:00:00.000000Z\"}}', '127.0.0.1', 'Symfony', '2025-12-21 13:01:45', '2025-12-21 13:01:45');
INSERT INTO `log_aktivitas` VALUES ('49', '2', 'create', 'transaksi_barang', '15', 'Transaksi keluar barang Pulpen Hitam sejumlah 10 lusin', '{\"id\": 15, \"barang\": {\"id\": 3, \"merk\": \"Standard\", \"satuan\": \"lusin\", \"status\": \"baik\", \"deskripsi\": \"Pulpen hitam untuk keperluan administrasi\", \"lokasi_id\": 7, \"created_at\": \"2025-12-21T13:01:44.000000Z\", \"deleted_at\": null, \"updated_at\": \"2025-12-21T13:01:44.000000Z\", \"jumlah_stok\": 7, \"kategori_id\": 3, \"kode_barang\": \"ATK-001\", \"nama_barang\": \"Pulpen Hitam\", \"harga_satuan\": \"35000.00\", \"reorder_point\": 20, \"tanggal_pembelian\": \"2024-11-10T00:00:00.000000Z\"}, \"jumlah\": 10, \"user_id\": 2, \"barang_id\": 3, \"created_at\": \"2025-12-21T13:01:45.000000Z\", \"keterangan\": \"Pengiriman ke cabang\", \"updated_at\": \"2025-12-21T13:01:45.000000Z\", \"kode_transaksi\": \"TK-20251205-001\", \"tipe_transaksi\": \"keluar\", \"penanggung_jawab\": \"Dewi Kusuma\", \"tanggal_transaksi\": \"2025-12-05T00:00:00.000000Z\"}', '127.0.0.1', 'Symfony', '2025-12-21 13:01:45', '2025-12-21 13:01:45');
INSERT INTO `log_aktivitas` VALUES ('50', NULL, 'update', 'barang', '2', 'Mengubah data barang: Meja Belajar Siswa (FUR-001)', '{\"after\": {\"id\": 2, \"merk\": \"Olympic\", \"satuan\": \"unit\", \"status\": \"baik\", \"deskripsi\": \"Meja belajar untuk siswa\", \"lokasi_id\": 3, \"created_at\": \"2025-12-21 13:01:44\", \"deleted_at\": null, \"updated_at\": \"2025-12-21 13:01:44\", \"jumlah_stok\": 33, \"kategori_id\": 2, \"kode_barang\": \"FUR-001\", \"nama_barang\": \"Meja Belajar Siswa\", \"harga_satuan\": \"450000.00\", \"reorder_point\": 30, \"tanggal_pembelian\": \"2023-06-20\"}, \"before\": {\"id\": 2, \"merk\": \"Olympic\", \"satuan\": \"unit\", \"status\": \"baik\", \"deskripsi\": \"Meja belajar untuk siswa\", \"lokasi_id\": 3, \"created_at\": \"2025-12-21T13:01:44.000000Z\", \"deleted_at\": null, \"updated_at\": \"2025-12-21T13:01:44.000000Z\", \"jumlah_stok\": 35, \"kategori_id\": 2, \"kode_barang\": \"FUR-001\", \"nama_barang\": \"Meja Belajar Siswa\", \"harga_satuan\": \"450000.00\", \"reorder_point\": 30, \"tanggal_pembelian\": \"2023-06-20T00:00:00.000000Z\"}}', '127.0.0.1', 'Symfony', '2025-12-21 13:01:45', '2025-12-21 13:01:45');
INSERT INTO `log_aktivitas` VALUES ('51', '1', 'create', 'transaksi_barang', '16', 'Transaksi keluar barang Meja Belajar Siswa sejumlah 2 unit', '{\"id\": 16, \"barang\": {\"id\": 2, \"merk\": \"Olympic\", \"satuan\": \"unit\", \"status\": \"baik\", \"deskripsi\": \"Meja belajar untuk siswa\", \"lokasi_id\": 3, \"created_at\": \"2025-12-21T13:01:44.000000Z\", \"deleted_at\": null, \"updated_at\": \"2025-12-21T13:01:44.000000Z\", \"jumlah_stok\": 33, \"kategori_id\": 2, \"kode_barang\": \"FUR-001\", \"nama_barang\": \"Meja Belajar Siswa\", \"harga_satuan\": \"450000.00\", \"reorder_point\": 30, \"tanggal_pembelian\": \"2023-06-20T00:00:00.000000Z\"}, \"jumlah\": 2, \"user_id\": 1, \"barang_id\": 2, \"created_at\": \"2025-12-21T13:01:45.000000Z\", \"keterangan\": null, \"updated_at\": \"2025-12-21T13:01:45.000000Z\", \"kode_transaksi\": \"TK-20251206-001\", \"tipe_transaksi\": \"keluar\", \"penanggung_jawab\": \"Maria Santoso\", \"tanggal_transaksi\": \"2025-12-06T00:00:00.000000Z\"}', '127.0.0.1', 'Symfony', '2025-12-21 13:01:45', '2025-12-21 13:01:45');
INSERT INTO `log_aktivitas` VALUES ('52', NULL, 'update', 'barang', '1', 'Mengubah data barang: Komputer Desktop Dell (ELK-001)', '{\"after\": {\"id\": 1, \"merk\": \"Dell\", \"satuan\": \"unit\", \"status\": \"baik\", \"deskripsi\": \"Komputer desktop untuk lab komputer\", \"lokasi_id\": 4, \"created_at\": \"2025-12-21 13:01:44\", \"deleted_at\": null, \"updated_at\": \"2025-12-21 13:01:45\", \"jumlah_stok\": 82, \"kategori_id\": 1, \"kode_barang\": \"ELK-001\", \"nama_barang\": \"Komputer Desktop Dell\", \"harga_satuan\": \"8500000.00\", \"reorder_point\": 5, \"tanggal_pembelian\": \"2023-01-15\"}, \"before\": {\"id\": 1, \"merk\": \"Dell\", \"satuan\": \"unit\", \"status\": \"baik\", \"deskripsi\": \"Komputer desktop untuk lab komputer\", \"lokasi_id\": 4, \"created_at\": \"2025-12-21T13:01:44.000000Z\", \"deleted_at\": null, \"updated_at\": \"2025-12-21T13:01:45.000000Z\", \"jumlah_stok\": 47, \"kategori_id\": 1, \"kode_barang\": \"ELK-001\", \"nama_barang\": \"Komputer Desktop Dell\", \"harga_satuan\": \"8500000.00\", \"reorder_point\": 5, \"tanggal_pembelian\": \"2023-01-15T00:00:00.000000Z\"}}', '127.0.0.1', 'Symfony', '2025-12-21 13:01:45', '2025-12-21 13:01:45');
INSERT INTO `log_aktivitas` VALUES ('53', '1', 'create', 'transaksi_barang', '17', 'Transaksi masuk barang Komputer Desktop Dell sejumlah 35 unit', '{\"id\": 17, \"barang\": {\"id\": 1, \"merk\": \"Dell\", \"satuan\": \"unit\", \"status\": \"baik\", \"deskripsi\": \"Komputer desktop untuk lab komputer\", \"lokasi_id\": 4, \"created_at\": \"2025-12-21T13:01:44.000000Z\", \"deleted_at\": null, \"updated_at\": \"2025-12-21T13:01:45.000000Z\", \"jumlah_stok\": 82, \"kategori_id\": 1, \"kode_barang\": \"ELK-001\", \"nama_barang\": \"Komputer Desktop Dell\", \"harga_satuan\": \"8500000.00\", \"reorder_point\": 5, \"tanggal_pembelian\": \"2023-01-15T00:00:00.000000Z\"}, \"jumlah\": 35, \"user_id\": 1, \"barang_id\": 1, \"created_at\": \"2025-12-21T13:01:45.000000Z\", \"keterangan\": \"Koreksi stok\", \"updated_at\": \"2025-12-21T13:01:45.000000Z\", \"kode_transaksi\": \"TM-20251206-001\", \"tipe_transaksi\": \"masuk\", \"penanggung_jawab\": \"Ahmad Rahman\", \"tanggal_transaksi\": \"2025-12-06T00:00:00.000000Z\"}', '127.0.0.1', 'Symfony', '2025-12-21 13:01:45', '2025-12-21 13:01:45');
INSERT INTO `log_aktivitas` VALUES ('54', NULL, 'update', 'barang', '5', 'Mengubah data barang: Buku Matematika Kelas 7 (BKU-001)', '{\"after\": {\"id\": 5, \"merk\": \"Erlangga\", \"satuan\": \"eksemplar\", \"status\": \"baik\", \"deskripsi\": \"Buku pelajaran matematika untuk kelas 7\", \"lokasi_id\": 5, \"created_at\": \"2025-12-21 13:01:44\", \"deleted_at\": null, \"updated_at\": \"2025-12-21 13:01:45\", \"jumlah_stok\": 78, \"kategori_id\": 6, \"kode_barang\": \"BKU-001\", \"nama_barang\": \"Buku Matematika Kelas 7\", \"harga_satuan\": \"85000.00\", \"reorder_point\": 30, \"tanggal_pembelian\": \"2024-07-01\"}, \"before\": {\"id\": 5, \"merk\": \"Erlangga\", \"satuan\": \"eksemplar\", \"status\": \"baik\", \"deskripsi\": \"Buku pelajaran matematika untuk kelas 7\", \"lokasi_id\": 5, \"created_at\": \"2025-12-21T13:01:44.000000Z\", \"deleted_at\": null, \"updated_at\": \"2025-12-21T13:01:45.000000Z\", \"jumlah_stok\": 97, \"kategori_id\": 6, \"kode_barang\": \"BKU-001\", \"nama_barang\": \"Buku Matematika Kelas 7\", \"harga_satuan\": \"85000.00\", \"reorder_point\": 30, \"tanggal_pembelian\": \"2024-07-01T00:00:00.000000Z\"}}', '127.0.0.1', 'Symfony', '2025-12-21 13:01:45', '2025-12-21 13:01:45');
INSERT INTO `log_aktivitas` VALUES ('55', '2', 'create', 'transaksi_barang', '18', 'Transaksi keluar barang Buku Matematika Kelas 7 sejumlah 19 eksemplar', '{\"id\": 18, \"barang\": {\"id\": 5, \"merk\": \"Erlangga\", \"satuan\": \"eksemplar\", \"status\": \"baik\", \"deskripsi\": \"Buku pelajaran matematika untuk kelas 7\", \"lokasi_id\": 5, \"created_at\": \"2025-12-21T13:01:44.000000Z\", \"deleted_at\": null, \"updated_at\": \"2025-12-21T13:01:45.000000Z\", \"jumlah_stok\": 78, \"kategori_id\": 6, \"kode_barang\": \"BKU-001\", \"nama_barang\": \"Buku Matematika Kelas 7\", \"harga_satuan\": \"85000.00\", \"reorder_point\": 30, \"tanggal_pembelian\": \"2024-07-01T00:00:00.000000Z\"}, \"jumlah\": 19, \"user_id\": 2, \"barang_id\": 5, \"created_at\": \"2025-12-21T13:01:45.000000Z\", \"keterangan\": null, \"updated_at\": \"2025-12-21T13:01:45.000000Z\", \"kode_transaksi\": \"TK-20251207-001\", \"tipe_transaksi\": \"keluar\", \"penanggung_jawab\": \"Eka Putri\", \"tanggal_transaksi\": \"2025-12-07T00:00:00.000000Z\"}', '127.0.0.1', 'Symfony', '2025-12-21 13:01:45', '2025-12-21 13:01:45');
INSERT INTO `log_aktivitas` VALUES ('56', NULL, 'update', 'barang', '4', 'Mengubah data barang: Proyektor LCD (ELK-002)', '{\"after\": {\"id\": 4, \"merk\": \"Epson\", \"satuan\": \"unit\", \"status\": \"rusak\", \"deskripsi\": \"Proyektor untuk presentasi - perlu perbaikan\", \"lokasi_id\": 2, \"created_at\": \"2025-12-21 13:01:44\", \"deleted_at\": null, \"updated_at\": \"2025-12-21 13:01:45\", \"jumlah_stok\": 187, \"kategori_id\": 1, \"kode_barang\": \"ELK-002\", \"nama_barang\": \"Proyektor LCD\", \"harga_satuan\": \"5500000.00\", \"reorder_point\": 1, \"tanggal_pembelian\": \"2022-08-15\"}, \"before\": {\"id\": 4, \"merk\": \"Epson\", \"satuan\": \"unit\", \"status\": \"rusak\", \"deskripsi\": \"Proyektor untuk presentasi - perlu perbaikan\", \"lokasi_id\": 2, \"created_at\": \"2025-12-21T13:01:44.000000Z\", \"deleted_at\": null, \"updated_at\": \"2025-12-21T13:01:45.000000Z\", \"jumlah_stok\": 152, \"kategori_id\": 1, \"kode_barang\": \"ELK-002\", \"nama_barang\": \"Proyektor LCD\", \"harga_satuan\": \"5500000.00\", \"reorder_point\": 1, \"tanggal_pembelian\": \"2022-08-15T00:00:00.000000Z\"}}', '127.0.0.1', 'Symfony', '2025-12-21 13:01:45', '2025-12-21 13:01:45');
INSERT INTO `log_aktivitas` VALUES ('57', '2', 'create', 'transaksi_barang', '19', 'Transaksi masuk barang Proyektor LCD sejumlah 35 unit', '{\"id\": 19, \"barang\": {\"id\": 4, \"merk\": \"Epson\", \"satuan\": \"unit\", \"status\": \"rusak\", \"deskripsi\": \"Proyektor untuk presentasi - perlu perbaikan\", \"lokasi_id\": 2, \"created_at\": \"2025-12-21T13:01:44.000000Z\", \"deleted_at\": null, \"updated_at\": \"2025-12-21T13:01:45.000000Z\", \"jumlah_stok\": 187, \"kategori_id\": 1, \"kode_barang\": \"ELK-002\", \"nama_barang\": \"Proyektor LCD\", \"harga_satuan\": \"5500000.00\", \"reorder_point\": 1, \"tanggal_pembelian\": \"2022-08-15T00:00:00.000000Z\"}, \"jumlah\": 35, \"user_id\": 2, \"barang_id\": 4, \"created_at\": \"2025-12-21T13:01:45.000000Z\", \"keterangan\": \"Pengiriman ke cabang\", \"updated_at\": \"2025-12-21T13:01:45.000000Z\", \"kode_transaksi\": \"TM-20251208-001\", \"tipe_transaksi\": \"masuk\", \"penanggung_jawab\": null, \"tanggal_transaksi\": \"2025-12-08T00:00:00.000000Z\"}', '127.0.0.1', 'Symfony', '2025-12-21 13:01:45', '2025-12-21 13:01:45');
INSERT INTO `log_aktivitas` VALUES ('58', NULL, 'update', 'barang', '2', 'Mengubah data barang: Meja Belajar Siswa (FUR-001)', '{\"after\": {\"id\": 2, \"merk\": \"Olympic\", \"satuan\": \"unit\", \"status\": \"baik\", \"deskripsi\": \"Meja belajar untuk siswa\", \"lokasi_id\": 3, \"created_at\": \"2025-12-21 13:01:44\", \"deleted_at\": null, \"updated_at\": \"2025-12-21 13:01:45\", \"jumlah_stok\": 62, \"kategori_id\": 2, \"kode_barang\": \"FUR-001\", \"nama_barang\": \"Meja Belajar Siswa\", \"harga_satuan\": \"450000.00\", \"reorder_point\": 30, \"tanggal_pembelian\": \"2023-06-20\"}, \"before\": {\"id\": 2, \"merk\": \"Olympic\", \"satuan\": \"unit\", \"status\": \"baik\", \"deskripsi\": \"Meja belajar untuk siswa\", \"lokasi_id\": 3, \"created_at\": \"2025-12-21T13:01:44.000000Z\", \"deleted_at\": null, \"updated_at\": \"2025-12-21T13:01:45.000000Z\", \"jumlah_stok\": 33, \"kategori_id\": 2, \"kode_barang\": \"FUR-001\", \"nama_barang\": \"Meja Belajar Siswa\", \"harga_satuan\": \"450000.00\", \"reorder_point\": 30, \"tanggal_pembelian\": \"2023-06-20T00:00:00.000000Z\"}}', '127.0.0.1', 'Symfony', '2025-12-21 13:01:45', '2025-12-21 13:01:45');
INSERT INTO `log_aktivitas` VALUES ('59', '3', 'create', 'transaksi_barang', '20', 'Transaksi masuk barang Meja Belajar Siswa sejumlah 29 unit', '{\"id\": 20, \"barang\": {\"id\": 2, \"merk\": \"Olympic\", \"satuan\": \"unit\", \"status\": \"baik\", \"deskripsi\": \"Meja belajar untuk siswa\", \"lokasi_id\": 3, \"created_at\": \"2025-12-21T13:01:44.000000Z\", \"deleted_at\": null, \"updated_at\": \"2025-12-21T13:01:45.000000Z\", \"jumlah_stok\": 62, \"kategori_id\": 2, \"kode_barang\": \"FUR-001\", \"nama_barang\": \"Meja Belajar Siswa\", \"harga_satuan\": \"450000.00\", \"reorder_point\": 30, \"tanggal_pembelian\": \"2023-06-20T00:00:00.000000Z\"}, \"jumlah\": 29, \"user_id\": 3, \"barang_id\": 2, \"created_at\": \"2025-12-21T13:01:45.000000Z\", \"keterangan\": null, \"updated_at\": \"2025-12-21T13:01:45.000000Z\", \"kode_transaksi\": \"TM-20251208-002\", \"tipe_transaksi\": \"masuk\", \"penanggung_jawab\": null, \"tanggal_transaksi\": \"2025-12-08T00:00:00.000000Z\"}', '127.0.0.1', 'Symfony', '2025-12-21 13:01:45', '2025-12-21 13:01:45');
INSERT INTO `log_aktivitas` VALUES ('60', NULL, 'update', 'barang', '3', 'Mengubah data barang: Pulpen Hitam (ATK-001)', '{\"after\": {\"id\": 3, \"merk\": \"Standard\", \"satuan\": \"lusin\", \"status\": \"baik\", \"deskripsi\": \"Pulpen hitam untuk keperluan administrasi\", \"lokasi_id\": 7, \"created_at\": \"2025-12-21 13:01:44\", \"deleted_at\": null, \"updated_at\": \"2025-12-21 13:01:45\", \"jumlah_stok\": 22, \"kategori_id\": 3, \"kode_barang\": \"ATK-001\", \"nama_barang\": \"Pulpen Hitam\", \"harga_satuan\": \"35000.00\", \"reorder_point\": 20, \"tanggal_pembelian\": \"2024-11-10\"}, \"before\": {\"id\": 3, \"merk\": \"Standard\", \"satuan\": \"lusin\", \"status\": \"baik\", \"deskripsi\": \"Pulpen hitam untuk keperluan administrasi\", \"lokasi_id\": 7, \"created_at\": \"2025-12-21T13:01:44.000000Z\", \"deleted_at\": null, \"updated_at\": \"2025-12-21T13:01:45.000000Z\", \"jumlah_stok\": 7, \"kategori_id\": 3, \"kode_barang\": \"ATK-001\", \"nama_barang\": \"Pulpen Hitam\", \"harga_satuan\": \"35000.00\", \"reorder_point\": 20, \"tanggal_pembelian\": \"2024-11-10T00:00:00.000000Z\"}}', '127.0.0.1', 'Symfony', '2025-12-21 13:01:45', '2025-12-21 13:01:45');
INSERT INTO `log_aktivitas` VALUES ('61', '1', 'create', 'transaksi_barang', '21', 'Transaksi masuk barang Pulpen Hitam sejumlah 15 lusin', '{\"id\": 21, \"barang\": {\"id\": 3, \"merk\": \"Standard\", \"satuan\": \"lusin\", \"status\": \"baik\", \"deskripsi\": \"Pulpen hitam untuk keperluan administrasi\", \"lokasi_id\": 7, \"created_at\": \"2025-12-21T13:01:44.000000Z\", \"deleted_at\": null, \"updated_at\": \"2025-12-21T13:01:45.000000Z\", \"jumlah_stok\": 22, \"kategori_id\": 3, \"kode_barang\": \"ATK-001\", \"nama_barang\": \"Pulpen Hitam\", \"harga_satuan\": \"35000.00\", \"reorder_point\": 20, \"tanggal_pembelian\": \"2024-11-10T00:00:00.000000Z\"}, \"jumlah\": 15, \"user_id\": 1, \"barang_id\": 3, \"created_at\": \"2025-12-21T13:01:45.000000Z\", \"keterangan\": null, \"updated_at\": \"2025-12-21T13:01:45.000000Z\", \"kode_transaksi\": \"TM-20251208-003\", \"tipe_transaksi\": \"masuk\", \"penanggung_jawab\": null, \"tanggal_transaksi\": \"2025-12-08T00:00:00.000000Z\"}', '127.0.0.1', 'Symfony', '2025-12-21 13:01:45', '2025-12-21 13:01:45');
INSERT INTO `log_aktivitas` VALUES ('62', NULL, 'update', 'barang', '2', 'Mengubah data barang: Meja Belajar Siswa (FUR-001)', '{\"after\": {\"id\": 2, \"merk\": \"Olympic\", \"satuan\": \"unit\", \"status\": \"baik\", \"deskripsi\": \"Meja belajar untuk siswa\", \"lokasi_id\": 3, \"created_at\": \"2025-12-21 13:01:44\", \"deleted_at\": null, \"updated_at\": \"2025-12-21 13:01:45\", \"jumlah_stok\": 54, \"kategori_id\": 2, \"kode_barang\": \"FUR-001\", \"nama_barang\": \"Meja Belajar Siswa\", \"harga_satuan\": \"450000.00\", \"reorder_point\": 30, \"tanggal_pembelian\": \"2023-06-20\"}, \"before\": {\"id\": 2, \"merk\": \"Olympic\", \"satuan\": \"unit\", \"status\": \"baik\", \"deskripsi\": \"Meja belajar untuk siswa\", \"lokasi_id\": 3, \"created_at\": \"2025-12-21T13:01:44.000000Z\", \"deleted_at\": null, \"updated_at\": \"2025-12-21T13:01:45.000000Z\", \"jumlah_stok\": 62, \"kategori_id\": 2, \"kode_barang\": \"FUR-001\", \"nama_barang\": \"Meja Belajar Siswa\", \"harga_satuan\": \"450000.00\", \"reorder_point\": 30, \"tanggal_pembelian\": \"2023-06-20T00:00:00.000000Z\"}}', '127.0.0.1', 'Symfony', '2025-12-21 13:01:45', '2025-12-21 13:01:45');
INSERT INTO `log_aktivitas` VALUES ('63', '2', 'create', 'transaksi_barang', '22', 'Transaksi keluar barang Meja Belajar Siswa sejumlah 8 unit', '{\"id\": 22, \"barang\": {\"id\": 2, \"merk\": \"Olympic\", \"satuan\": \"unit\", \"status\": \"baik\", \"deskripsi\": \"Meja belajar untuk siswa\", \"lokasi_id\": 3, \"created_at\": \"2025-12-21T13:01:44.000000Z\", \"deleted_at\": null, \"updated_at\": \"2025-12-21T13:01:45.000000Z\", \"jumlah_stok\": 54, \"kategori_id\": 2, \"kode_barang\": \"FUR-001\", \"nama_barang\": \"Meja Belajar Siswa\", \"harga_satuan\": \"450000.00\", \"reorder_point\": 30, \"tanggal_pembelian\": \"2023-06-20T00:00:00.000000Z\"}, \"jumlah\": 8, \"user_id\": 2, \"barang_id\": 2, \"created_at\": \"2025-12-21T13:01:45.000000Z\", \"keterangan\": null, \"updated_at\": \"2025-12-21T13:01:45.000000Z\", \"kode_transaksi\": \"TK-20251208-001\", \"tipe_transaksi\": \"keluar\", \"penanggung_jawab\": \"Siti Nurhaliza\", \"tanggal_transaksi\": \"2025-12-08T00:00:00.000000Z\"}', '127.0.0.1', 'Symfony', '2025-12-21 13:01:45', '2025-12-21 13:01:45');
INSERT INTO `log_aktivitas` VALUES ('64', NULL, 'update', 'barang', '2', 'Mengubah data barang: Meja Belajar Siswa (FUR-001)', '{\"after\": {\"id\": 2, \"merk\": \"Olympic\", \"satuan\": \"unit\", \"status\": \"baik\", \"deskripsi\": \"Meja belajar untuk siswa\", \"lokasi_id\": 3, \"created_at\": \"2025-12-21 13:01:44\", \"deleted_at\": null, \"updated_at\": \"2025-12-21 13:01:45\", \"jumlah_stok\": 40, \"kategori_id\": 2, \"kode_barang\": \"FUR-001\", \"nama_barang\": \"Meja Belajar Siswa\", \"harga_satuan\": \"450000.00\", \"reorder_point\": 30, \"tanggal_pembelian\": \"2023-06-20\"}, \"before\": {\"id\": 2, \"merk\": \"Olympic\", \"satuan\": \"unit\", \"status\": \"baik\", \"deskripsi\": \"Meja belajar untuk siswa\", \"lokasi_id\": 3, \"created_at\": \"2025-12-21T13:01:44.000000Z\", \"deleted_at\": null, \"updated_at\": \"2025-12-21T13:01:45.000000Z\", \"jumlah_stok\": 54, \"kategori_id\": 2, \"kode_barang\": \"FUR-001\", \"nama_barang\": \"Meja Belajar Siswa\", \"harga_satuan\": \"450000.00\", \"reorder_point\": 30, \"tanggal_pembelian\": \"2023-06-20T00:00:00.000000Z\"}}', '127.0.0.1', 'Symfony', '2025-12-21 13:01:45', '2025-12-21 13:01:45');
INSERT INTO `log_aktivitas` VALUES ('65', '3', 'create', 'transaksi_barang', '23', 'Transaksi keluar barang Meja Belajar Siswa sejumlah 14 unit', '{\"id\": 23, \"barang\": {\"id\": 2, \"merk\": \"Olympic\", \"satuan\": \"unit\", \"status\": \"baik\", \"deskripsi\": \"Meja belajar untuk siswa\", \"lokasi_id\": 3, \"created_at\": \"2025-12-21T13:01:44.000000Z\", \"deleted_at\": null, \"updated_at\": \"2025-12-21T13:01:45.000000Z\", \"jumlah_stok\": 40, \"kategori_id\": 2, \"kode_barang\": \"FUR-001\", \"nama_barang\": \"Meja Belajar Siswa\", \"harga_satuan\": \"450000.00\", \"reorder_point\": 30, \"tanggal_pembelian\": \"2023-06-20T00:00:00.000000Z\"}, \"jumlah\": 14, \"user_id\": 3, \"barang_id\": 2, \"created_at\": \"2025-12-21T13:01:45.000000Z\", \"keterangan\": null, \"updated_at\": \"2025-12-21T13:01:45.000000Z\", \"kode_transaksi\": \"TK-20251208-002\", \"tipe_transaksi\": \"keluar\", \"penanggung_jawab\": \"Maria Santoso\", \"tanggal_transaksi\": \"2025-12-08T00:00:00.000000Z\"}', '127.0.0.1', 'Symfony', '2025-12-21 13:01:45', '2025-12-21 13:01:45');
INSERT INTO `log_aktivitas` VALUES ('66', NULL, 'update', 'barang', '3', 'Mengubah data barang: Pulpen Hitam (ATK-001)', '{\"after\": {\"id\": 3, \"merk\": \"Standard\", \"satuan\": \"lusin\", \"status\": \"baik\", \"deskripsi\": \"Pulpen hitam untuk keperluan administrasi\", \"lokasi_id\": 7, \"created_at\": \"2025-12-21 13:01:44\", \"deleted_at\": null, \"updated_at\": \"2025-12-21 13:01:45\", \"jumlah_stok\": 3, \"kategori_id\": 3, \"kode_barang\": \"ATK-001\", \"nama_barang\": \"Pulpen Hitam\", \"harga_satuan\": \"35000.00\", \"reorder_point\": 20, \"tanggal_pembelian\": \"2024-11-10\"}, \"before\": {\"id\": 3, \"merk\": \"Standard\", \"satuan\": \"lusin\", \"status\": \"baik\", \"deskripsi\": \"Pulpen hitam untuk keperluan administrasi\", \"lokasi_id\": 7, \"created_at\": \"2025-12-21T13:01:44.000000Z\", \"deleted_at\": null, \"updated_at\": \"2025-12-21T13:01:45.000000Z\", \"jumlah_stok\": 22, \"kategori_id\": 3, \"kode_barang\": \"ATK-001\", \"nama_barang\": \"Pulpen Hitam\", \"harga_satuan\": \"35000.00\", \"reorder_point\": 20, \"tanggal_pembelian\": \"2024-11-10T00:00:00.000000Z\"}}', '127.0.0.1', 'Symfony', '2025-12-21 13:01:45', '2025-12-21 13:01:45');
INSERT INTO `log_aktivitas` VALUES ('67', '3', 'create', 'transaksi_barang', '24', 'Transaksi keluar barang Pulpen Hitam sejumlah 19 lusin', '{\"id\": 24, \"barang\": {\"id\": 3, \"merk\": \"Standard\", \"satuan\": \"lusin\", \"status\": \"baik\", \"deskripsi\": \"Pulpen hitam untuk keperluan administrasi\", \"lokasi_id\": 7, \"created_at\": \"2025-12-21T13:01:44.000000Z\", \"deleted_at\": null, \"updated_at\": \"2025-12-21T13:01:45.000000Z\", \"jumlah_stok\": 3, \"kategori_id\": 3, \"kode_barang\": \"ATK-001\", \"nama_barang\": \"Pulpen Hitam\", \"harga_satuan\": \"35000.00\", \"reorder_point\": 20, \"tanggal_pembelian\": \"2024-11-10T00:00:00.000000Z\"}, \"jumlah\": 19, \"user_id\": 3, \"barang_id\": 3, \"created_at\": \"2025-12-21T13:01:45.000000Z\", \"keterangan\": \"Distribusi ke toko\", \"updated_at\": \"2025-12-21T13:01:45.000000Z\", \"kode_transaksi\": \"TK-20251209-001\", \"tipe_transaksi\": \"keluar\", \"penanggung_jawab\": null, \"tanggal_transaksi\": \"2025-12-09T00:00:00.000000Z\"}', '127.0.0.1', 'Symfony', '2025-12-21 13:01:45', '2025-12-21 13:01:45');
INSERT INTO `log_aktivitas` VALUES ('68', NULL, 'update', 'barang', '3', 'Mengubah data barang: Pulpen Hitam (ATK-001)', '{\"after\": {\"id\": 3, \"merk\": \"Standard\", \"satuan\": \"lusin\", \"status\": \"baik\", \"deskripsi\": \"Pulpen hitam untuk keperluan administrasi\", \"lokasi_id\": 7, \"created_at\": \"2025-12-21 13:01:44\", \"deleted_at\": null, \"updated_at\": \"2025-12-21 13:01:45\", \"jumlah_stok\": 23, \"kategori_id\": 3, \"kode_barang\": \"ATK-001\", \"nama_barang\": \"Pulpen Hitam\", \"harga_satuan\": \"35000.00\", \"reorder_point\": 20, \"tanggal_pembelian\": \"2024-11-10\"}, \"before\": {\"id\": 3, \"merk\": \"Standard\", \"satuan\": \"lusin\", \"status\": \"baik\", \"deskripsi\": \"Pulpen hitam untuk keperluan administrasi\", \"lokasi_id\": 7, \"created_at\": \"2025-12-21T13:01:44.000000Z\", \"deleted_at\": null, \"updated_at\": \"2025-12-21T13:01:45.000000Z\", \"jumlah_stok\": 3, \"kategori_id\": 3, \"kode_barang\": \"ATK-001\", \"nama_barang\": \"Pulpen Hitam\", \"harga_satuan\": \"35000.00\", \"reorder_point\": 20, \"tanggal_pembelian\": \"2024-11-10T00:00:00.000000Z\"}}', '127.0.0.1', 'Symfony', '2025-12-21 13:01:45', '2025-12-21 13:01:45');
INSERT INTO `log_aktivitas` VALUES ('69', '1', 'create', 'transaksi_barang', '25', 'Transaksi masuk barang Pulpen Hitam sejumlah 20 lusin', '{\"id\": 25, \"barang\": {\"id\": 3, \"merk\": \"Standard\", \"satuan\": \"lusin\", \"status\": \"baik\", \"deskripsi\": \"Pulpen hitam untuk keperluan administrasi\", \"lokasi_id\": 7, \"created_at\": \"2025-12-21T13:01:44.000000Z\", \"deleted_at\": null, \"updated_at\": \"2025-12-21T13:01:45.000000Z\", \"jumlah_stok\": 23, \"kategori_id\": 3, \"kode_barang\": \"ATK-001\", \"nama_barang\": \"Pulpen Hitam\", \"harga_satuan\": \"35000.00\", \"reorder_point\": 20, \"tanggal_pembelian\": \"2024-11-10T00:00:00.000000Z\"}, \"jumlah\": 20, \"user_id\": 1, \"barang_id\": 3, \"created_at\": \"2025-12-21T13:01:45.000000Z\", \"keterangan\": \"Distribusi ke toko\", \"updated_at\": \"2025-12-21T13:01:45.000000Z\", \"kode_transaksi\": \"TM-20251210-001\", \"tipe_transaksi\": \"masuk\", \"penanggung_jawab\": \"Eka Putri\", \"tanggal_transaksi\": \"2025-12-10T00:00:00.000000Z\"}', '127.0.0.1', 'Symfony', '2025-12-21 13:01:45', '2025-12-21 13:01:45');
INSERT INTO `log_aktivitas` VALUES ('70', NULL, 'update', 'barang', '3', 'Mengubah data barang: Pulpen Hitam (ATK-001)', '{\"after\": {\"id\": 3, \"merk\": \"Standard\", \"satuan\": \"lusin\", \"status\": \"baik\", \"deskripsi\": \"Pulpen hitam untuk keperluan administrasi\", \"lokasi_id\": 7, \"created_at\": \"2025-12-21 13:01:44\", \"deleted_at\": null, \"updated_at\": \"2025-12-21 13:01:45\", \"jumlah_stok\": 3, \"kategori_id\": 3, \"kode_barang\": \"ATK-001\", \"nama_barang\": \"Pulpen Hitam\", \"harga_satuan\": \"35000.00\", \"reorder_point\": 20, \"tanggal_pembelian\": \"2024-11-10\"}, \"before\": {\"id\": 3, \"merk\": \"Standard\", \"satuan\": \"lusin\", \"status\": \"baik\", \"deskripsi\": \"Pulpen hitam untuk keperluan administrasi\", \"lokasi_id\": 7, \"created_at\": \"2025-12-21T13:01:44.000000Z\", \"deleted_at\": null, \"updated_at\": \"2025-12-21T13:01:45.000000Z\", \"jumlah_stok\": 23, \"kategori_id\": 3, \"kode_barang\": \"ATK-001\", \"nama_barang\": \"Pulpen Hitam\", \"harga_satuan\": \"35000.00\", \"reorder_point\": 20, \"tanggal_pembelian\": \"2024-11-10T00:00:00.000000Z\"}}', '127.0.0.1', 'Symfony', '2025-12-21 13:01:45', '2025-12-21 13:01:45');
INSERT INTO `log_aktivitas` VALUES ('71', '1', 'create', 'transaksi_barang', '26', 'Transaksi keluar barang Pulpen Hitam sejumlah 20 lusin', '{\"id\": 26, \"barang\": {\"id\": 3, \"merk\": \"Standard\", \"satuan\": \"lusin\", \"status\": \"baik\", \"deskripsi\": \"Pulpen hitam untuk keperluan administrasi\", \"lokasi_id\": 7, \"created_at\": \"2025-12-21T13:01:44.000000Z\", \"deleted_at\": null, \"updated_at\": \"2025-12-21T13:01:45.000000Z\", \"jumlah_stok\": 3, \"kategori_id\": 3, \"kode_barang\": \"ATK-001\", \"nama_barang\": \"Pulpen Hitam\", \"harga_satuan\": \"35000.00\", \"reorder_point\": 20, \"tanggal_pembelian\": \"2024-11-10T00:00:00.000000Z\"}, \"jumlah\": 20, \"user_id\": 1, \"barang_id\": 3, \"created_at\": \"2025-12-21T13:01:45.000000Z\", \"keterangan\": null, \"updated_at\": \"2025-12-21T13:01:45.000000Z\", \"kode_transaksi\": \"TK-20251210-001\", \"tipe_transaksi\": \"keluar\", \"penanggung_jawab\": \"Eka Putri\", \"tanggal_transaksi\": \"2025-12-10T00:00:00.000000Z\"}', '127.0.0.1', 'Symfony', '2025-12-21 13:01:45', '2025-12-21 13:01:45');
INSERT INTO `log_aktivitas` VALUES ('72', NULL, 'update', 'barang', '2', 'Mengubah data barang: Meja Belajar Siswa (FUR-001)', '{\"after\": {\"id\": 2, \"merk\": \"Olympic\", \"satuan\": \"unit\", \"status\": \"baik\", \"deskripsi\": \"Meja belajar untuk siswa\", \"lokasi_id\": 3, \"created_at\": \"2025-12-21 13:01:44\", \"deleted_at\": null, \"updated_at\": \"2025-12-21 13:01:45\", \"jumlah_stok\": 28, \"kategori_id\": 2, \"kode_barang\": \"FUR-001\", \"nama_barang\": \"Meja Belajar Siswa\", \"harga_satuan\": \"450000.00\", \"reorder_point\": 30, \"tanggal_pembelian\": \"2023-06-20\"}, \"before\": {\"id\": 2, \"merk\": \"Olympic\", \"satuan\": \"unit\", \"status\": \"baik\", \"deskripsi\": \"Meja belajar untuk siswa\", \"lokasi_id\": 3, \"created_at\": \"2025-12-21T13:01:44.000000Z\", \"deleted_at\": null, \"updated_at\": \"2025-12-21T13:01:45.000000Z\", \"jumlah_stok\": 40, \"kategori_id\": 2, \"kode_barang\": \"FUR-001\", \"nama_barang\": \"Meja Belajar Siswa\", \"harga_satuan\": \"450000.00\", \"reorder_point\": 30, \"tanggal_pembelian\": \"2023-06-20T00:00:00.000000Z\"}}', '127.0.0.1', 'Symfony', '2025-12-21 13:01:45', '2025-12-21 13:01:45');
INSERT INTO `log_aktivitas` VALUES ('73', '3', 'create', 'transaksi_barang', '27', 'Transaksi keluar barang Meja Belajar Siswa sejumlah 12 unit', '{\"id\": 27, \"barang\": {\"id\": 2, \"merk\": \"Olympic\", \"satuan\": \"unit\", \"status\": \"baik\", \"deskripsi\": \"Meja belajar untuk siswa\", \"lokasi_id\": 3, \"created_at\": \"2025-12-21T13:01:44.000000Z\", \"deleted_at\": null, \"updated_at\": \"2025-12-21T13:01:45.000000Z\", \"jumlah_stok\": 28, \"kategori_id\": 2, \"kode_barang\": \"FUR-001\", \"nama_barang\": \"Meja Belajar Siswa\", \"harga_satuan\": \"450000.00\", \"reorder_point\": 30, \"tanggal_pembelian\": \"2023-06-20T00:00:00.000000Z\"}, \"jumlah\": 12, \"user_id\": 3, \"barang_id\": 2, \"created_at\": \"2025-12-21T13:01:45.000000Z\", \"keterangan\": \"Penyimpanan di gudang\", \"updated_at\": \"2025-12-21T13:01:45.000000Z\", \"kode_transaksi\": \"TK-20251210-002\", \"tipe_transaksi\": \"keluar\", \"penanggung_jawab\": null, \"tanggal_transaksi\": \"2025-12-10T00:00:00.000000Z\"}', '127.0.0.1', 'Symfony', '2025-12-21 13:01:45', '2025-12-21 13:01:45');
INSERT INTO `log_aktivitas` VALUES ('74', NULL, 'update', 'barang', '4', 'Mengubah data barang: Proyektor LCD (ELK-002)', '{\"after\": {\"id\": 4, \"merk\": \"Epson\", \"satuan\": \"unit\", \"status\": \"rusak\", \"deskripsi\": \"Proyektor untuk presentasi - perlu perbaikan\", \"lokasi_id\": 2, \"created_at\": \"2025-12-21 13:01:44\", \"deleted_at\": null, \"updated_at\": \"2025-12-21 13:01:45\", \"jumlah_stok\": 173, \"kategori_id\": 1, \"kode_barang\": \"ELK-002\", \"nama_barang\": \"Proyektor LCD\", \"harga_satuan\": \"5500000.00\", \"reorder_point\": 1, \"tanggal_pembelian\": \"2022-08-15\"}, \"before\": {\"id\": 4, \"merk\": \"Epson\", \"satuan\": \"unit\", \"status\": \"rusak\", \"deskripsi\": \"Proyektor untuk presentasi - perlu perbaikan\", \"lokasi_id\": 2, \"created_at\": \"2025-12-21T13:01:44.000000Z\", \"deleted_at\": null, \"updated_at\": \"2025-12-21T13:01:45.000000Z\", \"jumlah_stok\": 187, \"kategori_id\": 1, \"kode_barang\": \"ELK-002\", \"nama_barang\": \"Proyektor LCD\", \"harga_satuan\": \"5500000.00\", \"reorder_point\": 1, \"tanggal_pembelian\": \"2022-08-15T00:00:00.000000Z\"}}', '127.0.0.1', 'Symfony', '2025-12-21 13:01:45', '2025-12-21 13:01:45');
INSERT INTO `log_aktivitas` VALUES ('75', '1', 'create', 'transaksi_barang', '28', 'Transaksi keluar barang Proyektor LCD sejumlah 14 unit', '{\"id\": 28, \"barang\": {\"id\": 4, \"merk\": \"Epson\", \"satuan\": \"unit\", \"status\": \"rusak\", \"deskripsi\": \"Proyektor untuk presentasi - perlu perbaikan\", \"lokasi_id\": 2, \"created_at\": \"2025-12-21T13:01:44.000000Z\", \"deleted_at\": null, \"updated_at\": \"2025-12-21T13:01:45.000000Z\", \"jumlah_stok\": 173, \"kategori_id\": 1, \"kode_barang\": \"ELK-002\", \"nama_barang\": \"Proyektor LCD\", \"harga_satuan\": \"5500000.00\", \"reorder_point\": 1, \"tanggal_pembelian\": \"2022-08-15T00:00:00.000000Z\"}, \"jumlah\": 14, \"user_id\": 1, \"barang_id\": 4, \"created_at\": \"2025-12-21T13:01:45.000000Z\", \"keterangan\": null, \"updated_at\": \"2025-12-21T13:01:45.000000Z\", \"kode_transaksi\": \"TK-20251210-003\", \"tipe_transaksi\": \"keluar\", \"penanggung_jawab\": \"Budi Santoso\", \"tanggal_transaksi\": \"2025-12-10T00:00:00.000000Z\"}', '127.0.0.1', 'Symfony', '2025-12-21 13:01:45', '2025-12-21 13:01:45');
INSERT INTO `log_aktivitas` VALUES ('76', NULL, 'update', 'barang', '5', 'Mengubah data barang: Buku Matematika Kelas 7 (BKU-001)', '{\"after\": {\"id\": 5, \"merk\": \"Erlangga\", \"satuan\": \"eksemplar\", \"status\": \"baik\", \"deskripsi\": \"Buku pelajaran matematika untuk kelas 7\", \"lokasi_id\": 5, \"created_at\": \"2025-12-21 13:01:44\", \"deleted_at\": null, \"updated_at\": \"2025-12-21 13:01:45\", \"jumlah_stok\": 124, \"kategori_id\": 6, \"kode_barang\": \"BKU-001\", \"nama_barang\": \"Buku Matematika Kelas 7\", \"harga_satuan\": \"85000.00\", \"reorder_point\": 30, \"tanggal_pembelian\": \"2024-07-01\"}, \"before\": {\"id\": 5, \"merk\": \"Erlangga\", \"satuan\": \"eksemplar\", \"status\": \"baik\", \"deskripsi\": \"Buku pelajaran matematika untuk kelas 7\", \"lokasi_id\": 5, \"created_at\": \"2025-12-21T13:01:44.000000Z\", \"deleted_at\": null, \"updated_at\": \"2025-12-21T13:01:45.000000Z\", \"jumlah_stok\": 78, \"kategori_id\": 6, \"kode_barang\": \"BKU-001\", \"nama_barang\": \"Buku Matematika Kelas 7\", \"harga_satuan\": \"85000.00\", \"reorder_point\": 30, \"tanggal_pembelian\": \"2024-07-01T00:00:00.000000Z\"}}', '127.0.0.1', 'Symfony', '2025-12-21 13:01:45', '2025-12-21 13:01:45');
INSERT INTO `log_aktivitas` VALUES ('77', '1', 'create', 'transaksi_barang', '29', 'Transaksi masuk barang Buku Matematika Kelas 7 sejumlah 46 eksemplar', '{\"id\": 29, \"barang\": {\"id\": 5, \"merk\": \"Erlangga\", \"satuan\": \"eksemplar\", \"status\": \"baik\", \"deskripsi\": \"Buku pelajaran matematika untuk kelas 7\", \"lokasi_id\": 5, \"created_at\": \"2025-12-21T13:01:44.000000Z\", \"deleted_at\": null, \"updated_at\": \"2025-12-21T13:01:45.000000Z\", \"jumlah_stok\": 124, \"kategori_id\": 6, \"kode_barang\": \"BKU-001\", \"nama_barang\": \"Buku Matematika Kelas 7\", \"harga_satuan\": \"85000.00\", \"reorder_point\": 30, \"tanggal_pembelian\": \"2024-07-01T00:00:00.000000Z\"}, \"jumlah\": 46, \"user_id\": 1, \"barang_id\": 5, \"created_at\": \"2025-12-21T13:01:45.000000Z\", \"keterangan\": \"Inventaris bulanan\", \"updated_at\": \"2025-12-21T13:01:45.000000Z\", \"kode_transaksi\": \"TM-20251210-002\", \"tipe_transaksi\": \"masuk\", \"penanggung_jawab\": \"Budi Santoso\", \"tanggal_transaksi\": \"2025-12-10T00:00:00.000000Z\"}', '127.0.0.1', 'Symfony', '2025-12-21 13:01:45', '2025-12-21 13:01:45');
INSERT INTO `log_aktivitas` VALUES ('78', NULL, 'update', 'barang', '1', 'Mengubah data barang: Komputer Desktop Dell (ELK-001)', '{\"after\": {\"id\": 1, \"merk\": \"Dell\", \"satuan\": \"unit\", \"status\": \"baik\", \"deskripsi\": \"Komputer desktop untuk lab komputer\", \"lokasi_id\": 4, \"created_at\": \"2025-12-21 13:01:44\", \"deleted_at\": null, \"updated_at\": \"2025-12-21 13:01:45\", \"jumlah_stok\": 107, \"kategori_id\": 1, \"kode_barang\": \"ELK-001\", \"nama_barang\": \"Komputer Desktop Dell\", \"harga_satuan\": \"8500000.00\", \"reorder_point\": 5, \"tanggal_pembelian\": \"2023-01-15\"}, \"before\": {\"id\": 1, \"merk\": \"Dell\", \"satuan\": \"unit\", \"status\": \"baik\", \"deskripsi\": \"Komputer desktop untuk lab komputer\", \"lokasi_id\": 4, \"created_at\": \"2025-12-21T13:01:44.000000Z\", \"deleted_at\": null, \"updated_at\": \"2025-12-21T13:01:45.000000Z\", \"jumlah_stok\": 82, \"kategori_id\": 1, \"kode_barang\": \"ELK-001\", \"nama_barang\": \"Komputer Desktop Dell\", \"harga_satuan\": \"8500000.00\", \"reorder_point\": 5, \"tanggal_pembelian\": \"2023-01-15T00:00:00.000000Z\"}}', '127.0.0.1', 'Symfony', '2025-12-21 13:01:45', '2025-12-21 13:01:45');
INSERT INTO `log_aktivitas` VALUES ('79', '1', 'create', 'transaksi_barang', '30', 'Transaksi masuk barang Komputer Desktop Dell sejumlah 25 unit', '{\"id\": 30, \"barang\": {\"id\": 1, \"merk\": \"Dell\", \"satuan\": \"unit\", \"status\": \"baik\", \"deskripsi\": \"Komputer desktop untuk lab komputer\", \"lokasi_id\": 4, \"created_at\": \"2025-12-21T13:01:44.000000Z\", \"deleted_at\": null, \"updated_at\": \"2025-12-21T13:01:45.000000Z\", \"jumlah_stok\": 107, \"kategori_id\": 1, \"kode_barang\": \"ELK-001\", \"nama_barang\": \"Komputer Desktop Dell\", \"harga_satuan\": \"8500000.00\", \"reorder_point\": 5, \"tanggal_pembelian\": \"2023-01-15T00:00:00.000000Z\"}, \"jumlah\": 25, \"user_id\": 1, \"barang_id\": 1, \"created_at\": \"2025-12-21T13:01:45.000000Z\", \"keterangan\": null, \"updated_at\": \"2025-12-21T13:01:45.000000Z\", \"kode_transaksi\": \"TM-20251211-001\", \"tipe_transaksi\": \"masuk\", \"penanggung_jawab\": \"Budi Santoso\", \"tanggal_transaksi\": \"2025-12-11T00:00:00.000000Z\"}', '127.0.0.1', 'Symfony', '2025-12-21 13:01:45', '2025-12-21 13:01:45');
INSERT INTO `log_aktivitas` VALUES ('80', NULL, 'update', 'barang', '2', 'Mengubah data barang: Meja Belajar Siswa (FUR-001)', '{\"after\": {\"id\": 2, \"merk\": \"Olympic\", \"satuan\": \"unit\", \"status\": \"baik\", \"deskripsi\": \"Meja belajar untuk siswa\", \"lokasi_id\": 3, \"created_at\": \"2025-12-21 13:01:44\", \"deleted_at\": null, \"updated_at\": \"2025-12-21 13:01:45\", \"jumlah_stok\": 45, \"kategori_id\": 2, \"kode_barang\": \"FUR-001\", \"nama_barang\": \"Meja Belajar Siswa\", \"harga_satuan\": \"450000.00\", \"reorder_point\": 30, \"tanggal_pembelian\": \"2023-06-20\"}, \"before\": {\"id\": 2, \"merk\": \"Olympic\", \"satuan\": \"unit\", \"status\": \"baik\", \"deskripsi\": \"Meja belajar untuk siswa\", \"lokasi_id\": 3, \"created_at\": \"2025-12-21T13:01:44.000000Z\", \"deleted_at\": null, \"updated_at\": \"2025-12-21T13:01:45.000000Z\", \"jumlah_stok\": 28, \"kategori_id\": 2, \"kode_barang\": \"FUR-001\", \"nama_barang\": \"Meja Belajar Siswa\", \"harga_satuan\": \"450000.00\", \"reorder_point\": 30, \"tanggal_pembelian\": \"2023-06-20T00:00:00.000000Z\"}}', '127.0.0.1', 'Symfony', '2025-12-21 13:01:45', '2025-12-21 13:01:45');
INSERT INTO `log_aktivitas` VALUES ('81', '3', 'create', 'transaksi_barang', '31', 'Transaksi masuk barang Meja Belajar Siswa sejumlah 17 unit', '{\"id\": 31, \"barang\": {\"id\": 2, \"merk\": \"Olympic\", \"satuan\": \"unit\", \"status\": \"baik\", \"deskripsi\": \"Meja belajar untuk siswa\", \"lokasi_id\": 3, \"created_at\": \"2025-12-21T13:01:44.000000Z\", \"deleted_at\": null, \"updated_at\": \"2025-12-21T13:01:45.000000Z\", \"jumlah_stok\": 45, \"kategori_id\": 2, \"kode_barang\": \"FUR-001\", \"nama_barang\": \"Meja Belajar Siswa\", \"harga_satuan\": \"450000.00\", \"reorder_point\": 30, \"tanggal_pembelian\": \"2023-06-20T00:00:00.000000Z\"}, \"jumlah\": 17, \"user_id\": 3, \"barang_id\": 2, \"created_at\": \"2025-12-21T13:01:45.000000Z\", \"keterangan\": null, \"updated_at\": \"2025-12-21T13:01:45.000000Z\", \"kode_transaksi\": \"TM-20251212-001\", \"tipe_transaksi\": \"masuk\", \"penanggung_jawab\": \"Budi Santoso\", \"tanggal_transaksi\": \"2025-12-12T00:00:00.000000Z\"}', '127.0.0.1', 'Symfony', '2025-12-21 13:01:45', '2025-12-21 13:01:45');
INSERT INTO `log_aktivitas` VALUES ('82', NULL, 'update', 'barang', '2', 'Mengubah data barang: Meja Belajar Siswa (FUR-001)', '{\"after\": {\"id\": 2, \"merk\": \"Olympic\", \"satuan\": \"unit\", \"status\": \"baik\", \"deskripsi\": \"Meja belajar untuk siswa\", \"lokasi_id\": 3, \"created_at\": \"2025-12-21 13:01:44\", \"deleted_at\": null, \"updated_at\": \"2025-12-21 13:01:45\", \"jumlah_stok\": 75, \"kategori_id\": 2, \"kode_barang\": \"FUR-001\", \"nama_barang\": \"Meja Belajar Siswa\", \"harga_satuan\": \"450000.00\", \"reorder_point\": 30, \"tanggal_pembelian\": \"2023-06-20\"}, \"before\": {\"id\": 2, \"merk\": \"Olympic\", \"satuan\": \"unit\", \"status\": \"baik\", \"deskripsi\": \"Meja belajar untuk siswa\", \"lokasi_id\": 3, \"created_at\": \"2025-12-21T13:01:44.000000Z\", \"deleted_at\": null, \"updated_at\": \"2025-12-21T13:01:45.000000Z\", \"jumlah_stok\": 45, \"kategori_id\": 2, \"kode_barang\": \"FUR-001\", \"nama_barang\": \"Meja Belajar Siswa\", \"harga_satuan\": \"450000.00\", \"reorder_point\": 30, \"tanggal_pembelian\": \"2023-06-20T00:00:00.000000Z\"}}', '127.0.0.1', 'Symfony', '2025-12-21 13:01:45', '2025-12-21 13:01:45');
INSERT INTO `log_aktivitas` VALUES ('83', '1', 'create', 'transaksi_barang', '32', 'Transaksi masuk barang Meja Belajar Siswa sejumlah 30 unit', '{\"id\": 32, \"barang\": {\"id\": 2, \"merk\": \"Olympic\", \"satuan\": \"unit\", \"status\": \"baik\", \"deskripsi\": \"Meja belajar untuk siswa\", \"lokasi_id\": 3, \"created_at\": \"2025-12-21T13:01:44.000000Z\", \"deleted_at\": null, \"updated_at\": \"2025-12-21T13:01:45.000000Z\", \"jumlah_stok\": 75, \"kategori_id\": 2, \"kode_barang\": \"FUR-001\", \"nama_barang\": \"Meja Belajar Siswa\", \"harga_satuan\": \"450000.00\", \"reorder_point\": 30, \"tanggal_pembelian\": \"2023-06-20T00:00:00.000000Z\"}, \"jumlah\": 30, \"user_id\": 1, \"barang_id\": 2, \"created_at\": \"2025-12-21T13:01:45.000000Z\", \"keterangan\": null, \"updated_at\": \"2025-12-21T13:01:45.000000Z\", \"kode_transaksi\": \"TM-20251213-001\", \"tipe_transaksi\": \"masuk\", \"penanggung_jawab\": null, \"tanggal_transaksi\": \"2025-12-13T00:00:00.000000Z\"}', '127.0.0.1', 'Symfony', '2025-12-21 13:01:45', '2025-12-21 13:01:45');
INSERT INTO `log_aktivitas` VALUES ('84', NULL, 'update', 'barang', '4', 'Mengubah data barang: Proyektor LCD (ELK-002)', '{\"after\": {\"id\": 4, \"merk\": \"Epson\", \"satuan\": \"unit\", \"status\": \"rusak\", \"deskripsi\": \"Proyektor untuk presentasi - perlu perbaikan\", \"lokasi_id\": 2, \"created_at\": \"2025-12-21 13:01:44\", \"deleted_at\": null, \"updated_at\": \"2025-12-21 13:01:45\", \"jumlah_stok\": 203, \"kategori_id\": 1, \"kode_barang\": \"ELK-002\", \"nama_barang\": \"Proyektor LCD\", \"harga_satuan\": \"5500000.00\", \"reorder_point\": 1, \"tanggal_pembelian\": \"2022-08-15\"}, \"before\": {\"id\": 4, \"merk\": \"Epson\", \"satuan\": \"unit\", \"status\": \"rusak\", \"deskripsi\": \"Proyektor untuk presentasi - perlu perbaikan\", \"lokasi_id\": 2, \"created_at\": \"2025-12-21T13:01:44.000000Z\", \"deleted_at\": null, \"updated_at\": \"2025-12-21T13:01:45.000000Z\", \"jumlah_stok\": 173, \"kategori_id\": 1, \"kode_barang\": \"ELK-002\", \"nama_barang\": \"Proyektor LCD\", \"harga_satuan\": \"5500000.00\", \"reorder_point\": 1, \"tanggal_pembelian\": \"2022-08-15T00:00:00.000000Z\"}}', '127.0.0.1', 'Symfony', '2025-12-21 13:01:45', '2025-12-21 13:01:45');
INSERT INTO `log_aktivitas` VALUES ('85', '3', 'create', 'transaksi_barang', '33', 'Transaksi masuk barang Proyektor LCD sejumlah 30 unit', '{\"id\": 33, \"barang\": {\"id\": 4, \"merk\": \"Epson\", \"satuan\": \"unit\", \"status\": \"rusak\", \"deskripsi\": \"Proyektor untuk presentasi - perlu perbaikan\", \"lokasi_id\": 2, \"created_at\": \"2025-12-21T13:01:44.000000Z\", \"deleted_at\": null, \"updated_at\": \"2025-12-21T13:01:45.000000Z\", \"jumlah_stok\": 203, \"kategori_id\": 1, \"kode_barang\": \"ELK-002\", \"nama_barang\": \"Proyektor LCD\", \"harga_satuan\": \"5500000.00\", \"reorder_point\": 1, \"tanggal_pembelian\": \"2022-08-15T00:00:00.000000Z\"}, \"jumlah\": 30, \"user_id\": 3, \"barang_id\": 4, \"created_at\": \"2025-12-21T13:01:45.000000Z\", \"keterangan\": \"Penyimpanan di gudang\", \"updated_at\": \"2025-12-21T13:01:45.000000Z\", \"kode_transaksi\": \"TM-20251214-001\", \"tipe_transaksi\": \"masuk\", \"penanggung_jawab\": null, \"tanggal_transaksi\": \"2025-12-14T00:00:00.000000Z\"}', '127.0.0.1', 'Symfony', '2025-12-21 13:01:45', '2025-12-21 13:01:45');
INSERT INTO `log_aktivitas` VALUES ('86', NULL, 'update', 'barang', '1', 'Mengubah data barang: Komputer Desktop Dell (ELK-001)', '{\"after\": {\"id\": 1, \"merk\": \"Dell\", \"satuan\": \"unit\", \"status\": \"baik\", \"deskripsi\": \"Komputer desktop untuk lab komputer\", \"lokasi_id\": 4, \"created_at\": \"2025-12-21 13:01:44\", \"deleted_at\": null, \"updated_at\": \"2025-12-21 13:01:45\", \"jumlah_stok\": 100, \"kategori_id\": 1, \"kode_barang\": \"ELK-001\", \"nama_barang\": \"Komputer Desktop Dell\", \"harga_satuan\": \"8500000.00\", \"reorder_point\": 5, \"tanggal_pembelian\": \"2023-01-15\"}, \"before\": {\"id\": 1, \"merk\": \"Dell\", \"satuan\": \"unit\", \"status\": \"baik\", \"deskripsi\": \"Komputer desktop untuk lab komputer\", \"lokasi_id\": 4, \"created_at\": \"2025-12-21T13:01:44.000000Z\", \"deleted_at\": null, \"updated_at\": \"2025-12-21T13:01:45.000000Z\", \"jumlah_stok\": 107, \"kategori_id\": 1, \"kode_barang\": \"ELK-001\", \"nama_barang\": \"Komputer Desktop Dell\", \"harga_satuan\": \"8500000.00\", \"reorder_point\": 5, \"tanggal_pembelian\": \"2023-01-15T00:00:00.000000Z\"}}', '127.0.0.1', 'Symfony', '2025-12-21 13:01:45', '2025-12-21 13:01:45');
INSERT INTO `log_aktivitas` VALUES ('87', '1', 'create', 'transaksi_barang', '34', 'Transaksi keluar barang Komputer Desktop Dell sejumlah 7 unit', '{\"id\": 34, \"barang\": {\"id\": 1, \"merk\": \"Dell\", \"satuan\": \"unit\", \"status\": \"baik\", \"deskripsi\": \"Komputer desktop untuk lab komputer\", \"lokasi_id\": 4, \"created_at\": \"2025-12-21T13:01:44.000000Z\", \"deleted_at\": null, \"updated_at\": \"2025-12-21T13:01:45.000000Z\", \"jumlah_stok\": 100, \"kategori_id\": 1, \"kode_barang\": \"ELK-001\", \"nama_barang\": \"Komputer Desktop Dell\", \"harga_satuan\": \"8500000.00\", \"reorder_point\": 5, \"tanggal_pembelian\": \"2023-01-15T00:00:00.000000Z\"}, \"jumlah\": 7, \"user_id\": 1, \"barang_id\": 1, \"created_at\": \"2025-12-21T13:01:45.000000Z\", \"keterangan\": \"Distribusi ke toko\", \"updated_at\": \"2025-12-21T13:01:45.000000Z\", \"kode_transaksi\": \"TK-20251214-001\", \"tipe_transaksi\": \"keluar\", \"penanggung_jawab\": \"Siti Nurhaliza\", \"tanggal_transaksi\": \"2025-12-14T00:00:00.000000Z\"}', '127.0.0.1', 'Symfony', '2025-12-21 13:01:45', '2025-12-21 13:01:45');
INSERT INTO `log_aktivitas` VALUES ('88', NULL, 'update', 'barang', '2', 'Mengubah data barang: Meja Belajar Siswa (FUR-001)', '{\"after\": {\"id\": 2, \"merk\": \"Olympic\", \"satuan\": \"unit\", \"status\": \"baik\", \"deskripsi\": \"Meja belajar untuk siswa\", \"lokasi_id\": 3, \"created_at\": \"2025-12-21 13:01:44\", \"deleted_at\": null, \"updated_at\": \"2025-12-21 13:01:45\", \"jumlah_stok\": 107, \"kategori_id\": 2, \"kode_barang\": \"FUR-001\", \"nama_barang\": \"Meja Belajar Siswa\", \"harga_satuan\": \"450000.00\", \"reorder_point\": 30, \"tanggal_pembelian\": \"2023-06-20\"}, \"before\": {\"id\": 2, \"merk\": \"Olympic\", \"satuan\": \"unit\", \"status\": \"baik\", \"deskripsi\": \"Meja belajar untuk siswa\", \"lokasi_id\": 3, \"created_at\": \"2025-12-21T13:01:44.000000Z\", \"deleted_at\": null, \"updated_at\": \"2025-12-21T13:01:45.000000Z\", \"jumlah_stok\": 75, \"kategori_id\": 2, \"kode_barang\": \"FUR-001\", \"nama_barang\": \"Meja Belajar Siswa\", \"harga_satuan\": \"450000.00\", \"reorder_point\": 30, \"tanggal_pembelian\": \"2023-06-20T00:00:00.000000Z\"}}', '127.0.0.1', 'Symfony', '2025-12-21 13:01:45', '2025-12-21 13:01:45');
INSERT INTO `log_aktivitas` VALUES ('89', '1', 'create', 'transaksi_barang', '35', 'Transaksi masuk barang Meja Belajar Siswa sejumlah 32 unit', '{\"id\": 35, \"barang\": {\"id\": 2, \"merk\": \"Olympic\", \"satuan\": \"unit\", \"status\": \"baik\", \"deskripsi\": \"Meja belajar untuk siswa\", \"lokasi_id\": 3, \"created_at\": \"2025-12-21T13:01:44.000000Z\", \"deleted_at\": null, \"updated_at\": \"2025-12-21T13:01:45.000000Z\", \"jumlah_stok\": 107, \"kategori_id\": 2, \"kode_barang\": \"FUR-001\", \"nama_barang\": \"Meja Belajar Siswa\", \"harga_satuan\": \"450000.00\", \"reorder_point\": 30, \"tanggal_pembelian\": \"2023-06-20T00:00:00.000000Z\"}, \"jumlah\": 32, \"user_id\": 1, \"barang_id\": 2, \"created_at\": \"2025-12-21T13:01:45.000000Z\", \"keterangan\": null, \"updated_at\": \"2025-12-21T13:01:45.000000Z\", \"kode_transaksi\": \"TM-20251214-002\", \"tipe_transaksi\": \"masuk\", \"penanggung_jawab\": \"Budi Santoso\", \"tanggal_transaksi\": \"2025-12-14T00:00:00.000000Z\"}', '127.0.0.1', 'Symfony', '2025-12-21 13:01:45', '2025-12-21 13:01:45');
INSERT INTO `log_aktivitas` VALUES ('90', NULL, 'update', 'barang', '2', 'Mengubah data barang: Meja Belajar Siswa (FUR-001)', '{\"after\": {\"id\": 2, \"merk\": \"Olympic\", \"satuan\": \"unit\", \"status\": \"baik\", \"deskripsi\": \"Meja belajar untuk siswa\", \"lokasi_id\": 3, \"created_at\": \"2025-12-21 13:01:44\", \"deleted_at\": null, \"updated_at\": \"2025-12-21 13:01:45\", \"jumlah_stok\": 117, \"kategori_id\": 2, \"kode_barang\": \"FUR-001\", \"nama_barang\": \"Meja Belajar Siswa\", \"harga_satuan\": \"450000.00\", \"reorder_point\": 30, \"tanggal_pembelian\": \"2023-06-20\"}, \"before\": {\"id\": 2, \"merk\": \"Olympic\", \"satuan\": \"unit\", \"status\": \"baik\", \"deskripsi\": \"Meja belajar untuk siswa\", \"lokasi_id\": 3, \"created_at\": \"2025-12-21T13:01:44.000000Z\", \"deleted_at\": null, \"updated_at\": \"2025-12-21T13:01:45.000000Z\", \"jumlah_stok\": 107, \"kategori_id\": 2, \"kode_barang\": \"FUR-001\", \"nama_barang\": \"Meja Belajar Siswa\", \"harga_satuan\": \"450000.00\", \"reorder_point\": 30, \"tanggal_pembelian\": \"2023-06-20T00:00:00.000000Z\"}}', '127.0.0.1', 'Symfony', '2025-12-21 13:01:45', '2025-12-21 13:01:45');
INSERT INTO `log_aktivitas` VALUES ('91', '1', 'create', 'transaksi_barang', '36', 'Transaksi masuk barang Meja Belajar Siswa sejumlah 10 unit', '{\"id\": 36, \"barang\": {\"id\": 2, \"merk\": \"Olympic\", \"satuan\": \"unit\", \"status\": \"baik\", \"deskripsi\": \"Meja belajar untuk siswa\", \"lokasi_id\": 3, \"created_at\": \"2025-12-21T13:01:44.000000Z\", \"deleted_at\": null, \"updated_at\": \"2025-12-21T13:01:45.000000Z\", \"jumlah_stok\": 117, \"kategori_id\": 2, \"kode_barang\": \"FUR-001\", \"nama_barang\": \"Meja Belajar Siswa\", \"harga_satuan\": \"450000.00\", \"reorder_point\": 30, \"tanggal_pembelian\": \"2023-06-20T00:00:00.000000Z\"}, \"jumlah\": 10, \"user_id\": 1, \"barang_id\": 2, \"created_at\": \"2025-12-21T13:01:45.000000Z\", \"keterangan\": \"Penerimaan dari supplier\", \"updated_at\": \"2025-12-21T13:01:45.000000Z\", \"kode_transaksi\": \"TM-20251215-001\", \"tipe_transaksi\": \"masuk\", \"penanggung_jawab\": null, \"tanggal_transaksi\": \"2025-12-15T00:00:00.000000Z\"}', '127.0.0.1', 'Symfony', '2025-12-21 13:01:45', '2025-12-21 13:01:45');
INSERT INTO `log_aktivitas` VALUES ('92', NULL, 'update', 'barang', '4', 'Mengubah data barang: Proyektor LCD (ELK-002)', '{\"after\": {\"id\": 4, \"merk\": \"Epson\", \"satuan\": \"unit\", \"status\": \"rusak\", \"deskripsi\": \"Proyektor untuk presentasi - perlu perbaikan\", \"lokasi_id\": 2, \"created_at\": \"2025-12-21 13:01:44\", \"deleted_at\": null, \"updated_at\": \"2025-12-21 13:01:45\", \"jumlah_stok\": 183, \"kategori_id\": 1, \"kode_barang\": \"ELK-002\", \"nama_barang\": \"Proyektor LCD\", \"harga_satuan\": \"5500000.00\", \"reorder_point\": 1, \"tanggal_pembelian\": \"2022-08-15\"}, \"before\": {\"id\": 4, \"merk\": \"Epson\", \"satuan\": \"unit\", \"status\": \"rusak\", \"deskripsi\": \"Proyektor untuk presentasi - perlu perbaikan\", \"lokasi_id\": 2, \"created_at\": \"2025-12-21T13:01:44.000000Z\", \"deleted_at\": null, \"updated_at\": \"2025-12-21T13:01:45.000000Z\", \"jumlah_stok\": 203, \"kategori_id\": 1, \"kode_barang\": \"ELK-002\", \"nama_barang\": \"Proyektor LCD\", \"harga_satuan\": \"5500000.00\", \"reorder_point\": 1, \"tanggal_pembelian\": \"2022-08-15T00:00:00.000000Z\"}}', '127.0.0.1', 'Symfony', '2025-12-21 13:01:45', '2025-12-21 13:01:45');
INSERT INTO `log_aktivitas` VALUES ('93', '2', 'create', 'transaksi_barang', '37', 'Transaksi keluar barang Proyektor LCD sejumlah 20 unit', '{\"id\": 37, \"barang\": {\"id\": 4, \"merk\": \"Epson\", \"satuan\": \"unit\", \"status\": \"rusak\", \"deskripsi\": \"Proyektor untuk presentasi - perlu perbaikan\", \"lokasi_id\": 2, \"created_at\": \"2025-12-21T13:01:44.000000Z\", \"deleted_at\": null, \"updated_at\": \"2025-12-21T13:01:45.000000Z\", \"jumlah_stok\": 183, \"kategori_id\": 1, \"kode_barang\": \"ELK-002\", \"nama_barang\": \"Proyektor LCD\", \"harga_satuan\": \"5500000.00\", \"reorder_point\": 1, \"tanggal_pembelian\": \"2022-08-15T00:00:00.000000Z\"}, \"jumlah\": 20, \"user_id\": 2, \"barang_id\": 4, \"created_at\": \"2025-12-21T13:01:45.000000Z\", \"keterangan\": \"Pengadaan rutin\", \"updated_at\": \"2025-12-21T13:01:45.000000Z\", \"kode_transaksi\": \"TK-20251215-001\", \"tipe_transaksi\": \"keluar\", \"penanggung_jawab\": null, \"tanggal_transaksi\": \"2025-12-15T00:00:00.000000Z\"}', '127.0.0.1', 'Symfony', '2025-12-21 13:01:45', '2025-12-21 13:01:45');
INSERT INTO `log_aktivitas` VALUES ('94', NULL, 'update', 'barang', '4', 'Mengubah data barang: Proyektor LCD (ELK-002)', '{\"after\": {\"id\": 4, \"merk\": \"Epson\", \"satuan\": \"unit\", \"status\": \"rusak\", \"deskripsi\": \"Proyektor untuk presentasi - perlu perbaikan\", \"lokasi_id\": 2, \"created_at\": \"2025-12-21 13:01:44\", \"deleted_at\": null, \"updated_at\": \"2025-12-21 13:01:45\", \"jumlah_stok\": 170, \"kategori_id\": 1, \"kode_barang\": \"ELK-002\", \"nama_barang\": \"Proyektor LCD\", \"harga_satuan\": \"5500000.00\", \"reorder_point\": 1, \"tanggal_pembelian\": \"2022-08-15\"}, \"before\": {\"id\": 4, \"merk\": \"Epson\", \"satuan\": \"unit\", \"status\": \"rusak\", \"deskripsi\": \"Proyektor untuk presentasi - perlu perbaikan\", \"lokasi_id\": 2, \"created_at\": \"2025-12-21T13:01:44.000000Z\", \"deleted_at\": null, \"updated_at\": \"2025-12-21T13:01:45.000000Z\", \"jumlah_stok\": 183, \"kategori_id\": 1, \"kode_barang\": \"ELK-002\", \"nama_barang\": \"Proyektor LCD\", \"harga_satuan\": \"5500000.00\", \"reorder_point\": 1, \"tanggal_pembelian\": \"2022-08-15T00:00:00.000000Z\"}}', '127.0.0.1', 'Symfony', '2025-12-21 13:01:45', '2025-12-21 13:01:45');
INSERT INTO `log_aktivitas` VALUES ('95', '1', 'create', 'transaksi_barang', '38', 'Transaksi keluar barang Proyektor LCD sejumlah 13 unit', '{\"id\": 38, \"barang\": {\"id\": 4, \"merk\": \"Epson\", \"satuan\": \"unit\", \"status\": \"rusak\", \"deskripsi\": \"Proyektor untuk presentasi - perlu perbaikan\", \"lokasi_id\": 2, \"created_at\": \"2025-12-21T13:01:44.000000Z\", \"deleted_at\": null, \"updated_at\": \"2025-12-21T13:01:45.000000Z\", \"jumlah_stok\": 170, \"kategori_id\": 1, \"kode_barang\": \"ELK-002\", \"nama_barang\": \"Proyektor LCD\", \"harga_satuan\": \"5500000.00\", \"reorder_point\": 1, \"tanggal_pembelian\": \"2022-08-15T00:00:00.000000Z\"}, \"jumlah\": 13, \"user_id\": 1, \"barang_id\": 4, \"created_at\": \"2025-12-21T13:01:45.000000Z\", \"keterangan\": null, \"updated_at\": \"2025-12-21T13:01:45.000000Z\", \"kode_transaksi\": \"TK-20251215-002\", \"tipe_transaksi\": \"keluar\", \"penanggung_jawab\": null, \"tanggal_transaksi\": \"2025-12-15T00:00:00.000000Z\"}', '127.0.0.1', 'Symfony', '2025-12-21 13:01:45', '2025-12-21 13:01:45');
INSERT INTO `log_aktivitas` VALUES ('96', NULL, 'update', 'barang', '3', 'Mengubah data barang: Pulpen Hitam (ATK-001)', '{\"after\": {\"id\": 3, \"merk\": \"Standard\", \"satuan\": \"lusin\", \"status\": \"baik\", \"deskripsi\": \"Pulpen hitam untuk keperluan administrasi\", \"lokasi_id\": 7, \"created_at\": \"2025-12-21 13:01:44\", \"deleted_at\": null, \"updated_at\": \"2025-12-21 13:01:45\", \"jumlah_stok\": 9, \"kategori_id\": 3, \"kode_barang\": \"ATK-001\", \"nama_barang\": \"Pulpen Hitam\", \"harga_satuan\": \"35000.00\", \"reorder_point\": 20, \"tanggal_pembelian\": \"2024-11-10\"}, \"before\": {\"id\": 3, \"merk\": \"Standard\", \"satuan\": \"lusin\", \"status\": \"baik\", \"deskripsi\": \"Pulpen hitam untuk keperluan administrasi\", \"lokasi_id\": 7, \"created_at\": \"2025-12-21T13:01:44.000000Z\", \"deleted_at\": null, \"updated_at\": \"2025-12-21T13:01:45.000000Z\", \"jumlah_stok\": 3, \"kategori_id\": 3, \"kode_barang\": \"ATK-001\", \"nama_barang\": \"Pulpen Hitam\", \"harga_satuan\": \"35000.00\", \"reorder_point\": 20, \"tanggal_pembelian\": \"2024-11-10T00:00:00.000000Z\"}}', '127.0.0.1', 'Symfony', '2025-12-21 13:01:45', '2025-12-21 13:01:45');
INSERT INTO `log_aktivitas` VALUES ('97', '1', 'create', 'transaksi_barang', '39', 'Transaksi masuk barang Pulpen Hitam sejumlah 6 lusin', '{\"id\": 39, \"barang\": {\"id\": 3, \"merk\": \"Standard\", \"satuan\": \"lusin\", \"status\": \"baik\", \"deskripsi\": \"Pulpen hitam untuk keperluan administrasi\", \"lokasi_id\": 7, \"created_at\": \"2025-12-21T13:01:44.000000Z\", \"deleted_at\": null, \"updated_at\": \"2025-12-21T13:01:45.000000Z\", \"jumlah_stok\": 9, \"kategori_id\": 3, \"kode_barang\": \"ATK-001\", \"nama_barang\": \"Pulpen Hitam\", \"harga_satuan\": \"35000.00\", \"reorder_point\": 20, \"tanggal_pembelian\": \"2024-11-10T00:00:00.000000Z\"}, \"jumlah\": 6, \"user_id\": 1, \"barang_id\": 3, \"created_at\": \"2025-12-21T13:01:45.000000Z\", \"keterangan\": null, \"updated_at\": \"2025-12-21T13:01:45.000000Z\", \"kode_transaksi\": \"TM-20251215-002\", \"tipe_transaksi\": \"masuk\", \"penanggung_jawab\": null, \"tanggal_transaksi\": \"2025-12-15T00:00:00.000000Z\"}', '127.0.0.1', 'Symfony', '2025-12-21 13:01:45', '2025-12-21 13:01:45');
INSERT INTO `log_aktivitas` VALUES ('98', NULL, 'update', 'barang', '1', 'Mengubah data barang: Komputer Desktop Dell (ELK-001)', '{\"after\": {\"id\": 1, \"merk\": \"Dell\", \"satuan\": \"unit\", \"status\": \"baik\", \"deskripsi\": \"Komputer desktop untuk lab komputer\", \"lokasi_id\": 4, \"created_at\": \"2025-12-21 13:01:44\", \"deleted_at\": null, \"updated_at\": \"2025-12-21 13:01:45\", \"jumlah_stok\": 90, \"kategori_id\": 1, \"kode_barang\": \"ELK-001\", \"nama_barang\": \"Komputer Desktop Dell\", \"harga_satuan\": \"8500000.00\", \"reorder_point\": 5, \"tanggal_pembelian\": \"2023-01-15\"}, \"before\": {\"id\": 1, \"merk\": \"Dell\", \"satuan\": \"unit\", \"status\": \"baik\", \"deskripsi\": \"Komputer desktop untuk lab komputer\", \"lokasi_id\": 4, \"created_at\": \"2025-12-21T13:01:44.000000Z\", \"deleted_at\": null, \"updated_at\": \"2025-12-21T13:01:45.000000Z\", \"jumlah_stok\": 100, \"kategori_id\": 1, \"kode_barang\": \"ELK-001\", \"nama_barang\": \"Komputer Desktop Dell\", \"harga_satuan\": \"8500000.00\", \"reorder_point\": 5, \"tanggal_pembelian\": \"2023-01-15T00:00:00.000000Z\"}}', '127.0.0.1', 'Symfony', '2025-12-21 13:01:45', '2025-12-21 13:01:45');
INSERT INTO `log_aktivitas` VALUES ('99', '1', 'create', 'transaksi_barang', '40', 'Transaksi keluar barang Komputer Desktop Dell sejumlah 10 unit', '{\"id\": 40, \"barang\": {\"id\": 1, \"merk\": \"Dell\", \"satuan\": \"unit\", \"status\": \"baik\", \"deskripsi\": \"Komputer desktop untuk lab komputer\", \"lokasi_id\": 4, \"created_at\": \"2025-12-21T13:01:44.000000Z\", \"deleted_at\": null, \"updated_at\": \"2025-12-21T13:01:45.000000Z\", \"jumlah_stok\": 90, \"kategori_id\": 1, \"kode_barang\": \"ELK-001\", \"nama_barang\": \"Komputer Desktop Dell\", \"harga_satuan\": \"8500000.00\", \"reorder_point\": 5, \"tanggal_pembelian\": \"2023-01-15T00:00:00.000000Z\"}, \"jumlah\": 10, \"user_id\": 1, \"barang_id\": 1, \"created_at\": \"2025-12-21T13:01:45.000000Z\", \"keterangan\": null, \"updated_at\": \"2025-12-21T13:01:45.000000Z\", \"kode_transaksi\": \"TK-20251216-001\", \"tipe_transaksi\": \"keluar\", \"penanggung_jawab\": null, \"tanggal_transaksi\": \"2025-12-16T00:00:00.000000Z\"}', '127.0.0.1', 'Symfony', '2025-12-21 13:01:45', '2025-12-21 13:01:45');
INSERT INTO `log_aktivitas` VALUES ('100', NULL, 'update', 'barang', '1', 'Mengubah data barang: Komputer Desktop Dell (ELK-001)', '{\"after\": {\"id\": 1, \"merk\": \"Dell\", \"satuan\": \"unit\", \"status\": \"baik\", \"deskripsi\": \"Komputer desktop untuk lab komputer\", \"lokasi_id\": 4, \"created_at\": \"2025-12-21 13:01:44\", \"deleted_at\": null, \"updated_at\": \"2025-12-21 13:01:45\", \"jumlah_stok\": 107, \"kategori_id\": 1, \"kode_barang\": \"ELK-001\", \"nama_barang\": \"Komputer Desktop Dell\", \"harga_satuan\": \"8500000.00\", \"reorder_point\": 5, \"tanggal_pembelian\": \"2023-01-15\"}, \"before\": {\"id\": 1, \"merk\": \"Dell\", \"satuan\": \"unit\", \"status\": \"baik\", \"deskripsi\": \"Komputer desktop untuk lab komputer\", \"lokasi_id\": 4, \"created_at\": \"2025-12-21T13:01:44.000000Z\", \"deleted_at\": null, \"updated_at\": \"2025-12-21T13:01:45.000000Z\", \"jumlah_stok\": 90, \"kategori_id\": 1, \"kode_barang\": \"ELK-001\", \"nama_barang\": \"Komputer Desktop Dell\", \"harga_satuan\": \"8500000.00\", \"reorder_point\": 5, \"tanggal_pembelian\": \"2023-01-15T00:00:00.000000Z\"}}', '127.0.0.1', 'Symfony', '2025-12-21 13:01:45', '2025-12-21 13:01:45');
INSERT INTO `log_aktivitas` VALUES ('101', '2', 'create', 'transaksi_barang', '41', 'Transaksi masuk barang Komputer Desktop Dell sejumlah 17 unit', '{\"id\": 41, \"barang\": {\"id\": 1, \"merk\": \"Dell\", \"satuan\": \"unit\", \"status\": \"baik\", \"deskripsi\": \"Komputer desktop untuk lab komputer\", \"lokasi_id\": 4, \"created_at\": \"2025-12-21T13:01:44.000000Z\", \"deleted_at\": null, \"updated_at\": \"2025-12-21T13:01:45.000000Z\", \"jumlah_stok\": 107, \"kategori_id\": 1, \"kode_barang\": \"ELK-001\", \"nama_barang\": \"Komputer Desktop Dell\", \"harga_satuan\": \"8500000.00\", \"reorder_point\": 5, \"tanggal_pembelian\": \"2023-01-15T00:00:00.000000Z\"}, \"jumlah\": 17, \"user_id\": 2, \"barang_id\": 1, \"created_at\": \"2025-12-21T13:01:45.000000Z\", \"keterangan\": null, \"updated_at\": \"2025-12-21T13:01:45.000000Z\", \"kode_transaksi\": \"TM-20251216-001\", \"tipe_transaksi\": \"masuk\", \"penanggung_jawab\": \"Budi Santoso\", \"tanggal_transaksi\": \"2025-12-16T00:00:00.000000Z\"}', '127.0.0.1', 'Symfony', '2025-12-21 13:01:45', '2025-12-21 13:01:45');
INSERT INTO `log_aktivitas` VALUES ('102', NULL, 'update', 'barang', '4', 'Mengubah data barang: Proyektor LCD (ELK-002)', '{\"after\": {\"id\": 4, \"merk\": \"Epson\", \"satuan\": \"unit\", \"status\": \"rusak\", \"deskripsi\": \"Proyektor untuk presentasi - perlu perbaikan\", \"lokasi_id\": 2, \"created_at\": \"2025-12-21 13:01:44\", \"deleted_at\": null, \"updated_at\": \"2025-12-21 13:01:45\", \"jumlah_stok\": 209, \"kategori_id\": 1, \"kode_barang\": \"ELK-002\", \"nama_barang\": \"Proyektor LCD\", \"harga_satuan\": \"5500000.00\", \"reorder_point\": 1, \"tanggal_pembelian\": \"2022-08-15\"}, \"before\": {\"id\": 4, \"merk\": \"Epson\", \"satuan\": \"unit\", \"status\": \"rusak\", \"deskripsi\": \"Proyektor untuk presentasi - perlu perbaikan\", \"lokasi_id\": 2, \"created_at\": \"2025-12-21T13:01:44.000000Z\", \"deleted_at\": null, \"updated_at\": \"2025-12-21T13:01:45.000000Z\", \"jumlah_stok\": 170, \"kategori_id\": 1, \"kode_barang\": \"ELK-002\", \"nama_barang\": \"Proyektor LCD\", \"harga_satuan\": \"5500000.00\", \"reorder_point\": 1, \"tanggal_pembelian\": \"2022-08-15T00:00:00.000000Z\"}}', '127.0.0.1', 'Symfony', '2025-12-21 13:01:45', '2025-12-21 13:01:45');
INSERT INTO `log_aktivitas` VALUES ('103', '2', 'create', 'transaksi_barang', '42', 'Transaksi masuk barang Proyektor LCD sejumlah 39 unit', '{\"id\": 42, \"barang\": {\"id\": 4, \"merk\": \"Epson\", \"satuan\": \"unit\", \"status\": \"rusak\", \"deskripsi\": \"Proyektor untuk presentasi - perlu perbaikan\", \"lokasi_id\": 2, \"created_at\": \"2025-12-21T13:01:44.000000Z\", \"deleted_at\": null, \"updated_at\": \"2025-12-21T13:01:45.000000Z\", \"jumlah_stok\": 209, \"kategori_id\": 1, \"kode_barang\": \"ELK-002\", \"nama_barang\": \"Proyektor LCD\", \"harga_satuan\": \"5500000.00\", \"reorder_point\": 1, \"tanggal_pembelian\": \"2022-08-15T00:00:00.000000Z\"}, \"jumlah\": 39, \"user_id\": 2, \"barang_id\": 4, \"created_at\": \"2025-12-21T13:01:45.000000Z\", \"keterangan\": null, \"updated_at\": \"2025-12-21T13:01:45.000000Z\", \"kode_transaksi\": \"TM-20251216-002\", \"tipe_transaksi\": \"masuk\", \"penanggung_jawab\": null, \"tanggal_transaksi\": \"2025-12-16T00:00:00.000000Z\"}', '127.0.0.1', 'Symfony', '2025-12-21 13:01:45', '2025-12-21 13:01:45');
INSERT INTO `log_aktivitas` VALUES ('104', NULL, 'update', 'barang', '2', 'Mengubah data barang: Meja Belajar Siswa (FUR-001)', '{\"after\": {\"id\": 2, \"merk\": \"Olympic\", \"satuan\": \"unit\", \"status\": \"baik\", \"deskripsi\": \"Meja belajar untuk siswa\", \"lokasi_id\": 3, \"created_at\": \"2025-12-21 13:01:44\", \"deleted_at\": null, \"updated_at\": \"2025-12-21 13:01:45\", \"jumlah_stok\": 106, \"kategori_id\": 2, \"kode_barang\": \"FUR-001\", \"nama_barang\": \"Meja Belajar Siswa\", \"harga_satuan\": \"450000.00\", \"reorder_point\": 30, \"tanggal_pembelian\": \"2023-06-20\"}, \"before\": {\"id\": 2, \"merk\": \"Olympic\", \"satuan\": \"unit\", \"status\": \"baik\", \"deskripsi\": \"Meja belajar untuk siswa\", \"lokasi_id\": 3, \"created_at\": \"2025-12-21T13:01:44.000000Z\", \"deleted_at\": null, \"updated_at\": \"2025-12-21T13:01:45.000000Z\", \"jumlah_stok\": 117, \"kategori_id\": 2, \"kode_barang\": \"FUR-001\", \"nama_barang\": \"Meja Belajar Siswa\", \"harga_satuan\": \"450000.00\", \"reorder_point\": 30, \"tanggal_pembelian\": \"2023-06-20T00:00:00.000000Z\"}}', '127.0.0.1', 'Symfony', '2025-12-21 13:01:45', '2025-12-21 13:01:45');
INSERT INTO `log_aktivitas` VALUES ('105', '1', 'create', 'transaksi_barang', '43', 'Transaksi keluar barang Meja Belajar Siswa sejumlah 11 unit', '{\"id\": 43, \"barang\": {\"id\": 2, \"merk\": \"Olympic\", \"satuan\": \"unit\", \"status\": \"baik\", \"deskripsi\": \"Meja belajar untuk siswa\", \"lokasi_id\": 3, \"created_at\": \"2025-12-21T13:01:44.000000Z\", \"deleted_at\": null, \"updated_at\": \"2025-12-21T13:01:45.000000Z\", \"jumlah_stok\": 106, \"kategori_id\": 2, \"kode_barang\": \"FUR-001\", \"nama_barang\": \"Meja Belajar Siswa\", \"harga_satuan\": \"450000.00\", \"reorder_point\": 30, \"tanggal_pembelian\": \"2023-06-20T00:00:00.000000Z\"}, \"jumlah\": 11, \"user_id\": 1, \"barang_id\": 2, \"created_at\": \"2025-12-21T13:01:45.000000Z\", \"keterangan\": \"Koreksi stok\", \"updated_at\": \"2025-12-21T13:01:45.000000Z\", \"kode_transaksi\": \"TK-20251216-002\", \"tipe_transaksi\": \"keluar\", \"penanggung_jawab\": \"Eka Putri\", \"tanggal_transaksi\": \"2025-12-16T00:00:00.000000Z\"}', '127.0.0.1', 'Symfony', '2025-12-21 13:01:45', '2025-12-21 13:01:45');
INSERT INTO `log_aktivitas` VALUES ('106', NULL, 'update', 'barang', '2', 'Mengubah data barang: Meja Belajar Siswa (FUR-001)', '{\"after\": {\"id\": 2, \"merk\": \"Olympic\", \"satuan\": \"unit\", \"status\": \"baik\", \"deskripsi\": \"Meja belajar untuk siswa\", \"lokasi_id\": 3, \"created_at\": \"2025-12-21 13:01:44\", \"deleted_at\": null, \"updated_at\": \"2025-12-21 13:01:45\", \"jumlah_stok\": 112, \"kategori_id\": 2, \"kode_barang\": \"FUR-001\", \"nama_barang\": \"Meja Belajar Siswa\", \"harga_satuan\": \"450000.00\", \"reorder_point\": 30, \"tanggal_pembelian\": \"2023-06-20\"}, \"before\": {\"id\": 2, \"merk\": \"Olympic\", \"satuan\": \"unit\", \"status\": \"baik\", \"deskripsi\": \"Meja belajar untuk siswa\", \"lokasi_id\": 3, \"created_at\": \"2025-12-21T13:01:44.000000Z\", \"deleted_at\": null, \"updated_at\": \"2025-12-21T13:01:45.000000Z\", \"jumlah_stok\": 106, \"kategori_id\": 2, \"kode_barang\": \"FUR-001\", \"nama_barang\": \"Meja Belajar Siswa\", \"harga_satuan\": \"450000.00\", \"reorder_point\": 30, \"tanggal_pembelian\": \"2023-06-20T00:00:00.000000Z\"}}', '127.0.0.1', 'Symfony', '2025-12-21 13:01:45', '2025-12-21 13:01:45');
INSERT INTO `log_aktivitas` VALUES ('107', '3', 'create', 'transaksi_barang', '44', 'Transaksi masuk barang Meja Belajar Siswa sejumlah 6 unit', '{\"id\": 44, \"barang\": {\"id\": 2, \"merk\": \"Olympic\", \"satuan\": \"unit\", \"status\": \"baik\", \"deskripsi\": \"Meja belajar untuk siswa\", \"lokasi_id\": 3, \"created_at\": \"2025-12-21T13:01:44.000000Z\", \"deleted_at\": null, \"updated_at\": \"2025-12-21T13:01:45.000000Z\", \"jumlah_stok\": 112, \"kategori_id\": 2, \"kode_barang\": \"FUR-001\", \"nama_barang\": \"Meja Belajar Siswa\", \"harga_satuan\": \"450000.00\", \"reorder_point\": 30, \"tanggal_pembelian\": \"2023-06-20T00:00:00.000000Z\"}, \"jumlah\": 6, \"user_id\": 3, \"barang_id\": 2, \"created_at\": \"2025-12-21T13:01:45.000000Z\", \"keterangan\": \"Penerimaan dari supplier\", \"updated_at\": \"2025-12-21T13:01:45.000000Z\", \"kode_transaksi\": \"TM-20251217-001\", \"tipe_transaksi\": \"masuk\", \"penanggung_jawab\": \"Budi Santoso\", \"tanggal_transaksi\": \"2025-12-17T00:00:00.000000Z\"}', '127.0.0.1', 'Symfony', '2025-12-21 13:01:45', '2025-12-21 13:01:45');
INSERT INTO `log_aktivitas` VALUES ('108', NULL, 'update', 'barang', '5', 'Mengubah data barang: Buku Matematika Kelas 7 (BKU-001)', '{\"after\": {\"id\": 5, \"merk\": \"Erlangga\", \"satuan\": \"eksemplar\", \"status\": \"baik\", \"deskripsi\": \"Buku pelajaran matematika untuk kelas 7\", \"lokasi_id\": 5, \"created_at\": \"2025-12-21 13:01:44\", \"deleted_at\": null, \"updated_at\": \"2025-12-21 13:01:45\", \"jumlah_stok\": 170, \"kategori_id\": 6, \"kode_barang\": \"BKU-001\", \"nama_barang\": \"Buku Matematika Kelas 7\", \"harga_satuan\": \"85000.00\", \"reorder_point\": 30, \"tanggal_pembelian\": \"2024-07-01\"}, \"before\": {\"id\": 5, \"merk\": \"Erlangga\", \"satuan\": \"eksemplar\", \"status\": \"baik\", \"deskripsi\": \"Buku pelajaran matematika untuk kelas 7\", \"lokasi_id\": 5, \"created_at\": \"2025-12-21T13:01:44.000000Z\", \"deleted_at\": null, \"updated_at\": \"2025-12-21T13:01:45.000000Z\", \"jumlah_stok\": 124, \"kategori_id\": 6, \"kode_barang\": \"BKU-001\", \"nama_barang\": \"Buku Matematika Kelas 7\", \"harga_satuan\": \"85000.00\", \"reorder_point\": 30, \"tanggal_pembelian\": \"2024-07-01T00:00:00.000000Z\"}}', '127.0.0.1', 'Symfony', '2025-12-21 13:01:45', '2025-12-21 13:01:45');
INSERT INTO `log_aktivitas` VALUES ('109', '1', 'create', 'transaksi_barang', '45', 'Transaksi masuk barang Buku Matematika Kelas 7 sejumlah 46 eksemplar', '{\"id\": 45, \"barang\": {\"id\": 5, \"merk\": \"Erlangga\", \"satuan\": \"eksemplar\", \"status\": \"baik\", \"deskripsi\": \"Buku pelajaran matematika untuk kelas 7\", \"lokasi_id\": 5, \"created_at\": \"2025-12-21T13:01:44.000000Z\", \"deleted_at\": null, \"updated_at\": \"2025-12-21T13:01:45.000000Z\", \"jumlah_stok\": 170, \"kategori_id\": 6, \"kode_barang\": \"BKU-001\", \"nama_barang\": \"Buku Matematika Kelas 7\", \"harga_satuan\": \"85000.00\", \"reorder_point\": 30, \"tanggal_pembelian\": \"2024-07-01T00:00:00.000000Z\"}, \"jumlah\": 46, \"user_id\": 1, \"barang_id\": 5, \"created_at\": \"2025-12-21T13:01:45.000000Z\", \"keterangan\": \"Pengiriman ke cabang\", \"updated_at\": \"2025-12-21T13:01:45.000000Z\", \"kode_transaksi\": \"TM-20251217-002\", \"tipe_transaksi\": \"masuk\", \"penanggung_jawab\": null, \"tanggal_transaksi\": \"2025-12-17T00:00:00.000000Z\"}', '127.0.0.1', 'Symfony', '2025-12-21 13:01:45', '2025-12-21 13:01:45');
INSERT INTO `log_aktivitas` VALUES ('110', NULL, 'update', 'barang', '4', 'Mengubah data barang: Proyektor LCD (ELK-002)', '{\"after\": {\"id\": 4, \"merk\": \"Epson\", \"satuan\": \"unit\", \"status\": \"rusak\", \"deskripsi\": \"Proyektor untuk presentasi - perlu perbaikan\", \"lokasi_id\": 2, \"created_at\": \"2025-12-21 13:01:44\", \"deleted_at\": null, \"updated_at\": \"2025-12-21 13:01:45\", \"jumlah_stok\": 192, \"kategori_id\": 1, \"kode_barang\": \"ELK-002\", \"nama_barang\": \"Proyektor LCD\", \"harga_satuan\": \"5500000.00\", \"reorder_point\": 1, \"tanggal_pembelian\": \"2022-08-15\"}, \"before\": {\"id\": 4, \"merk\": \"Epson\", \"satuan\": \"unit\", \"status\": \"rusak\", \"deskripsi\": \"Proyektor untuk presentasi - perlu perbaikan\", \"lokasi_id\": 2, \"created_at\": \"2025-12-21T13:01:44.000000Z\", \"deleted_at\": null, \"updated_at\": \"2025-12-21T13:01:45.000000Z\", \"jumlah_stok\": 209, \"kategori_id\": 1, \"kode_barang\": \"ELK-002\", \"nama_barang\": \"Proyektor LCD\", \"harga_satuan\": \"5500000.00\", \"reorder_point\": 1, \"tanggal_pembelian\": \"2022-08-15T00:00:00.000000Z\"}}', '127.0.0.1', 'Symfony', '2025-12-21 13:01:45', '2025-12-21 13:01:45');
INSERT INTO `log_aktivitas` VALUES ('111', '2', 'create', 'transaksi_barang', '46', 'Transaksi keluar barang Proyektor LCD sejumlah 17 unit', '{\"id\": 46, \"barang\": {\"id\": 4, \"merk\": \"Epson\", \"satuan\": \"unit\", \"status\": \"rusak\", \"deskripsi\": \"Proyektor untuk presentasi - perlu perbaikan\", \"lokasi_id\": 2, \"created_at\": \"2025-12-21T13:01:44.000000Z\", \"deleted_at\": null, \"updated_at\": \"2025-12-21T13:01:45.000000Z\", \"jumlah_stok\": 192, \"kategori_id\": 1, \"kode_barang\": \"ELK-002\", \"nama_barang\": \"Proyektor LCD\", \"harga_satuan\": \"5500000.00\", \"reorder_point\": 1, \"tanggal_pembelian\": \"2022-08-15T00:00:00.000000Z\"}, \"jumlah\": 17, \"user_id\": 2, \"barang_id\": 4, \"created_at\": \"2025-12-21T13:01:45.000000Z\", \"keterangan\": null, \"updated_at\": \"2025-12-21T13:01:45.000000Z\", \"kode_transaksi\": \"TK-20251217-001\", \"tipe_transaksi\": \"keluar\", \"penanggung_jawab\": \"Siti Nurhaliza\", \"tanggal_transaksi\": \"2025-12-17T00:00:00.000000Z\"}', '127.0.0.1', 'Symfony', '2025-12-21 13:01:45', '2025-12-21 13:01:45');
INSERT INTO `log_aktivitas` VALUES ('112', NULL, 'update', 'barang', '1', 'Mengubah data barang: Komputer Desktop Dell (ELK-001)', '{\"after\": {\"id\": 1, \"merk\": \"Dell\", \"satuan\": \"unit\", \"status\": \"baik\", \"deskripsi\": \"Komputer desktop untuk lab komputer\", \"lokasi_id\": 4, \"created_at\": \"2025-12-21 13:01:44\", \"deleted_at\": null, \"updated_at\": \"2025-12-21 13:01:45\", \"jumlah_stok\": 99, \"kategori_id\": 1, \"kode_barang\": \"ELK-001\", \"nama_barang\": \"Komputer Desktop Dell\", \"harga_satuan\": \"8500000.00\", \"reorder_point\": 5, \"tanggal_pembelian\": \"2023-01-15\"}, \"before\": {\"id\": 1, \"merk\": \"Dell\", \"satuan\": \"unit\", \"status\": \"baik\", \"deskripsi\": \"Komputer desktop untuk lab komputer\", \"lokasi_id\": 4, \"created_at\": \"2025-12-21T13:01:44.000000Z\", \"deleted_at\": null, \"updated_at\": \"2025-12-21T13:01:45.000000Z\", \"jumlah_stok\": 107, \"kategori_id\": 1, \"kode_barang\": \"ELK-001\", \"nama_barang\": \"Komputer Desktop Dell\", \"harga_satuan\": \"8500000.00\", \"reorder_point\": 5, \"tanggal_pembelian\": \"2023-01-15T00:00:00.000000Z\"}}', '127.0.0.1', 'Symfony', '2025-12-21 13:01:45', '2025-12-21 13:01:45');
INSERT INTO `log_aktivitas` VALUES ('113', '1', 'create', 'transaksi_barang', '47', 'Transaksi keluar barang Komputer Desktop Dell sejumlah 8 unit', '{\"id\": 47, \"barang\": {\"id\": 1, \"merk\": \"Dell\", \"satuan\": \"unit\", \"status\": \"baik\", \"deskripsi\": \"Komputer desktop untuk lab komputer\", \"lokasi_id\": 4, \"created_at\": \"2025-12-21T13:01:44.000000Z\", \"deleted_at\": null, \"updated_at\": \"2025-12-21T13:01:45.000000Z\", \"jumlah_stok\": 99, \"kategori_id\": 1, \"kode_barang\": \"ELK-001\", \"nama_barang\": \"Komputer Desktop Dell\", \"harga_satuan\": \"8500000.00\", \"reorder_point\": 5, \"tanggal_pembelian\": \"2023-01-15T00:00:00.000000Z\"}, \"jumlah\": 8, \"user_id\": 1, \"barang_id\": 1, \"created_at\": \"2025-12-21T13:01:45.000000Z\", \"keterangan\": \"Pengiriman ke cabang\", \"updated_at\": \"2025-12-21T13:01:45.000000Z\", \"kode_transaksi\": \"TK-20251217-002\", \"tipe_transaksi\": \"keluar\", \"penanggung_jawab\": \"Siti Nurhaliza\", \"tanggal_transaksi\": \"2025-12-17T00:00:00.000000Z\"}', '127.0.0.1', 'Symfony', '2025-12-21 13:01:45', '2025-12-21 13:01:45');
INSERT INTO `log_aktivitas` VALUES ('114', NULL, 'update', 'barang', '5', 'Mengubah data barang: Buku Matematika Kelas 7 (BKU-001)', '{\"after\": {\"id\": 5, \"merk\": \"Erlangga\", \"satuan\": \"eksemplar\", \"status\": \"baik\", \"deskripsi\": \"Buku pelajaran matematika untuk kelas 7\", \"lokasi_id\": 5, \"created_at\": \"2025-12-21 13:01:44\", \"deleted_at\": null, \"updated_at\": \"2025-12-21 13:01:45\", \"jumlah_stok\": 163, \"kategori_id\": 6, \"kode_barang\": \"BKU-001\", \"nama_barang\": \"Buku Matematika Kelas 7\", \"harga_satuan\": \"85000.00\", \"reorder_point\": 30, \"tanggal_pembelian\": \"2024-07-01\"}, \"before\": {\"id\": 5, \"merk\": \"Erlangga\", \"satuan\": \"eksemplar\", \"status\": \"baik\", \"deskripsi\": \"Buku pelajaran matematika untuk kelas 7\", \"lokasi_id\": 5, \"created_at\": \"2025-12-21T13:01:44.000000Z\", \"deleted_at\": null, \"updated_at\": \"2025-12-21T13:01:45.000000Z\", \"jumlah_stok\": 170, \"kategori_id\": 6, \"kode_barang\": \"BKU-001\", \"nama_barang\": \"Buku Matematika Kelas 7\", \"harga_satuan\": \"85000.00\", \"reorder_point\": 30, \"tanggal_pembelian\": \"2024-07-01T00:00:00.000000Z\"}}', '127.0.0.1', 'Symfony', '2025-12-21 13:01:45', '2025-12-21 13:01:45');
INSERT INTO `log_aktivitas` VALUES ('115', '2', 'create', 'transaksi_barang', '48', 'Transaksi keluar barang Buku Matematika Kelas 7 sejumlah 7 eksemplar', '{\"id\": 48, \"barang\": {\"id\": 5, \"merk\": \"Erlangga\", \"satuan\": \"eksemplar\", \"status\": \"baik\", \"deskripsi\": \"Buku pelajaran matematika untuk kelas 7\", \"lokasi_id\": 5, \"created_at\": \"2025-12-21T13:01:44.000000Z\", \"deleted_at\": null, \"updated_at\": \"2025-12-21T13:01:45.000000Z\", \"jumlah_stok\": 163, \"kategori_id\": 6, \"kode_barang\": \"BKU-001\", \"nama_barang\": \"Buku Matematika Kelas 7\", \"harga_satuan\": \"85000.00\", \"reorder_point\": 30, \"tanggal_pembelian\": \"2024-07-01T00:00:00.000000Z\"}, \"jumlah\": 7, \"user_id\": 2, \"barang_id\": 5, \"created_at\": \"2025-12-21T13:01:45.000000Z\", \"keterangan\": \"Penyimpanan di gudang\", \"updated_at\": \"2025-12-21T13:01:45.000000Z\", \"kode_transaksi\": \"TK-20251217-003\", \"tipe_transaksi\": \"keluar\", \"penanggung_jawab\": \"Ahmad Rahman\", \"tanggal_transaksi\": \"2025-12-17T00:00:00.000000Z\"}', '127.0.0.1', 'Symfony', '2025-12-21 13:01:45', '2025-12-21 13:01:45');
INSERT INTO `log_aktivitas` VALUES ('116', NULL, 'update', 'barang', '1', 'Mengubah data barang: Komputer Desktop Dell (ELK-001)', '{\"after\": {\"id\": 1, \"merk\": \"Dell\", \"satuan\": \"unit\", \"status\": \"baik\", \"deskripsi\": \"Komputer desktop untuk lab komputer\", \"lokasi_id\": 4, \"created_at\": \"2025-12-21 13:01:44\", \"deleted_at\": null, \"updated_at\": \"2025-12-21 13:01:45\", \"jumlah_stok\": 92, \"kategori_id\": 1, \"kode_barang\": \"ELK-001\", \"nama_barang\": \"Komputer Desktop Dell\", \"harga_satuan\": \"8500000.00\", \"reorder_point\": 5, \"tanggal_pembelian\": \"2023-01-15\"}, \"before\": {\"id\": 1, \"merk\": \"Dell\", \"satuan\": \"unit\", \"status\": \"baik\", \"deskripsi\": \"Komputer desktop untuk lab komputer\", \"lokasi_id\": 4, \"created_at\": \"2025-12-21T13:01:44.000000Z\", \"deleted_at\": null, \"updated_at\": \"2025-12-21T13:01:45.000000Z\", \"jumlah_stok\": 99, \"kategori_id\": 1, \"kode_barang\": \"ELK-001\", \"nama_barang\": \"Komputer Desktop Dell\", \"harga_satuan\": \"8500000.00\", \"reorder_point\": 5, \"tanggal_pembelian\": \"2023-01-15T00:00:00.000000Z\"}}', '127.0.0.1', 'Symfony', '2025-12-21 13:01:45', '2025-12-21 13:01:45');
INSERT INTO `log_aktivitas` VALUES ('117', '2', 'create', 'transaksi_barang', '49', 'Transaksi keluar barang Komputer Desktop Dell sejumlah 7 unit', '{\"id\": 49, \"barang\": {\"id\": 1, \"merk\": \"Dell\", \"satuan\": \"unit\", \"status\": \"baik\", \"deskripsi\": \"Komputer desktop untuk lab komputer\", \"lokasi_id\": 4, \"created_at\": \"2025-12-21T13:01:44.000000Z\", \"deleted_at\": null, \"updated_at\": \"2025-12-21T13:01:45.000000Z\", \"jumlah_stok\": 92, \"kategori_id\": 1, \"kode_barang\": \"ELK-001\", \"nama_barang\": \"Komputer Desktop Dell\", \"harga_satuan\": \"8500000.00\", \"reorder_point\": 5, \"tanggal_pembelian\": \"2023-01-15T00:00:00.000000Z\"}, \"jumlah\": 7, \"user_id\": 2, \"barang_id\": 1, \"created_at\": \"2025-12-21T13:01:45.000000Z\", \"keterangan\": null, \"updated_at\": \"2025-12-21T13:01:45.000000Z\", \"kode_transaksi\": \"TK-20251218-001\", \"tipe_transaksi\": \"keluar\", \"penanggung_jawab\": null, \"tanggal_transaksi\": \"2025-12-18T00:00:00.000000Z\"}', '127.0.0.1', 'Symfony', '2025-12-21 13:01:45', '2025-12-21 13:01:45');
INSERT INTO `log_aktivitas` VALUES ('118', NULL, 'update', 'barang', '4', 'Mengubah data barang: Proyektor LCD (ELK-002)', '{\"after\": {\"id\": 4, \"merk\": \"Epson\", \"satuan\": \"unit\", \"status\": \"rusak\", \"deskripsi\": \"Proyektor untuk presentasi - perlu perbaikan\", \"lokasi_id\": 2, \"created_at\": \"2025-12-21 13:01:44\", \"deleted_at\": null, \"updated_at\": \"2025-12-21 13:01:45\", \"jumlah_stok\": 222, \"kategori_id\": 1, \"kode_barang\": \"ELK-002\", \"nama_barang\": \"Proyektor LCD\", \"harga_satuan\": \"5500000.00\", \"reorder_point\": 1, \"tanggal_pembelian\": \"2022-08-15\"}, \"before\": {\"id\": 4, \"merk\": \"Epson\", \"satuan\": \"unit\", \"status\": \"rusak\", \"deskripsi\": \"Proyektor untuk presentasi - perlu perbaikan\", \"lokasi_id\": 2, \"created_at\": \"2025-12-21T13:01:44.000000Z\", \"deleted_at\": null, \"updated_at\": \"2025-12-21T13:01:45.000000Z\", \"jumlah_stok\": 192, \"kategori_id\": 1, \"kode_barang\": \"ELK-002\", \"nama_barang\": \"Proyektor LCD\", \"harga_satuan\": \"5500000.00\", \"reorder_point\": 1, \"tanggal_pembelian\": \"2022-08-15T00:00:00.000000Z\"}}', '127.0.0.1', 'Symfony', '2025-12-21 13:01:45', '2025-12-21 13:01:45');
INSERT INTO `log_aktivitas` VALUES ('119', '2', 'create', 'transaksi_barang', '50', 'Transaksi masuk barang Proyektor LCD sejumlah 30 unit', '{\"id\": 50, \"barang\": {\"id\": 4, \"merk\": \"Epson\", \"satuan\": \"unit\", \"status\": \"rusak\", \"deskripsi\": \"Proyektor untuk presentasi - perlu perbaikan\", \"lokasi_id\": 2, \"created_at\": \"2025-12-21T13:01:44.000000Z\", \"deleted_at\": null, \"updated_at\": \"2025-12-21T13:01:45.000000Z\", \"jumlah_stok\": 222, \"kategori_id\": 1, \"kode_barang\": \"ELK-002\", \"nama_barang\": \"Proyektor LCD\", \"harga_satuan\": \"5500000.00\", \"reorder_point\": 1, \"tanggal_pembelian\": \"2022-08-15T00:00:00.000000Z\"}, \"jumlah\": 30, \"user_id\": 2, \"barang_id\": 4, \"created_at\": \"2025-12-21T13:01:45.000000Z\", \"keterangan\": \"Penyimpanan di gudang\", \"updated_at\": \"2025-12-21T13:01:45.000000Z\", \"kode_transaksi\": \"TM-20251218-001\", \"tipe_transaksi\": \"masuk\", \"penanggung_jawab\": \"Maria Santoso\", \"tanggal_transaksi\": \"2025-12-18T00:00:00.000000Z\"}', '127.0.0.1', 'Symfony', '2025-12-21 13:01:45', '2025-12-21 13:01:45');
INSERT INTO `log_aktivitas` VALUES ('120', NULL, 'update', 'barang', '3', 'Mengubah data barang: Pulpen Hitam (ATK-001)', '{\"after\": {\"id\": 3, \"merk\": \"Standard\", \"satuan\": \"lusin\", \"status\": \"baik\", \"deskripsi\": \"Pulpen hitam untuk keperluan administrasi\", \"lokasi_id\": 7, \"created_at\": \"2025-12-21 13:01:44\", \"deleted_at\": null, \"updated_at\": \"2025-12-21 13:01:45\", \"jumlah_stok\": 37, \"kategori_id\": 3, \"kode_barang\": \"ATK-001\", \"nama_barang\": \"Pulpen Hitam\", \"harga_satuan\": \"35000.00\", \"reorder_point\": 20, \"tanggal_pembelian\": \"2024-11-10\"}, \"before\": {\"id\": 3, \"merk\": \"Standard\", \"satuan\": \"lusin\", \"status\": \"baik\", \"deskripsi\": \"Pulpen hitam untuk keperluan administrasi\", \"lokasi_id\": 7, \"created_at\": \"2025-12-21T13:01:44.000000Z\", \"deleted_at\": null, \"updated_at\": \"2025-12-21T13:01:45.000000Z\", \"jumlah_stok\": 9, \"kategori_id\": 3, \"kode_barang\": \"ATK-001\", \"nama_barang\": \"Pulpen Hitam\", \"harga_satuan\": \"35000.00\", \"reorder_point\": 20, \"tanggal_pembelian\": \"2024-11-10T00:00:00.000000Z\"}}', '127.0.0.1', 'Symfony', '2025-12-21 13:01:45', '2025-12-21 13:01:45');
INSERT INTO `log_aktivitas` VALUES ('121', '2', 'create', 'transaksi_barang', '51', 'Transaksi masuk barang Pulpen Hitam sejumlah 28 lusin', '{\"id\": 51, \"barang\": {\"id\": 3, \"merk\": \"Standard\", \"satuan\": \"lusin\", \"status\": \"baik\", \"deskripsi\": \"Pulpen hitam untuk keperluan administrasi\", \"lokasi_id\": 7, \"created_at\": \"2025-12-21T13:01:44.000000Z\", \"deleted_at\": null, \"updated_at\": \"2025-12-21T13:01:45.000000Z\", \"jumlah_stok\": 37, \"kategori_id\": 3, \"kode_barang\": \"ATK-001\", \"nama_barang\": \"Pulpen Hitam\", \"harga_satuan\": \"35000.00\", \"reorder_point\": 20, \"tanggal_pembelian\": \"2024-11-10T00:00:00.000000Z\"}, \"jumlah\": 28, \"user_id\": 2, \"barang_id\": 3, \"created_at\": \"2025-12-21T13:01:45.000000Z\", \"keterangan\": \"Distribusi ke toko\", \"updated_at\": \"2025-12-21T13:01:45.000000Z\", \"kode_transaksi\": \"TM-20251218-002\", \"tipe_transaksi\": \"masuk\", \"penanggung_jawab\": null, \"tanggal_transaksi\": \"2025-12-18T00:00:00.000000Z\"}', '127.0.0.1', 'Symfony', '2025-12-21 13:01:45', '2025-12-21 13:01:45');
INSERT INTO `log_aktivitas` VALUES ('122', NULL, 'update', 'barang', '4', 'Mengubah data barang: Proyektor LCD (ELK-002)', '{\"after\": {\"id\": 4, \"merk\": \"Epson\", \"satuan\": \"unit\", \"status\": \"rusak\", \"deskripsi\": \"Proyektor untuk presentasi - perlu perbaikan\", \"lokasi_id\": 2, \"created_at\": \"2025-12-21 13:01:44\", \"deleted_at\": null, \"updated_at\": \"2025-12-21 13:01:45\", \"jumlah_stok\": 257, \"kategori_id\": 1, \"kode_barang\": \"ELK-002\", \"nama_barang\": \"Proyektor LCD\", \"harga_satuan\": \"5500000.00\", \"reorder_point\": 1, \"tanggal_pembelian\": \"2022-08-15\"}, \"before\": {\"id\": 4, \"merk\": \"Epson\", \"satuan\": \"unit\", \"status\": \"rusak\", \"deskripsi\": \"Proyektor untuk presentasi - perlu perbaikan\", \"lokasi_id\": 2, \"created_at\": \"2025-12-21T13:01:44.000000Z\", \"deleted_at\": null, \"updated_at\": \"2025-12-21T13:01:45.000000Z\", \"jumlah_stok\": 222, \"kategori_id\": 1, \"kode_barang\": \"ELK-002\", \"nama_barang\": \"Proyektor LCD\", \"harga_satuan\": \"5500000.00\", \"reorder_point\": 1, \"tanggal_pembelian\": \"2022-08-15T00:00:00.000000Z\"}}', '127.0.0.1', 'Symfony', '2025-12-21 13:01:45', '2025-12-21 13:01:45');
INSERT INTO `log_aktivitas` VALUES ('123', '3', 'create', 'transaksi_barang', '52', 'Transaksi masuk barang Proyektor LCD sejumlah 35 unit', '{\"id\": 52, \"barang\": {\"id\": 4, \"merk\": \"Epson\", \"satuan\": \"unit\", \"status\": \"rusak\", \"deskripsi\": \"Proyektor untuk presentasi - perlu perbaikan\", \"lokasi_id\": 2, \"created_at\": \"2025-12-21T13:01:44.000000Z\", \"deleted_at\": null, \"updated_at\": \"2025-12-21T13:01:45.000000Z\", \"jumlah_stok\": 257, \"kategori_id\": 1, \"kode_barang\": \"ELK-002\", \"nama_barang\": \"Proyektor LCD\", \"harga_satuan\": \"5500000.00\", \"reorder_point\": 1, \"tanggal_pembelian\": \"2022-08-15T00:00:00.000000Z\"}, \"jumlah\": 35, \"user_id\": 3, \"barang_id\": 4, \"created_at\": \"2025-12-21T13:01:45.000000Z\", \"keterangan\": \"Pembelian tambahan\", \"updated_at\": \"2025-12-21T13:01:45.000000Z\", \"kode_transaksi\": \"TM-20251218-003\", \"tipe_transaksi\": \"masuk\", \"penanggung_jawab\": null, \"tanggal_transaksi\": \"2025-12-18T00:00:00.000000Z\"}', '127.0.0.1', 'Symfony', '2025-12-21 13:01:45', '2025-12-21 13:01:45');
INSERT INTO `log_aktivitas` VALUES ('124', NULL, 'update', 'barang', '1', 'Mengubah data barang: Komputer Desktop Dell (ELK-001)', '{\"after\": {\"id\": 1, \"merk\": \"Dell\", \"satuan\": \"unit\", \"status\": \"baik\", \"deskripsi\": \"Komputer desktop untuk lab komputer\", \"lokasi_id\": 4, \"created_at\": \"2025-12-21 13:01:44\", \"deleted_at\": null, \"updated_at\": \"2025-12-21 13:01:45\", \"jumlah_stok\": 90, \"kategori_id\": 1, \"kode_barang\": \"ELK-001\", \"nama_barang\": \"Komputer Desktop Dell\", \"harga_satuan\": \"8500000.00\", \"reorder_point\": 5, \"tanggal_pembelian\": \"2023-01-15\"}, \"before\": {\"id\": 1, \"merk\": \"Dell\", \"satuan\": \"unit\", \"status\": \"baik\", \"deskripsi\": \"Komputer desktop untuk lab komputer\", \"lokasi_id\": 4, \"created_at\": \"2025-12-21T13:01:44.000000Z\", \"deleted_at\": null, \"updated_at\": \"2025-12-21T13:01:45.000000Z\", \"jumlah_stok\": 92, \"kategori_id\": 1, \"kode_barang\": \"ELK-001\", \"nama_barang\": \"Komputer Desktop Dell\", \"harga_satuan\": \"8500000.00\", \"reorder_point\": 5, \"tanggal_pembelian\": \"2023-01-15T00:00:00.000000Z\"}}', '127.0.0.1', 'Symfony', '2025-12-21 13:01:45', '2025-12-21 13:01:45');
INSERT INTO `log_aktivitas` VALUES ('125', '2', 'create', 'transaksi_barang', '53', 'Transaksi keluar barang Komputer Desktop Dell sejumlah 2 unit', '{\"id\": 53, \"barang\": {\"id\": 1, \"merk\": \"Dell\", \"satuan\": \"unit\", \"status\": \"baik\", \"deskripsi\": \"Komputer desktop untuk lab komputer\", \"lokasi_id\": 4, \"created_at\": \"2025-12-21T13:01:44.000000Z\", \"deleted_at\": null, \"updated_at\": \"2025-12-21T13:01:45.000000Z\", \"jumlah_stok\": 90, \"kategori_id\": 1, \"kode_barang\": \"ELK-001\", \"nama_barang\": \"Komputer Desktop Dell\", \"harga_satuan\": \"8500000.00\", \"reorder_point\": 5, \"tanggal_pembelian\": \"2023-01-15T00:00:00.000000Z\"}, \"jumlah\": 2, \"user_id\": 2, \"barang_id\": 1, \"created_at\": \"2025-12-21T13:01:45.000000Z\", \"keterangan\": \"Koreksi stok\", \"updated_at\": \"2025-12-21T13:01:45.000000Z\", \"kode_transaksi\": \"TK-20251218-002\", \"tipe_transaksi\": \"keluar\", \"penanggung_jawab\": \"Maria Santoso\", \"tanggal_transaksi\": \"2025-12-18T00:00:00.000000Z\"}', '127.0.0.1', 'Symfony', '2025-12-21 13:01:45', '2025-12-21 13:01:45');
INSERT INTO `log_aktivitas` VALUES ('126', NULL, 'update', 'barang', '5', 'Mengubah data barang: Buku Matematika Kelas 7 (BKU-001)', '{\"after\": {\"id\": 5, \"merk\": \"Erlangga\", \"satuan\": \"eksemplar\", \"status\": \"baik\", \"deskripsi\": \"Buku pelajaran matematika untuk kelas 7\", \"lokasi_id\": 5, \"created_at\": \"2025-12-21 13:01:44\", \"deleted_at\": null, \"updated_at\": \"2025-12-21 13:01:45\", \"jumlah_stok\": 175, \"kategori_id\": 6, \"kode_barang\": \"BKU-001\", \"nama_barang\": \"Buku Matematika Kelas 7\", \"harga_satuan\": \"85000.00\", \"reorder_point\": 30, \"tanggal_pembelian\": \"2024-07-01\"}, \"before\": {\"id\": 5, \"merk\": \"Erlangga\", \"satuan\": \"eksemplar\", \"status\": \"baik\", \"deskripsi\": \"Buku pelajaran matematika untuk kelas 7\", \"lokasi_id\": 5, \"created_at\": \"2025-12-21T13:01:44.000000Z\", \"deleted_at\": null, \"updated_at\": \"2025-12-21T13:01:45.000000Z\", \"jumlah_stok\": 163, \"kategori_id\": 6, \"kode_barang\": \"BKU-001\", \"nama_barang\": \"Buku Matematika Kelas 7\", \"harga_satuan\": \"85000.00\", \"reorder_point\": 30, \"tanggal_pembelian\": \"2024-07-01T00:00:00.000000Z\"}}', '127.0.0.1', 'Symfony', '2025-12-21 13:01:45', '2025-12-21 13:01:45');
INSERT INTO `log_aktivitas` VALUES ('127', '3', 'create', 'transaksi_barang', '54', 'Transaksi masuk barang Buku Matematika Kelas 7 sejumlah 12 eksemplar', '{\"id\": 54, \"barang\": {\"id\": 5, \"merk\": \"Erlangga\", \"satuan\": \"eksemplar\", \"status\": \"baik\", \"deskripsi\": \"Buku pelajaran matematika untuk kelas 7\", \"lokasi_id\": 5, \"created_at\": \"2025-12-21T13:01:44.000000Z\", \"deleted_at\": null, \"updated_at\": \"2025-12-21T13:01:45.000000Z\", \"jumlah_stok\": 175, \"kategori_id\": 6, \"kode_barang\": \"BKU-001\", \"nama_barang\": \"Buku Matematika Kelas 7\", \"harga_satuan\": \"85000.00\", \"reorder_point\": 30, \"tanggal_pembelian\": \"2024-07-01T00:00:00.000000Z\"}, \"jumlah\": 12, \"user_id\": 3, \"barang_id\": 5, \"created_at\": \"2025-12-21T13:01:45.000000Z\", \"keterangan\": \"Pembelian tambahan\", \"updated_at\": \"2025-12-21T13:01:45.000000Z\", \"kode_transaksi\": \"TM-20251219-001\", \"tipe_transaksi\": \"masuk\", \"penanggung_jawab\": null, \"tanggal_transaksi\": \"2025-12-19T00:00:00.000000Z\"}', '127.0.0.1', 'Symfony', '2025-12-21 13:01:45', '2025-12-21 13:01:45');
INSERT INTO `log_aktivitas` VALUES ('128', NULL, 'update', 'barang', '5', 'Mengubah data barang: Buku Matematika Kelas 7 (BKU-001)', '{\"after\": {\"id\": 5, \"merk\": \"Erlangga\", \"satuan\": \"eksemplar\", \"status\": \"baik\", \"deskripsi\": \"Buku pelajaran matematika untuk kelas 7\", \"lokasi_id\": 5, \"created_at\": \"2025-12-21 13:01:44\", \"deleted_at\": null, \"updated_at\": \"2025-12-21 13:01:45\", \"jumlah_stok\": 201, \"kategori_id\": 6, \"kode_barang\": \"BKU-001\", \"nama_barang\": \"Buku Matematika Kelas 7\", \"harga_satuan\": \"85000.00\", \"reorder_point\": 30, \"tanggal_pembelian\": \"2024-07-01\"}, \"before\": {\"id\": 5, \"merk\": \"Erlangga\", \"satuan\": \"eksemplar\", \"status\": \"baik\", \"deskripsi\": \"Buku pelajaran matematika untuk kelas 7\", \"lokasi_id\": 5, \"created_at\": \"2025-12-21T13:01:44.000000Z\", \"deleted_at\": null, \"updated_at\": \"2025-12-21T13:01:45.000000Z\", \"jumlah_stok\": 175, \"kategori_id\": 6, \"kode_barang\": \"BKU-001\", \"nama_barang\": \"Buku Matematika Kelas 7\", \"harga_satuan\": \"85000.00\", \"reorder_point\": 30, \"tanggal_pembelian\": \"2024-07-01T00:00:00.000000Z\"}}', '127.0.0.1', 'Symfony', '2025-12-21 13:01:45', '2025-12-21 13:01:45');
INSERT INTO `log_aktivitas` VALUES ('129', '3', 'create', 'transaksi_barang', '55', 'Transaksi masuk barang Buku Matematika Kelas 7 sejumlah 26 eksemplar', '{\"id\": 55, \"barang\": {\"id\": 5, \"merk\": \"Erlangga\", \"satuan\": \"eksemplar\", \"status\": \"baik\", \"deskripsi\": \"Buku pelajaran matematika untuk kelas 7\", \"lokasi_id\": 5, \"created_at\": \"2025-12-21T13:01:44.000000Z\", \"deleted_at\": null, \"updated_at\": \"2025-12-21T13:01:45.000000Z\", \"jumlah_stok\": 201, \"kategori_id\": 6, \"kode_barang\": \"BKU-001\", \"nama_barang\": \"Buku Matematika Kelas 7\", \"harga_satuan\": \"85000.00\", \"reorder_point\": 30, \"tanggal_pembelian\": \"2024-07-01T00:00:00.000000Z\"}, \"jumlah\": 26, \"user_id\": 3, \"barang_id\": 5, \"created_at\": \"2025-12-21T13:01:45.000000Z\", \"keterangan\": null, \"updated_at\": \"2025-12-21T13:01:45.000000Z\", \"kode_transaksi\": \"TM-20251219-002\", \"tipe_transaksi\": \"masuk\", \"penanggung_jawab\": null, \"tanggal_transaksi\": \"2025-12-19T00:00:00.000000Z\"}', '127.0.0.1', 'Symfony', '2025-12-21 13:01:45', '2025-12-21 13:01:45');
INSERT INTO `log_aktivitas` VALUES ('130', NULL, 'update', 'barang', '2', 'Mengubah data barang: Meja Belajar Siswa (FUR-001)', '{\"after\": {\"id\": 2, \"merk\": \"Olympic\", \"satuan\": \"unit\", \"status\": \"baik\", \"deskripsi\": \"Meja belajar untuk siswa\", \"lokasi_id\": 3, \"created_at\": \"2025-12-21 13:01:44\", \"deleted_at\": null, \"updated_at\": \"2025-12-21 13:01:45\", \"jumlah_stok\": 103, \"kategori_id\": 2, \"kode_barang\": \"FUR-001\", \"nama_barang\": \"Meja Belajar Siswa\", \"harga_satuan\": \"450000.00\", \"reorder_point\": 30, \"tanggal_pembelian\": \"2023-06-20\"}, \"before\": {\"id\": 2, \"merk\": \"Olympic\", \"satuan\": \"unit\", \"status\": \"baik\", \"deskripsi\": \"Meja belajar untuk siswa\", \"lokasi_id\": 3, \"created_at\": \"2025-12-21T13:01:44.000000Z\", \"deleted_at\": null, \"updated_at\": \"2025-12-21T13:01:45.000000Z\", \"jumlah_stok\": 112, \"kategori_id\": 2, \"kode_barang\": \"FUR-001\", \"nama_barang\": \"Meja Belajar Siswa\", \"harga_satuan\": \"450000.00\", \"reorder_point\": 30, \"tanggal_pembelian\": \"2023-06-20T00:00:00.000000Z\"}}', '127.0.0.1', 'Symfony', '2025-12-21 13:01:45', '2025-12-21 13:01:45');
INSERT INTO `log_aktivitas` VALUES ('131', '2', 'create', 'transaksi_barang', '56', 'Transaksi keluar barang Meja Belajar Siswa sejumlah 9 unit', '{\"id\": 56, \"barang\": {\"id\": 2, \"merk\": \"Olympic\", \"satuan\": \"unit\", \"status\": \"baik\", \"deskripsi\": \"Meja belajar untuk siswa\", \"lokasi_id\": 3, \"created_at\": \"2025-12-21T13:01:44.000000Z\", \"deleted_at\": null, \"updated_at\": \"2025-12-21T13:01:45.000000Z\", \"jumlah_stok\": 103, \"kategori_id\": 2, \"kode_barang\": \"FUR-001\", \"nama_barang\": \"Meja Belajar Siswa\", \"harga_satuan\": \"450000.00\", \"reorder_point\": 30, \"tanggal_pembelian\": \"2023-06-20T00:00:00.000000Z\"}, \"jumlah\": 9, \"user_id\": 2, \"barang_id\": 2, \"created_at\": \"2025-12-21T13:01:45.000000Z\", \"keterangan\": null, \"updated_at\": \"2025-12-21T13:01:45.000000Z\", \"kode_transaksi\": \"TK-20251219-001\", \"tipe_transaksi\": \"keluar\", \"penanggung_jawab\": \"Maria Santoso\", \"tanggal_transaksi\": \"2025-12-19T00:00:00.000000Z\"}', '127.0.0.1', 'Symfony', '2025-12-21 13:01:45', '2025-12-21 13:01:45');
INSERT INTO `log_aktivitas` VALUES ('132', NULL, 'update', 'barang', '4', 'Mengubah data barang: Proyektor LCD (ELK-002)', '{\"after\": {\"id\": 4, \"merk\": \"Epson\", \"satuan\": \"unit\", \"status\": \"rusak\", \"deskripsi\": \"Proyektor untuk presentasi - perlu perbaikan\", \"lokasi_id\": 2, \"created_at\": \"2025-12-21 13:01:44\", \"deleted_at\": null, \"updated_at\": \"2025-12-21 13:01:45\", \"jumlah_stok\": 297, \"kategori_id\": 1, \"kode_barang\": \"ELK-002\", \"nama_barang\": \"Proyektor LCD\", \"harga_satuan\": \"5500000.00\", \"reorder_point\": 1, \"tanggal_pembelian\": \"2022-08-15\"}, \"before\": {\"id\": 4, \"merk\": \"Epson\", \"satuan\": \"unit\", \"status\": \"rusak\", \"deskripsi\": \"Proyektor untuk presentasi - perlu perbaikan\", \"lokasi_id\": 2, \"created_at\": \"2025-12-21T13:01:44.000000Z\", \"deleted_at\": null, \"updated_at\": \"2025-12-21T13:01:45.000000Z\", \"jumlah_stok\": 257, \"kategori_id\": 1, \"kode_barang\": \"ELK-002\", \"nama_barang\": \"Proyektor LCD\", \"harga_satuan\": \"5500000.00\", \"reorder_point\": 1, \"tanggal_pembelian\": \"2022-08-15T00:00:00.000000Z\"}}', '127.0.0.1', 'Symfony', '2025-12-21 13:01:45', '2025-12-21 13:01:45');
INSERT INTO `log_aktivitas` VALUES ('133', '2', 'create', 'transaksi_barang', '57', 'Transaksi masuk barang Proyektor LCD sejumlah 40 unit', '{\"id\": 57, \"barang\": {\"id\": 4, \"merk\": \"Epson\", \"satuan\": \"unit\", \"status\": \"rusak\", \"deskripsi\": \"Proyektor untuk presentasi - perlu perbaikan\", \"lokasi_id\": 2, \"created_at\": \"2025-12-21T13:01:44.000000Z\", \"deleted_at\": null, \"updated_at\": \"2025-12-21T13:01:45.000000Z\", \"jumlah_stok\": 297, \"kategori_id\": 1, \"kode_barang\": \"ELK-002\", \"nama_barang\": \"Proyektor LCD\", \"harga_satuan\": \"5500000.00\", \"reorder_point\": 1, \"tanggal_pembelian\": \"2022-08-15T00:00:00.000000Z\"}, \"jumlah\": 40, \"user_id\": 2, \"barang_id\": 4, \"created_at\": \"2025-12-21T13:01:45.000000Z\", \"keterangan\": \"Inventaris bulanan\", \"updated_at\": \"2025-12-21T13:01:45.000000Z\", \"kode_transaksi\": \"TM-20251219-003\", \"tipe_transaksi\": \"masuk\", \"penanggung_jawab\": null, \"tanggal_transaksi\": \"2025-12-19T00:00:00.000000Z\"}', '127.0.0.1', 'Symfony', '2025-12-21 13:01:45', '2025-12-21 13:01:45');
INSERT INTO `log_aktivitas` VALUES ('134', NULL, 'update', 'barang', '3', 'Mengubah data barang: Pulpen Hitam (ATK-001)', '{\"after\": {\"id\": 3, \"merk\": \"Standard\", \"satuan\": \"lusin\", \"status\": \"baik\", \"deskripsi\": \"Pulpen hitam untuk keperluan administrasi\", \"lokasi_id\": 7, \"created_at\": \"2025-12-21 13:01:44\", \"deleted_at\": null, \"updated_at\": \"2025-12-21 13:01:45\", \"jumlah_stok\": 86, \"kategori_id\": 3, \"kode_barang\": \"ATK-001\", \"nama_barang\": \"Pulpen Hitam\", \"harga_satuan\": \"35000.00\", \"reorder_point\": 20, \"tanggal_pembelian\": \"2024-11-10\"}, \"before\": {\"id\": 3, \"merk\": \"Standard\", \"satuan\": \"lusin\", \"status\": \"baik\", \"deskripsi\": \"Pulpen hitam untuk keperluan administrasi\", \"lokasi_id\": 7, \"created_at\": \"2025-12-21T13:01:44.000000Z\", \"deleted_at\": null, \"updated_at\": \"2025-12-21T13:01:45.000000Z\", \"jumlah_stok\": 37, \"kategori_id\": 3, \"kode_barang\": \"ATK-001\", \"nama_barang\": \"Pulpen Hitam\", \"harga_satuan\": \"35000.00\", \"reorder_point\": 20, \"tanggal_pembelian\": \"2024-11-10T00:00:00.000000Z\"}}', '127.0.0.1', 'Symfony', '2025-12-21 13:01:45', '2025-12-21 13:01:45');
INSERT INTO `log_aktivitas` VALUES ('135', '3', 'create', 'transaksi_barang', '58', 'Transaksi masuk barang Pulpen Hitam sejumlah 49 lusin', '{\"id\": 58, \"barang\": {\"id\": 3, \"merk\": \"Standard\", \"satuan\": \"lusin\", \"status\": \"baik\", \"deskripsi\": \"Pulpen hitam untuk keperluan administrasi\", \"lokasi_id\": 7, \"created_at\": \"2025-12-21T13:01:44.000000Z\", \"deleted_at\": null, \"updated_at\": \"2025-12-21T13:01:45.000000Z\", \"jumlah_stok\": 86, \"kategori_id\": 3, \"kode_barang\": \"ATK-001\", \"nama_barang\": \"Pulpen Hitam\", \"harga_satuan\": \"35000.00\", \"reorder_point\": 20, \"tanggal_pembelian\": \"2024-11-10T00:00:00.000000Z\"}, \"jumlah\": 49, \"user_id\": 3, \"barang_id\": 3, \"created_at\": \"2025-12-21T13:01:45.000000Z\", \"keterangan\": \"Penyimpanan di gudang\", \"updated_at\": \"2025-12-21T13:01:45.000000Z\", \"kode_transaksi\": \"TM-20251220-001\", \"tipe_transaksi\": \"masuk\", \"penanggung_jawab\": null, \"tanggal_transaksi\": \"2025-12-20T00:00:00.000000Z\"}', '127.0.0.1', 'Symfony', '2025-12-21 13:01:45', '2025-12-21 13:01:45');
INSERT INTO `log_aktivitas` VALUES ('136', NULL, 'update', 'barang', '2', 'Mengubah data barang: Meja Belajar Siswa (FUR-001)', '{\"after\": {\"id\": 2, \"merk\": \"Olympic\", \"satuan\": \"unit\", \"status\": \"baik\", \"deskripsi\": \"Meja belajar untuk siswa\", \"lokasi_id\": 3, \"created_at\": \"2025-12-21 13:01:44\", \"deleted_at\": null, \"updated_at\": \"2025-12-21 13:01:45\", \"jumlah_stok\": 85, \"kategori_id\": 2, \"kode_barang\": \"FUR-001\", \"nama_barang\": \"Meja Belajar Siswa\", \"harga_satuan\": \"450000.00\", \"reorder_point\": 30, \"tanggal_pembelian\": \"2023-06-20\"}, \"before\": {\"id\": 2, \"merk\": \"Olympic\", \"satuan\": \"unit\", \"status\": \"baik\", \"deskripsi\": \"Meja belajar untuk siswa\", \"lokasi_id\": 3, \"created_at\": \"2025-12-21T13:01:44.000000Z\", \"deleted_at\": null, \"updated_at\": \"2025-12-21T13:01:45.000000Z\", \"jumlah_stok\": 103, \"kategori_id\": 2, \"kode_barang\": \"FUR-001\", \"nama_barang\": \"Meja Belajar Siswa\", \"harga_satuan\": \"450000.00\", \"reorder_point\": 30, \"tanggal_pembelian\": \"2023-06-20T00:00:00.000000Z\"}}', '127.0.0.1', 'Symfony', '2025-12-21 13:01:45', '2025-12-21 13:01:45');
INSERT INTO `log_aktivitas` VALUES ('137', '2', 'create', 'transaksi_barang', '59', 'Transaksi keluar barang Meja Belajar Siswa sejumlah 18 unit', '{\"id\": 59, \"barang\": {\"id\": 2, \"merk\": \"Olympic\", \"satuan\": \"unit\", \"status\": \"baik\", \"deskripsi\": \"Meja belajar untuk siswa\", \"lokasi_id\": 3, \"created_at\": \"2025-12-21T13:01:44.000000Z\", \"deleted_at\": null, \"updated_at\": \"2025-12-21T13:01:45.000000Z\", \"jumlah_stok\": 85, \"kategori_id\": 2, \"kode_barang\": \"FUR-001\", \"nama_barang\": \"Meja Belajar Siswa\", \"harga_satuan\": \"450000.00\", \"reorder_point\": 30, \"tanggal_pembelian\": \"2023-06-20T00:00:00.000000Z\"}, \"jumlah\": 18, \"user_id\": 2, \"barang_id\": 2, \"created_at\": \"2025-12-21T13:01:45.000000Z\", \"keterangan\": \"Pengiriman ke cabang\", \"updated_at\": \"2025-12-21T13:01:45.000000Z\", \"kode_transaksi\": \"TK-20251220-001\", \"tipe_transaksi\": \"keluar\", \"penanggung_jawab\": null, \"tanggal_transaksi\": \"2025-12-20T00:00:00.000000Z\"}', '127.0.0.1', 'Symfony', '2025-12-21 13:01:45', '2025-12-21 13:01:45');
INSERT INTO `log_aktivitas` VALUES ('138', NULL, 'update', 'barang', '5', 'Mengubah data barang: Buku Matematika Kelas 7 (BKU-001)', '{\"after\": {\"id\": 5, \"merk\": \"Erlangga\", \"satuan\": \"eksemplar\", \"status\": \"baik\", \"deskripsi\": \"Buku pelajaran matematika untuk kelas 7\", \"lokasi_id\": 5, \"created_at\": \"2025-12-21 13:01:44\", \"deleted_at\": null, \"updated_at\": \"2025-12-21 13:01:45\", \"jumlah_stok\": 195, \"kategori_id\": 6, \"kode_barang\": \"BKU-001\", \"nama_barang\": \"Buku Matematika Kelas 7\", \"harga_satuan\": \"85000.00\", \"reorder_point\": 30, \"tanggal_pembelian\": \"2024-07-01\"}, \"before\": {\"id\": 5, \"merk\": \"Erlangga\", \"satuan\": \"eksemplar\", \"status\": \"baik\", \"deskripsi\": \"Buku pelajaran matematika untuk kelas 7\", \"lokasi_id\": 5, \"created_at\": \"2025-12-21T13:01:44.000000Z\", \"deleted_at\": null, \"updated_at\": \"2025-12-21T13:01:45.000000Z\", \"jumlah_stok\": 201, \"kategori_id\": 6, \"kode_barang\": \"BKU-001\", \"nama_barang\": \"Buku Matematika Kelas 7\", \"harga_satuan\": \"85000.00\", \"reorder_point\": 30, \"tanggal_pembelian\": \"2024-07-01T00:00:00.000000Z\"}}', '127.0.0.1', 'Symfony', '2025-12-21 13:01:45', '2025-12-21 13:01:45');
INSERT INTO `log_aktivitas` VALUES ('139', '2', 'create', 'transaksi_barang', '60', 'Transaksi keluar barang Buku Matematika Kelas 7 sejumlah 6 eksemplar', '{\"id\": 60, \"barang\": {\"id\": 5, \"merk\": \"Erlangga\", \"satuan\": \"eksemplar\", \"status\": \"baik\", \"deskripsi\": \"Buku pelajaran matematika untuk kelas 7\", \"lokasi_id\": 5, \"created_at\": \"2025-12-21T13:01:44.000000Z\", \"deleted_at\": null, \"updated_at\": \"2025-12-21T13:01:45.000000Z\", \"jumlah_stok\": 195, \"kategori_id\": 6, \"kode_barang\": \"BKU-001\", \"nama_barang\": \"Buku Matematika Kelas 7\", \"harga_satuan\": \"85000.00\", \"reorder_point\": 30, \"tanggal_pembelian\": \"2024-07-01T00:00:00.000000Z\"}, \"jumlah\": 6, \"user_id\": 2, \"barang_id\": 5, \"created_at\": \"2025-12-21T13:01:45.000000Z\", \"keterangan\": \"Penyimpanan di gudang\", \"updated_at\": \"2025-12-21T13:01:45.000000Z\", \"kode_transaksi\": \"TK-20251221-001\", \"tipe_transaksi\": \"keluar\", \"penanggung_jawab\": \"Fajar Maulana\", \"tanggal_transaksi\": \"2025-12-21T00:00:00.000000Z\"}', '127.0.0.1', 'Symfony', '2025-12-21 13:01:45', '2025-12-21 13:01:45');
INSERT INTO `log_aktivitas` VALUES ('140', NULL, 'update', 'barang', '3', 'Mengubah data barang: Pulpen Hitam (ATK-001)', '{\"after\": {\"id\": 3, \"merk\": \"Standard\", \"satuan\": \"lusin\", \"status\": \"baik\", \"deskripsi\": \"Pulpen hitam untuk keperluan administrasi\", \"lokasi_id\": 7, \"created_at\": \"2025-12-21 13:01:44\", \"deleted_at\": null, \"updated_at\": \"2025-12-21 13:01:45\", \"jumlah_stok\": 95, \"kategori_id\": 3, \"kode_barang\": \"ATK-001\", \"nama_barang\": \"Pulpen Hitam\", \"harga_satuan\": \"35000.00\", \"reorder_point\": 20, \"tanggal_pembelian\": \"2024-11-10\"}, \"before\": {\"id\": 3, \"merk\": \"Standard\", \"satuan\": \"lusin\", \"status\": \"baik\", \"deskripsi\": \"Pulpen hitam untuk keperluan administrasi\", \"lokasi_id\": 7, \"created_at\": \"2025-12-21T13:01:44.000000Z\", \"deleted_at\": null, \"updated_at\": \"2025-12-21T13:01:45.000000Z\", \"jumlah_stok\": 86, \"kategori_id\": 3, \"kode_barang\": \"ATK-001\", \"nama_barang\": \"Pulpen Hitam\", \"harga_satuan\": \"35000.00\", \"reorder_point\": 20, \"tanggal_pembelian\": \"2024-11-10T00:00:00.000000Z\"}}', '127.0.0.1', 'Symfony', '2025-12-21 13:01:45', '2025-12-21 13:01:45');
INSERT INTO `log_aktivitas` VALUES ('141', '1', 'create', 'transaksi_barang', '61', 'Transaksi masuk barang Pulpen Hitam sejumlah 9 lusin', '{\"id\": 61, \"barang\": {\"id\": 3, \"merk\": \"Standard\", \"satuan\": \"lusin\", \"status\": \"baik\", \"deskripsi\": \"Pulpen hitam untuk keperluan administrasi\", \"lokasi_id\": 7, \"created_at\": \"2025-12-21T13:01:44.000000Z\", \"deleted_at\": null, \"updated_at\": \"2025-12-21T13:01:45.000000Z\", \"jumlah_stok\": 95, \"kategori_id\": 3, \"kode_barang\": \"ATK-001\", \"nama_barang\": \"Pulpen Hitam\", \"harga_satuan\": \"35000.00\", \"reorder_point\": 20, \"tanggal_pembelian\": \"2024-11-10T00:00:00.000000Z\"}, \"jumlah\": 9, \"user_id\": 1, \"barang_id\": 3, \"created_at\": \"2025-12-21T13:01:45.000000Z\", \"keterangan\": \"Inventaris bulanan\", \"updated_at\": \"2025-12-21T13:01:45.000000Z\", \"kode_transaksi\": \"TM-20251221-001\", \"tipe_transaksi\": \"masuk\", \"penanggung_jawab\": null, \"tanggal_transaksi\": \"2025-12-21T00:00:00.000000Z\"}', '127.0.0.1', 'Symfony', '2025-12-21 13:01:45', '2025-12-21 13:01:45');
INSERT INTO `log_aktivitas` VALUES ('142', NULL, 'update', 'barang', '2', 'Mengubah data barang: Meja Belajar Siswa (FUR-001)', '{\"after\": {\"id\": 2, \"merk\": \"Olympic\", \"satuan\": \"unit\", \"status\": \"baik\", \"deskripsi\": \"Meja belajar untuk siswa\", \"lokasi_id\": 3, \"created_at\": \"2025-12-21 13:01:44\", \"deleted_at\": null, \"updated_at\": \"2025-12-21 13:01:45\", \"jumlah_stok\": 94, \"kategori_id\": 2, \"kode_barang\": \"FUR-001\", \"nama_barang\": \"Meja Belajar Siswa\", \"harga_satuan\": \"450000.00\", \"reorder_point\": 30, \"tanggal_pembelian\": \"2023-06-20\"}, \"before\": {\"id\": 2, \"merk\": \"Olympic\", \"satuan\": \"unit\", \"status\": \"baik\", \"deskripsi\": \"Meja belajar untuk siswa\", \"lokasi_id\": 3, \"created_at\": \"2025-12-21T13:01:44.000000Z\", \"deleted_at\": null, \"updated_at\": \"2025-12-21T13:01:45.000000Z\", \"jumlah_stok\": 85, \"kategori_id\": 2, \"kode_barang\": \"FUR-001\", \"nama_barang\": \"Meja Belajar Siswa\", \"harga_satuan\": \"450000.00\", \"reorder_point\": 30, \"tanggal_pembelian\": \"2023-06-20T00:00:00.000000Z\"}}', '127.0.0.1', 'Symfony', '2025-12-21 13:01:45', '2025-12-21 13:01:45');
INSERT INTO `log_aktivitas` VALUES ('143', '1', 'create', 'transaksi_barang', '62', 'Transaksi masuk barang Meja Belajar Siswa sejumlah 9 unit', '{\"id\": 62, \"barang\": {\"id\": 2, \"merk\": \"Olympic\", \"satuan\": \"unit\", \"status\": \"baik\", \"deskripsi\": \"Meja belajar untuk siswa\", \"lokasi_id\": 3, \"created_at\": \"2025-12-21T13:01:44.000000Z\", \"deleted_at\": null, \"updated_at\": \"2025-12-21T13:01:45.000000Z\", \"jumlah_stok\": 94, \"kategori_id\": 2, \"kode_barang\": \"FUR-001\", \"nama_barang\": \"Meja Belajar Siswa\", \"harga_satuan\": \"450000.00\", \"reorder_point\": 30, \"tanggal_pembelian\": \"2023-06-20T00:00:00.000000Z\"}, \"jumlah\": 9, \"user_id\": 1, \"barang_id\": 2, \"created_at\": \"2025-12-21T13:01:45.000000Z\", \"keterangan\": \"Koreksi stok\", \"updated_at\": \"2025-12-21T13:01:45.000000Z\", \"kode_transaksi\": \"TM-20251221-002\", \"tipe_transaksi\": \"masuk\", \"penanggung_jawab\": \"Fajar Maulana\", \"tanggal_transaksi\": \"2025-12-21T00:00:00.000000Z\"}', '127.0.0.1', 'Symfony', '2025-12-21 13:01:45', '2025-12-21 13:01:45');
INSERT INTO `log_aktivitas` VALUES ('144', NULL, 'update', 'barang', '2', 'Mengubah data barang: Meja Belajar Siswa (FUR-001)', '{\"after\": {\"id\": 2, \"merk\": \"Olympic\", \"satuan\": \"unit\", \"status\": \"baik\", \"deskripsi\": \"Meja belajar untuk siswa\", \"lokasi_id\": 3, \"created_at\": \"2025-12-21 13:01:44\", \"deleted_at\": null, \"updated_at\": \"2025-12-21 13:01:45\", \"jumlah_stok\": 124, \"kategori_id\": 2, \"kode_barang\": \"FUR-001\", \"nama_barang\": \"Meja Belajar Siswa\", \"harga_satuan\": \"450000.00\", \"reorder_point\": 30, \"tanggal_pembelian\": \"2023-06-20\"}, \"before\": {\"id\": 2, \"merk\": \"Olympic\", \"satuan\": \"unit\", \"status\": \"baik\", \"deskripsi\": \"Meja belajar untuk siswa\", \"lokasi_id\": 3, \"created_at\": \"2025-12-21T13:01:44.000000Z\", \"deleted_at\": null, \"updated_at\": \"2025-12-21T13:01:45.000000Z\", \"jumlah_stok\": 94, \"kategori_id\": 2, \"kode_barang\": \"FUR-001\", \"nama_barang\": \"Meja Belajar Siswa\", \"harga_satuan\": \"450000.00\", \"reorder_point\": 30, \"tanggal_pembelian\": \"2023-06-20T00:00:00.000000Z\"}}', '127.0.0.1', 'Symfony', '2025-12-21 13:01:45', '2025-12-21 13:01:45');
INSERT INTO `log_aktivitas` VALUES ('145', '2', 'create', 'transaksi_barang', '63', 'Transaksi masuk barang Meja Belajar Siswa sejumlah 30 unit', '{\"id\": 63, \"barang\": {\"id\": 2, \"merk\": \"Olympic\", \"satuan\": \"unit\", \"status\": \"baik\", \"deskripsi\": \"Meja belajar untuk siswa\", \"lokasi_id\": 3, \"created_at\": \"2025-12-21T13:01:44.000000Z\", \"deleted_at\": null, \"updated_at\": \"2025-12-21T13:01:45.000000Z\", \"jumlah_stok\": 124, \"kategori_id\": 2, \"kode_barang\": \"FUR-001\", \"nama_barang\": \"Meja Belajar Siswa\", \"harga_satuan\": \"450000.00\", \"reorder_point\": 30, \"tanggal_pembelian\": \"2023-06-20T00:00:00.000000Z\"}, \"jumlah\": 30, \"user_id\": 2, \"barang_id\": 2, \"created_at\": \"2025-12-21T13:01:45.000000Z\", \"keterangan\": null, \"updated_at\": \"2025-12-21T13:01:45.000000Z\", \"kode_transaksi\": \"TM-20251221-003\", \"tipe_transaksi\": \"masuk\", \"penanggung_jawab\": \"Ahmad Rahman\", \"tanggal_transaksi\": \"2025-12-21T00:00:00.000000Z\"}', '127.0.0.1', 'Symfony', '2025-12-21 13:01:45', '2025-12-21 13:01:45');
INSERT INTO `log_aktivitas` VALUES ('146', NULL, 'update', 'barang', '4', 'Mengubah data barang: Proyektor LCD (ELK-002)', '{\"after\": {\"id\": 4, \"merk\": \"Epson\", \"satuan\": \"unit\", \"status\": \"rusak\", \"deskripsi\": \"Proyektor untuk presentasi - perlu perbaikan\", \"lokasi_id\": 2, \"created_at\": \"2025-12-21 13:01:44\", \"deleted_at\": null, \"updated_at\": \"2025-12-21 13:01:45\", \"jumlah_stok\": 302, \"kategori_id\": 1, \"kode_barang\": \"ELK-002\", \"nama_barang\": \"Proyektor LCD\", \"harga_satuan\": \"5500000.00\", \"reorder_point\": 1, \"tanggal_pembelian\": \"2022-08-15\"}, \"before\": {\"id\": 4, \"merk\": \"Epson\", \"satuan\": \"unit\", \"status\": \"rusak\", \"deskripsi\": \"Proyektor untuk presentasi - perlu perbaikan\", \"lokasi_id\": 2, \"created_at\": \"2025-12-21T13:01:44.000000Z\", \"deleted_at\": null, \"updated_at\": \"2025-12-21T13:01:45.000000Z\", \"jumlah_stok\": 297, \"kategori_id\": 1, \"kode_barang\": \"ELK-002\", \"nama_barang\": \"Proyektor LCD\", \"harga_satuan\": \"5500000.00\", \"reorder_point\": 1, \"tanggal_pembelian\": \"2022-08-15T00:00:00.000000Z\"}}', '127.0.0.1', 'Symfony', '2025-12-21 13:01:45', '2025-12-21 13:01:45');
INSERT INTO `log_aktivitas` VALUES ('147', '2', 'create', 'transaksi_barang', '64', 'Transaksi masuk barang Proyektor LCD sejumlah 5 unit', '{\"id\": 64, \"barang\": {\"id\": 4, \"merk\": \"Epson\", \"satuan\": \"unit\", \"status\": \"rusak\", \"deskripsi\": \"Proyektor untuk presentasi - perlu perbaikan\", \"lokasi_id\": 2, \"created_at\": \"2025-12-21T13:01:44.000000Z\", \"deleted_at\": null, \"updated_at\": \"2025-12-21T13:01:45.000000Z\", \"jumlah_stok\": 302, \"kategori_id\": 1, \"kode_barang\": \"ELK-002\", \"nama_barang\": \"Proyektor LCD\", \"harga_satuan\": \"5500000.00\", \"reorder_point\": 1, \"tanggal_pembelian\": \"2022-08-15T00:00:00.000000Z\"}, \"jumlah\": 5, \"user_id\": 2, \"barang_id\": 4, \"created_at\": \"2025-12-21T13:01:45.000000Z\", \"keterangan\": null, \"updated_at\": \"2025-12-21T13:01:45.000000Z\", \"kode_transaksi\": \"TM-20251221-004\", \"tipe_transaksi\": \"masuk\", \"penanggung_jawab\": \"Budi Santoso\", \"tanggal_transaksi\": \"2025-12-21T00:00:00.000000Z\"}', '127.0.0.1', 'Symfony', '2025-12-21 13:01:45', '2025-12-21 13:01:45');
INSERT INTO `log_aktivitas` VALUES ('148', NULL, 'update', 'barang', '4', 'Mengubah data barang: Proyektor LCD (ELK-002)', '{\"after\": {\"id\": 4, \"merk\": \"Epson\", \"satuan\": \"unit\", \"status\": \"rusak\", \"deskripsi\": \"Proyektor untuk presentasi - perlu perbaikan\", \"lokasi_id\": 2, \"created_at\": \"2025-12-21 13:01:44\", \"deleted_at\": null, \"updated_at\": \"2025-12-21 13:01:45\", \"jumlah_stok\": 309, \"kategori_id\": 1, \"kode_barang\": \"ELK-002\", \"nama_barang\": \"Proyektor LCD\", \"harga_satuan\": \"5500000.00\", \"reorder_point\": 1, \"tanggal_pembelian\": \"2022-08-15\"}, \"before\": {\"id\": 4, \"merk\": \"Epson\", \"satuan\": \"unit\", \"status\": \"rusak\", \"deskripsi\": \"Proyektor untuk presentasi - perlu perbaikan\", \"lokasi_id\": 2, \"created_at\": \"2025-12-21T13:01:44.000000Z\", \"deleted_at\": null, \"updated_at\": \"2025-12-21T13:01:45.000000Z\", \"jumlah_stok\": 302, \"kategori_id\": 1, \"kode_barang\": \"ELK-002\", \"nama_barang\": \"Proyektor LCD\", \"harga_satuan\": \"5500000.00\", \"reorder_point\": 1, \"tanggal_pembelian\": \"2022-08-15T00:00:00.000000Z\"}}', '127.0.0.1', 'Symfony', '2025-12-21 13:01:45', '2025-12-21 13:01:45');
INSERT INTO `log_aktivitas` VALUES ('149', '3', 'create', 'transaksi_barang', '65', 'Transaksi masuk barang Proyektor LCD sejumlah 7 unit', '{\"id\": 65, \"barang\": {\"id\": 4, \"merk\": \"Epson\", \"satuan\": \"unit\", \"status\": \"rusak\", \"deskripsi\": \"Proyektor untuk presentasi - perlu perbaikan\", \"lokasi_id\": 2, \"created_at\": \"2025-12-21T13:01:44.000000Z\", \"deleted_at\": null, \"updated_at\": \"2025-12-21T13:01:45.000000Z\", \"jumlah_stok\": 309, \"kategori_id\": 1, \"kode_barang\": \"ELK-002\", \"nama_barang\": \"Proyektor LCD\", \"harga_satuan\": \"5500000.00\", \"reorder_point\": 1, \"tanggal_pembelian\": \"2022-08-15T00:00:00.000000Z\"}, \"jumlah\": 7, \"user_id\": 3, \"barang_id\": 4, \"created_at\": \"2025-12-21T13:01:45.000000Z\", \"keterangan\": \"Inventaris bulanan\", \"updated_at\": \"2025-12-21T13:01:45.000000Z\", \"kode_transaksi\": \"TM-20251222-001\", \"tipe_transaksi\": \"masuk\", \"penanggung_jawab\": null, \"tanggal_transaksi\": \"2025-12-22T00:00:00.000000Z\"}', '127.0.0.1', 'Symfony', '2025-12-21 13:01:45', '2025-12-21 13:01:45');
INSERT INTO `log_aktivitas` VALUES ('150', NULL, 'update', 'barang', '2', 'Mengubah data barang: Meja Belajar Siswa (FUR-001)', '{\"after\": {\"id\": 2, \"merk\": \"Olympic\", \"satuan\": \"unit\", \"status\": \"baik\", \"deskripsi\": \"Meja belajar untuk siswa\", \"lokasi_id\": 3, \"created_at\": \"2025-12-21 13:01:44\", \"deleted_at\": null, \"updated_at\": \"2025-12-21 13:01:45\", \"jumlah_stok\": 135, \"kategori_id\": 2, \"kode_barang\": \"FUR-001\", \"nama_barang\": \"Meja Belajar Siswa\", \"harga_satuan\": \"450000.00\", \"reorder_point\": 30, \"tanggal_pembelian\": \"2023-06-20\"}, \"before\": {\"id\": 2, \"merk\": \"Olympic\", \"satuan\": \"unit\", \"status\": \"baik\", \"deskripsi\": \"Meja belajar untuk siswa\", \"lokasi_id\": 3, \"created_at\": \"2025-12-21T13:01:44.000000Z\", \"deleted_at\": null, \"updated_at\": \"2025-12-21T13:01:45.000000Z\", \"jumlah_stok\": 124, \"kategori_id\": 2, \"kode_barang\": \"FUR-001\", \"nama_barang\": \"Meja Belajar Siswa\", \"harga_satuan\": \"450000.00\", \"reorder_point\": 30, \"tanggal_pembelian\": \"2023-06-20T00:00:00.000000Z\"}}', '127.0.0.1', 'Symfony', '2025-12-21 13:01:45', '2025-12-21 13:01:45');
INSERT INTO `log_aktivitas` VALUES ('151', '1', 'create', 'transaksi_barang', '66', 'Transaksi masuk barang Meja Belajar Siswa sejumlah 11 unit', '{\"id\": 66, \"barang\": {\"id\": 2, \"merk\": \"Olympic\", \"satuan\": \"unit\", \"status\": \"baik\", \"deskripsi\": \"Meja belajar untuk siswa\", \"lokasi_id\": 3, \"created_at\": \"2025-12-21T13:01:44.000000Z\", \"deleted_at\": null, \"updated_at\": \"2025-12-21T13:01:45.000000Z\", \"jumlah_stok\": 135, \"kategori_id\": 2, \"kode_barang\": \"FUR-001\", \"nama_barang\": \"Meja Belajar Siswa\", \"harga_satuan\": \"450000.00\", \"reorder_point\": 30, \"tanggal_pembelian\": \"2023-06-20T00:00:00.000000Z\"}, \"jumlah\": 11, \"user_id\": 1, \"barang_id\": 2, \"created_at\": \"2025-12-21T13:01:45.000000Z\", \"keterangan\": \"Penerimaan dari supplier\", \"updated_at\": \"2025-12-21T13:01:45.000000Z\", \"kode_transaksi\": \"TM-20251222-002\", \"tipe_transaksi\": \"masuk\", \"penanggung_jawab\": \"Dewi Kusuma\", \"tanggal_transaksi\": \"2025-12-22T00:00:00.000000Z\"}', '127.0.0.1', 'Symfony', '2025-12-21 13:01:45', '2025-12-21 13:01:45');
INSERT INTO `log_aktivitas` VALUES ('152', NULL, 'update', 'barang', '4', 'Mengubah data barang: Proyektor LCD (ELK-002)', '{\"after\": {\"id\": 4, \"merk\": \"Epson\", \"satuan\": \"unit\", \"status\": \"rusak\", \"deskripsi\": \"Proyektor untuk presentasi - perlu perbaikan\", \"lokasi_id\": 2, \"created_at\": \"2025-12-21 13:01:44\", \"deleted_at\": null, \"updated_at\": \"2025-12-21 13:01:45\", \"jumlah_stok\": 344, \"kategori_id\": 1, \"kode_barang\": \"ELK-002\", \"nama_barang\": \"Proyektor LCD\", \"harga_satuan\": \"5500000.00\", \"reorder_point\": 1, \"tanggal_pembelian\": \"2022-08-15\"}, \"before\": {\"id\": 4, \"merk\": \"Epson\", \"satuan\": \"unit\", \"status\": \"rusak\", \"deskripsi\": \"Proyektor untuk presentasi - perlu perbaikan\", \"lokasi_id\": 2, \"created_at\": \"2025-12-21T13:01:44.000000Z\", \"deleted_at\": null, \"updated_at\": \"2025-12-21T13:01:45.000000Z\", \"jumlah_stok\": 309, \"kategori_id\": 1, \"kode_barang\": \"ELK-002\", \"nama_barang\": \"Proyektor LCD\", \"harga_satuan\": \"5500000.00\", \"reorder_point\": 1, \"tanggal_pembelian\": \"2022-08-15T00:00:00.000000Z\"}}', '127.0.0.1', 'Symfony', '2025-12-21 13:01:45', '2025-12-21 13:01:45');
INSERT INTO `log_aktivitas` VALUES ('153', '2', 'create', 'transaksi_barang', '67', 'Transaksi masuk barang Proyektor LCD sejumlah 35 unit', '{\"id\": 67, \"barang\": {\"id\": 4, \"merk\": \"Epson\", \"satuan\": \"unit\", \"status\": \"rusak\", \"deskripsi\": \"Proyektor untuk presentasi - perlu perbaikan\", \"lokasi_id\": 2, \"created_at\": \"2025-12-21T13:01:44.000000Z\", \"deleted_at\": null, \"updated_at\": \"2025-12-21T13:01:45.000000Z\", \"jumlah_stok\": 344, \"kategori_id\": 1, \"kode_barang\": \"ELK-002\", \"nama_barang\": \"Proyektor LCD\", \"harga_satuan\": \"5500000.00\", \"reorder_point\": 1, \"tanggal_pembelian\": \"2022-08-15T00:00:00.000000Z\"}, \"jumlah\": 35, \"user_id\": 2, \"barang_id\": 4, \"created_at\": \"2025-12-21T13:01:45.000000Z\", \"keterangan\": \"Inventaris bulanan\", \"updated_at\": \"2025-12-21T13:01:45.000000Z\", \"kode_transaksi\": \"TM-20251222-003\", \"tipe_transaksi\": \"masuk\", \"penanggung_jawab\": null, \"tanggal_transaksi\": \"2025-12-22T00:00:00.000000Z\"}', '127.0.0.1', 'Symfony', '2025-12-21 13:01:45', '2025-12-21 13:01:45');
INSERT INTO `log_aktivitas` VALUES ('154', NULL, 'update', 'barang', '2', 'Mengubah data barang: Meja Belajar Siswa (FUR-001)', '{\"after\": {\"id\": 2, \"merk\": \"Olympic\", \"satuan\": \"unit\", \"status\": \"baik\", \"deskripsi\": \"Meja belajar untuk siswa\", \"lokasi_id\": 3, \"created_at\": \"2025-12-21 13:01:44\", \"deleted_at\": null, \"updated_at\": \"2025-12-21 13:01:45\", \"jumlah_stok\": 156, \"kategori_id\": 2, \"kode_barang\": \"FUR-001\", \"nama_barang\": \"Meja Belajar Siswa\", \"harga_satuan\": \"450000.00\", \"reorder_point\": 30, \"tanggal_pembelian\": \"2023-06-20\"}, \"before\": {\"id\": 2, \"merk\": \"Olympic\", \"satuan\": \"unit\", \"status\": \"baik\", \"deskripsi\": \"Meja belajar untuk siswa\", \"lokasi_id\": 3, \"created_at\": \"2025-12-21T13:01:44.000000Z\", \"deleted_at\": null, \"updated_at\": \"2025-12-21T13:01:45.000000Z\", \"jumlah_stok\": 135, \"kategori_id\": 2, \"kode_barang\": \"FUR-001\", \"nama_barang\": \"Meja Belajar Siswa\", \"harga_satuan\": \"450000.00\", \"reorder_point\": 30, \"tanggal_pembelian\": \"2023-06-20T00:00:00.000000Z\"}}', '127.0.0.1', 'Symfony', '2025-12-21 13:01:45', '2025-12-21 13:01:45');
INSERT INTO `log_aktivitas` VALUES ('155', '1', 'create', 'transaksi_barang', '68', 'Transaksi masuk barang Meja Belajar Siswa sejumlah 21 unit', '{\"id\": 68, \"barang\": {\"id\": 2, \"merk\": \"Olympic\", \"satuan\": \"unit\", \"status\": \"baik\", \"deskripsi\": \"Meja belajar untuk siswa\", \"lokasi_id\": 3, \"created_at\": \"2025-12-21T13:01:44.000000Z\", \"deleted_at\": null, \"updated_at\": \"2025-12-21T13:01:45.000000Z\", \"jumlah_stok\": 156, \"kategori_id\": 2, \"kode_barang\": \"FUR-001\", \"nama_barang\": \"Meja Belajar Siswa\", \"harga_satuan\": \"450000.00\", \"reorder_point\": 30, \"tanggal_pembelian\": \"2023-06-20T00:00:00.000000Z\"}, \"jumlah\": 21, \"user_id\": 1, \"barang_id\": 2, \"created_at\": \"2025-12-21T13:01:45.000000Z\", \"keterangan\": null, \"updated_at\": \"2025-12-21T13:01:45.000000Z\", \"kode_transaksi\": \"TM-20251222-004\", \"tipe_transaksi\": \"masuk\", \"penanggung_jawab\": null, \"tanggal_transaksi\": \"2025-12-22T00:00:00.000000Z\"}', '127.0.0.1', 'Symfony', '2025-12-21 13:01:45', '2025-12-21 13:01:45');
INSERT INTO `log_aktivitas` VALUES ('156', NULL, 'update', 'barang', '3', 'Mengubah data barang: Pulpen Hitam (ATK-001)', '{\"after\": {\"id\": 3, \"merk\": \"Standard\", \"satuan\": \"lusin\", \"status\": \"baik\", \"deskripsi\": \"Pulpen hitam untuk keperluan administrasi\", \"lokasi_id\": 7, \"created_at\": \"2025-12-21 13:01:44\", \"deleted_at\": null, \"updated_at\": \"2025-12-21 13:01:45\", \"jumlah_stok\": 125, \"kategori_id\": 3, \"kode_barang\": \"ATK-001\", \"nama_barang\": \"Pulpen Hitam\", \"harga_satuan\": \"35000.00\", \"reorder_point\": 20, \"tanggal_pembelian\": \"2024-11-10\"}, \"before\": {\"id\": 3, \"merk\": \"Standard\", \"satuan\": \"lusin\", \"status\": \"baik\", \"deskripsi\": \"Pulpen hitam untuk keperluan administrasi\", \"lokasi_id\": 7, \"created_at\": \"2025-12-21T13:01:44.000000Z\", \"deleted_at\": null, \"updated_at\": \"2025-12-21T13:01:45.000000Z\", \"jumlah_stok\": 95, \"kategori_id\": 3, \"kode_barang\": \"ATK-001\", \"nama_barang\": \"Pulpen Hitam\", \"harga_satuan\": \"35000.00\", \"reorder_point\": 20, \"tanggal_pembelian\": \"2024-11-10T00:00:00.000000Z\"}}', '127.0.0.1', 'Symfony', '2025-12-21 13:01:45', '2025-12-21 13:01:45');
INSERT INTO `log_aktivitas` VALUES ('157', '3', 'create', 'transaksi_barang', '69', 'Transaksi masuk barang Pulpen Hitam sejumlah 30 lusin', '{\"id\": 69, \"barang\": {\"id\": 3, \"merk\": \"Standard\", \"satuan\": \"lusin\", \"status\": \"baik\", \"deskripsi\": \"Pulpen hitam untuk keperluan administrasi\", \"lokasi_id\": 7, \"created_at\": \"2025-12-21T13:01:44.000000Z\", \"deleted_at\": null, \"updated_at\": \"2025-12-21T13:01:45.000000Z\", \"jumlah_stok\": 125, \"kategori_id\": 3, \"kode_barang\": \"ATK-001\", \"nama_barang\": \"Pulpen Hitam\", \"harga_satuan\": \"35000.00\", \"reorder_point\": 20, \"tanggal_pembelian\": \"2024-11-10T00:00:00.000000Z\"}, \"jumlah\": 30, \"user_id\": 3, \"barang_id\": 3, \"created_at\": \"2025-12-21T13:01:45.000000Z\", \"keterangan\": null, \"updated_at\": \"2025-12-21T13:01:45.000000Z\", \"kode_transaksi\": \"TM-20251223-001\", \"tipe_transaksi\": \"masuk\", \"penanggung_jawab\": \"Fajar Maulana\", \"tanggal_transaksi\": \"2025-12-23T00:00:00.000000Z\"}', '127.0.0.1', 'Symfony', '2025-12-21 13:01:45', '2025-12-21 13:01:45');
INSERT INTO `log_aktivitas` VALUES ('158', NULL, 'update', 'barang', '4', 'Mengubah data barang: Proyektor LCD (ELK-002)', '{\"after\": {\"id\": 4, \"merk\": \"Epson\", \"satuan\": \"unit\", \"status\": \"rusak\", \"deskripsi\": \"Proyektor untuk presentasi - perlu perbaikan\", \"lokasi_id\": 2, \"created_at\": \"2025-12-21 13:01:44\", \"deleted_at\": null, \"updated_at\": \"2025-12-21 13:01:45\", \"jumlah_stok\": 351, \"kategori_id\": 1, \"kode_barang\": \"ELK-002\", \"nama_barang\": \"Proyektor LCD\", \"harga_satuan\": \"5500000.00\", \"reorder_point\": 1, \"tanggal_pembelian\": \"2022-08-15\"}, \"before\": {\"id\": 4, \"merk\": \"Epson\", \"satuan\": \"unit\", \"status\": \"rusak\", \"deskripsi\": \"Proyektor untuk presentasi - perlu perbaikan\", \"lokasi_id\": 2, \"created_at\": \"2025-12-21T13:01:44.000000Z\", \"deleted_at\": null, \"updated_at\": \"2025-12-21T13:01:45.000000Z\", \"jumlah_stok\": 344, \"kategori_id\": 1, \"kode_barang\": \"ELK-002\", \"nama_barang\": \"Proyektor LCD\", \"harga_satuan\": \"5500000.00\", \"reorder_point\": 1, \"tanggal_pembelian\": \"2022-08-15T00:00:00.000000Z\"}}', '127.0.0.1', 'Symfony', '2025-12-21 13:01:45', '2025-12-21 13:01:45');
INSERT INTO `log_aktivitas` VALUES ('159', '1', 'create', 'transaksi_barang', '70', 'Transaksi masuk barang Proyektor LCD sejumlah 7 unit', '{\"id\": 70, \"barang\": {\"id\": 4, \"merk\": \"Epson\", \"satuan\": \"unit\", \"status\": \"rusak\", \"deskripsi\": \"Proyektor untuk presentasi - perlu perbaikan\", \"lokasi_id\": 2, \"created_at\": \"2025-12-21T13:01:44.000000Z\", \"deleted_at\": null, \"updated_at\": \"2025-12-21T13:01:45.000000Z\", \"jumlah_stok\": 351, \"kategori_id\": 1, \"kode_barang\": \"ELK-002\", \"nama_barang\": \"Proyektor LCD\", \"harga_satuan\": \"5500000.00\", \"reorder_point\": 1, \"tanggal_pembelian\": \"2022-08-15T00:00:00.000000Z\"}, \"jumlah\": 7, \"user_id\": 1, \"barang_id\": 4, \"created_at\": \"2025-12-21T13:01:45.000000Z\", \"keterangan\": \"Inventaris bulanan\", \"updated_at\": \"2025-12-21T13:01:45.000000Z\", \"kode_transaksi\": \"TM-20251223-002\", \"tipe_transaksi\": \"masuk\", \"penanggung_jawab\": \"Siti Nurhaliza\", \"tanggal_transaksi\": \"2025-12-23T00:00:00.000000Z\"}', '127.0.0.1', 'Symfony', '2025-12-21 13:01:45', '2025-12-21 13:01:45');
INSERT INTO `log_aktivitas` VALUES ('160', NULL, 'update', 'barang', '2', 'Mengubah data barang: Meja Belajar Siswa (FUR-001)', '{\"after\": {\"id\": 2, \"merk\": \"Olympic\", \"satuan\": \"unit\", \"status\": \"baik\", \"deskripsi\": \"Meja belajar untuk siswa\", \"lokasi_id\": 3, \"created_at\": \"2025-12-21 13:01:44\", \"deleted_at\": null, \"updated_at\": \"2025-12-21 13:01:45\", \"jumlah_stok\": 137, \"kategori_id\": 2, \"kode_barang\": \"FUR-001\", \"nama_barang\": \"Meja Belajar Siswa\", \"harga_satuan\": \"450000.00\", \"reorder_point\": 30, \"tanggal_pembelian\": \"2023-06-20\"}, \"before\": {\"id\": 2, \"merk\": \"Olympic\", \"satuan\": \"unit\", \"status\": \"baik\", \"deskripsi\": \"Meja belajar untuk siswa\", \"lokasi_id\": 3, \"created_at\": \"2025-12-21T13:01:44.000000Z\", \"deleted_at\": null, \"updated_at\": \"2025-12-21T13:01:45.000000Z\", \"jumlah_stok\": 156, \"kategori_id\": 2, \"kode_barang\": \"FUR-001\", \"nama_barang\": \"Meja Belajar Siswa\", \"harga_satuan\": \"450000.00\", \"reorder_point\": 30, \"tanggal_pembelian\": \"2023-06-20T00:00:00.000000Z\"}}', '127.0.0.1', 'Symfony', '2025-12-21 13:01:46', '2025-12-21 13:01:46');
INSERT INTO `log_aktivitas` VALUES ('161', '1', 'create', 'transaksi_barang', '71', 'Transaksi keluar barang Meja Belajar Siswa sejumlah 19 unit', '{\"id\": 71, \"barang\": {\"id\": 2, \"merk\": \"Olympic\", \"satuan\": \"unit\", \"status\": \"baik\", \"deskripsi\": \"Meja belajar untuk siswa\", \"lokasi_id\": 3, \"created_at\": \"2025-12-21T13:01:44.000000Z\", \"deleted_at\": null, \"updated_at\": \"2025-12-21T13:01:45.000000Z\", \"jumlah_stok\": 137, \"kategori_id\": 2, \"kode_barang\": \"FUR-001\", \"nama_barang\": \"Meja Belajar Siswa\", \"harga_satuan\": \"450000.00\", \"reorder_point\": 30, \"tanggal_pembelian\": \"2023-06-20T00:00:00.000000Z\"}, \"jumlah\": 19, \"user_id\": 1, \"barang_id\": 2, \"created_at\": \"2025-12-21T13:01:46.000000Z\", \"keterangan\": null, \"updated_at\": \"2025-12-21T13:01:46.000000Z\", \"kode_transaksi\": \"TK-20251223-001\", \"tipe_transaksi\": \"keluar\", \"penanggung_jawab\": \"Eka Putri\", \"tanggal_transaksi\": \"2025-12-23T00:00:00.000000Z\"}', '127.0.0.1', 'Symfony', '2025-12-21 13:01:46', '2025-12-21 13:01:46');
INSERT INTO `log_aktivitas` VALUES ('162', NULL, 'update', 'barang', '3', 'Mengubah data barang: Pulpen Hitam (ATK-001)', '{\"after\": {\"id\": 3, \"merk\": \"Standard\", \"satuan\": \"lusin\", \"status\": \"baik\", \"deskripsi\": \"Pulpen hitam untuk keperluan administrasi\", \"lokasi_id\": 7, \"created_at\": \"2025-12-21 13:01:44\", \"deleted_at\": null, \"updated_at\": \"2025-12-21 13:01:45\", \"jumlah_stok\": 137, \"kategori_id\": 3, \"kode_barang\": \"ATK-001\", \"nama_barang\": \"Pulpen Hitam\", \"harga_satuan\": \"35000.00\", \"reorder_point\": 20, \"tanggal_pembelian\": \"2024-11-10\"}, \"before\": {\"id\": 3, \"merk\": \"Standard\", \"satuan\": \"lusin\", \"status\": \"baik\", \"deskripsi\": \"Pulpen hitam untuk keperluan administrasi\", \"lokasi_id\": 7, \"created_at\": \"2025-12-21T13:01:44.000000Z\", \"deleted_at\": null, \"updated_at\": \"2025-12-21T13:01:45.000000Z\", \"jumlah_stok\": 125, \"kategori_id\": 3, \"kode_barang\": \"ATK-001\", \"nama_barang\": \"Pulpen Hitam\", \"harga_satuan\": \"35000.00\", \"reorder_point\": 20, \"tanggal_pembelian\": \"2024-11-10T00:00:00.000000Z\"}}', '127.0.0.1', 'Symfony', '2025-12-21 13:01:46', '2025-12-21 13:01:46');
INSERT INTO `log_aktivitas` VALUES ('163', '3', 'create', 'transaksi_barang', '72', 'Transaksi masuk barang Pulpen Hitam sejumlah 12 lusin', '{\"id\": 72, \"barang\": {\"id\": 3, \"merk\": \"Standard\", \"satuan\": \"lusin\", \"status\": \"baik\", \"deskripsi\": \"Pulpen hitam untuk keperluan administrasi\", \"lokasi_id\": 7, \"created_at\": \"2025-12-21T13:01:44.000000Z\", \"deleted_at\": null, \"updated_at\": \"2025-12-21T13:01:45.000000Z\", \"jumlah_stok\": 137, \"kategori_id\": 3, \"kode_barang\": \"ATK-001\", \"nama_barang\": \"Pulpen Hitam\", \"harga_satuan\": \"35000.00\", \"reorder_point\": 20, \"tanggal_pembelian\": \"2024-11-10T00:00:00.000000Z\"}, \"jumlah\": 12, \"user_id\": 3, \"barang_id\": 3, \"created_at\": \"2025-12-21T13:01:46.000000Z\", \"keterangan\": \"Penerimaan dari supplier\", \"updated_at\": \"2025-12-21T13:01:46.000000Z\", \"kode_transaksi\": \"TM-20251224-001\", \"tipe_transaksi\": \"masuk\", \"penanggung_jawab\": \"Maria Santoso\", \"tanggal_transaksi\": \"2025-12-24T00:00:00.000000Z\"}', '127.0.0.1', 'Symfony', '2025-12-21 13:01:46', '2025-12-21 13:01:46');
INSERT INTO `log_aktivitas` VALUES ('164', NULL, 'update', 'barang', '2', 'Mengubah data barang: Meja Belajar Siswa (FUR-001)', '{\"after\": {\"id\": 2, \"merk\": \"Olympic\", \"satuan\": \"unit\", \"status\": \"baik\", \"deskripsi\": \"Meja belajar untuk siswa\", \"lokasi_id\": 3, \"created_at\": \"2025-12-21 13:01:44\", \"deleted_at\": null, \"updated_at\": \"2025-12-21 13:01:46\", \"jumlah_stok\": 174, \"kategori_id\": 2, \"kode_barang\": \"FUR-001\", \"nama_barang\": \"Meja Belajar Siswa\", \"harga_satuan\": \"450000.00\", \"reorder_point\": 30, \"tanggal_pembelian\": \"2023-06-20\"}, \"before\": {\"id\": 2, \"merk\": \"Olympic\", \"satuan\": \"unit\", \"status\": \"baik\", \"deskripsi\": \"Meja belajar untuk siswa\", \"lokasi_id\": 3, \"created_at\": \"2025-12-21T13:01:44.000000Z\", \"deleted_at\": null, \"updated_at\": \"2025-12-21T13:01:46.000000Z\", \"jumlah_stok\": 137, \"kategori_id\": 2, \"kode_barang\": \"FUR-001\", \"nama_barang\": \"Meja Belajar Siswa\", \"harga_satuan\": \"450000.00\", \"reorder_point\": 30, \"tanggal_pembelian\": \"2023-06-20T00:00:00.000000Z\"}}', '127.0.0.1', 'Symfony', '2025-12-21 13:01:46', '2025-12-21 13:01:46');
INSERT INTO `log_aktivitas` VALUES ('165', '2', 'create', 'transaksi_barang', '73', 'Transaksi masuk barang Meja Belajar Siswa sejumlah 37 unit', '{\"id\": 73, \"barang\": {\"id\": 2, \"merk\": \"Olympic\", \"satuan\": \"unit\", \"status\": \"baik\", \"deskripsi\": \"Meja belajar untuk siswa\", \"lokasi_id\": 3, \"created_at\": \"2025-12-21T13:01:44.000000Z\", \"deleted_at\": null, \"updated_at\": \"2025-12-21T13:01:46.000000Z\", \"jumlah_stok\": 174, \"kategori_id\": 2, \"kode_barang\": \"FUR-001\", \"nama_barang\": \"Meja Belajar Siswa\", \"harga_satuan\": \"450000.00\", \"reorder_point\": 30, \"tanggal_pembelian\": \"2023-06-20T00:00:00.000000Z\"}, \"jumlah\": 37, \"user_id\": 2, \"barang_id\": 2, \"created_at\": \"2025-12-21T13:01:46.000000Z\", \"keterangan\": \"Penyimpanan di gudang\", \"updated_at\": \"2025-12-21T13:01:46.000000Z\", \"kode_transaksi\": \"TM-20251224-002\", \"tipe_transaksi\": \"masuk\", \"penanggung_jawab\": \"Siti Nurhaliza\", \"tanggal_transaksi\": \"2025-12-24T00:00:00.000000Z\"}', '127.0.0.1', 'Symfony', '2025-12-21 13:01:46', '2025-12-21 13:01:46');
INSERT INTO `log_aktivitas` VALUES ('166', NULL, 'update', 'barang', '4', 'Mengubah data barang: Proyektor LCD (ELK-002)', '{\"after\": {\"id\": 4, \"merk\": \"Epson\", \"satuan\": \"unit\", \"status\": \"rusak\", \"deskripsi\": \"Proyektor untuk presentasi - perlu perbaikan\", \"lokasi_id\": 2, \"created_at\": \"2025-12-21 13:01:44\", \"deleted_at\": null, \"updated_at\": \"2025-12-21 13:01:45\", \"jumlah_stok\": 337, \"kategori_id\": 1, \"kode_barang\": \"ELK-002\", \"nama_barang\": \"Proyektor LCD\", \"harga_satuan\": \"5500000.00\", \"reorder_point\": 1, \"tanggal_pembelian\": \"2022-08-15\"}, \"before\": {\"id\": 4, \"merk\": \"Epson\", \"satuan\": \"unit\", \"status\": \"rusak\", \"deskripsi\": \"Proyektor untuk presentasi - perlu perbaikan\", \"lokasi_id\": 2, \"created_at\": \"2025-12-21T13:01:44.000000Z\", \"deleted_at\": null, \"updated_at\": \"2025-12-21T13:01:45.000000Z\", \"jumlah_stok\": 351, \"kategori_id\": 1, \"kode_barang\": \"ELK-002\", \"nama_barang\": \"Proyektor LCD\", \"harga_satuan\": \"5500000.00\", \"reorder_point\": 1, \"tanggal_pembelian\": \"2022-08-15T00:00:00.000000Z\"}}', '127.0.0.1', 'Symfony', '2025-12-21 13:01:46', '2025-12-21 13:01:46');
INSERT INTO `log_aktivitas` VALUES ('167', '1', 'create', 'transaksi_barang', '74', 'Transaksi keluar barang Proyektor LCD sejumlah 14 unit', '{\"id\": 74, \"barang\": {\"id\": 4, \"merk\": \"Epson\", \"satuan\": \"unit\", \"status\": \"rusak\", \"deskripsi\": \"Proyektor untuk presentasi - perlu perbaikan\", \"lokasi_id\": 2, \"created_at\": \"2025-12-21T13:01:44.000000Z\", \"deleted_at\": null, \"updated_at\": \"2025-12-21T13:01:45.000000Z\", \"jumlah_stok\": 337, \"kategori_id\": 1, \"kode_barang\": \"ELK-002\", \"nama_barang\": \"Proyektor LCD\", \"harga_satuan\": \"5500000.00\", \"reorder_point\": 1, \"tanggal_pembelian\": \"2022-08-15T00:00:00.000000Z\"}, \"jumlah\": 14, \"user_id\": 1, \"barang_id\": 4, \"created_at\": \"2025-12-21T13:01:46.000000Z\", \"keterangan\": null, \"updated_at\": \"2025-12-21T13:01:46.000000Z\", \"kode_transaksi\": \"TK-20251224-001\", \"tipe_transaksi\": \"keluar\", \"penanggung_jawab\": null, \"tanggal_transaksi\": \"2025-12-24T00:00:00.000000Z\"}', '127.0.0.1', 'Symfony', '2025-12-21 13:01:46', '2025-12-21 13:01:46');
INSERT INTO `log_aktivitas` VALUES ('168', NULL, 'update', 'barang', '4', 'Mengubah data barang: Proyektor LCD (ELK-002)', '{\"after\": {\"id\": 4, \"merk\": \"Epson\", \"satuan\": \"unit\", \"status\": \"rusak\", \"deskripsi\": \"Proyektor untuk presentasi - perlu perbaikan\", \"lokasi_id\": 2, \"created_at\": \"2025-12-21 13:01:44\", \"deleted_at\": null, \"updated_at\": \"2025-12-21 13:01:46\", \"jumlah_stok\": 346, \"kategori_id\": 1, \"kode_barang\": \"ELK-002\", \"nama_barang\": \"Proyektor LCD\", \"harga_satuan\": \"5500000.00\", \"reorder_point\": 1, \"tanggal_pembelian\": \"2022-08-15\"}, \"before\": {\"id\": 4, \"merk\": \"Epson\", \"satuan\": \"unit\", \"status\": \"rusak\", \"deskripsi\": \"Proyektor untuk presentasi - perlu perbaikan\", \"lokasi_id\": 2, \"created_at\": \"2025-12-21T13:01:44.000000Z\", \"deleted_at\": null, \"updated_at\": \"2025-12-21T13:01:46.000000Z\", \"jumlah_stok\": 337, \"kategori_id\": 1, \"kode_barang\": \"ELK-002\", \"nama_barang\": \"Proyektor LCD\", \"harga_satuan\": \"5500000.00\", \"reorder_point\": 1, \"tanggal_pembelian\": \"2022-08-15T00:00:00.000000Z\"}}', '127.0.0.1', 'Symfony', '2025-12-21 13:01:46', '2025-12-21 13:01:46');
INSERT INTO `log_aktivitas` VALUES ('169', '1', 'create', 'transaksi_barang', '75', 'Transaksi masuk barang Proyektor LCD sejumlah 9 unit', '{\"id\": 75, \"barang\": {\"id\": 4, \"merk\": \"Epson\", \"satuan\": \"unit\", \"status\": \"rusak\", \"deskripsi\": \"Proyektor untuk presentasi - perlu perbaikan\", \"lokasi_id\": 2, \"created_at\": \"2025-12-21T13:01:44.000000Z\", \"deleted_at\": null, \"updated_at\": \"2025-12-21T13:01:46.000000Z\", \"jumlah_stok\": 346, \"kategori_id\": 1, \"kode_barang\": \"ELK-002\", \"nama_barang\": \"Proyektor LCD\", \"harga_satuan\": \"5500000.00\", \"reorder_point\": 1, \"tanggal_pembelian\": \"2022-08-15T00:00:00.000000Z\"}, \"jumlah\": 9, \"user_id\": 1, \"barang_id\": 4, \"created_at\": \"2025-12-21T13:01:46.000000Z\", \"keterangan\": null, \"updated_at\": \"2025-12-21T13:01:46.000000Z\", \"kode_transaksi\": \"TM-20251225-001\", \"tipe_transaksi\": \"masuk\", \"penanggung_jawab\": null, \"tanggal_transaksi\": \"2025-12-25T00:00:00.000000Z\"}', '127.0.0.1', 'Symfony', '2025-12-21 13:01:46', '2025-12-21 13:01:46');
INSERT INTO `log_aktivitas` VALUES ('170', NULL, 'update', 'barang', '2', 'Mengubah data barang: Meja Belajar Siswa (FUR-001)', '{\"after\": {\"id\": 2, \"merk\": \"Olympic\", \"satuan\": \"unit\", \"status\": \"baik\", \"deskripsi\": \"Meja belajar untuk siswa\", \"lokasi_id\": 3, \"created_at\": \"2025-12-21 13:01:44\", \"deleted_at\": null, \"updated_at\": \"2025-12-21 13:01:46\", \"jumlah_stok\": 160, \"kategori_id\": 2, \"kode_barang\": \"FUR-001\", \"nama_barang\": \"Meja Belajar Siswa\", \"harga_satuan\": \"450000.00\", \"reorder_point\": 30, \"tanggal_pembelian\": \"2023-06-20\"}, \"before\": {\"id\": 2, \"merk\": \"Olympic\", \"satuan\": \"unit\", \"status\": \"baik\", \"deskripsi\": \"Meja belajar untuk siswa\", \"lokasi_id\": 3, \"created_at\": \"2025-12-21T13:01:44.000000Z\", \"deleted_at\": null, \"updated_at\": \"2025-12-21T13:01:46.000000Z\", \"jumlah_stok\": 174, \"kategori_id\": 2, \"kode_barang\": \"FUR-001\", \"nama_barang\": \"Meja Belajar Siswa\", \"harga_satuan\": \"450000.00\", \"reorder_point\": 30, \"tanggal_pembelian\": \"2023-06-20T00:00:00.000000Z\"}}', '127.0.0.1', 'Symfony', '2025-12-21 13:01:46', '2025-12-21 13:01:46');
INSERT INTO `log_aktivitas` VALUES ('171', '1', 'create', 'transaksi_barang', '76', 'Transaksi keluar barang Meja Belajar Siswa sejumlah 14 unit', '{\"id\": 76, \"barang\": {\"id\": 2, \"merk\": \"Olympic\", \"satuan\": \"unit\", \"status\": \"baik\", \"deskripsi\": \"Meja belajar untuk siswa\", \"lokasi_id\": 3, \"created_at\": \"2025-12-21T13:01:44.000000Z\", \"deleted_at\": null, \"updated_at\": \"2025-12-21T13:01:46.000000Z\", \"jumlah_stok\": 160, \"kategori_id\": 2, \"kode_barang\": \"FUR-001\", \"nama_barang\": \"Meja Belajar Siswa\", \"harga_satuan\": \"450000.00\", \"reorder_point\": 30, \"tanggal_pembelian\": \"2023-06-20T00:00:00.000000Z\"}, \"jumlah\": 14, \"user_id\": 1, \"barang_id\": 2, \"created_at\": \"2025-12-21T13:01:46.000000Z\", \"keterangan\": null, \"updated_at\": \"2025-12-21T13:01:46.000000Z\", \"kode_transaksi\": \"TK-20251226-001\", \"tipe_transaksi\": \"keluar\", \"penanggung_jawab\": \"Dewi Kusuma\", \"tanggal_transaksi\": \"2025-12-26T00:00:00.000000Z\"}', '127.0.0.1', 'Symfony', '2025-12-21 13:01:46', '2025-12-21 13:01:46');
INSERT INTO `log_aktivitas` VALUES ('172', NULL, 'update', 'barang', '1', 'Mengubah data barang: Komputer Desktop Dell (ELK-001)', '{\"after\": {\"id\": 1, \"merk\": \"Dell\", \"satuan\": \"unit\", \"status\": \"baik\", \"deskripsi\": \"Komputer desktop untuk lab komputer\", \"lokasi_id\": 4, \"created_at\": \"2025-12-21 13:01:44\", \"deleted_at\": null, \"updated_at\": \"2025-12-21 13:01:45\", \"jumlah_stok\": 79, \"kategori_id\": 1, \"kode_barang\": \"ELK-001\", \"nama_barang\": \"Komputer Desktop Dell\", \"harga_satuan\": \"8500000.00\", \"reorder_point\": 5, \"tanggal_pembelian\": \"2023-01-15\"}, \"before\": {\"id\": 1, \"merk\": \"Dell\", \"satuan\": \"unit\", \"status\": \"baik\", \"deskripsi\": \"Komputer desktop untuk lab komputer\", \"lokasi_id\": 4, \"created_at\": \"2025-12-21T13:01:44.000000Z\", \"deleted_at\": null, \"updated_at\": \"2025-12-21T13:01:45.000000Z\", \"jumlah_stok\": 90, \"kategori_id\": 1, \"kode_barang\": \"ELK-001\", \"nama_barang\": \"Komputer Desktop Dell\", \"harga_satuan\": \"8500000.00\", \"reorder_point\": 5, \"tanggal_pembelian\": \"2023-01-15T00:00:00.000000Z\"}}', '127.0.0.1', 'Symfony', '2025-12-21 13:01:46', '2025-12-21 13:01:46');
INSERT INTO `log_aktivitas` VALUES ('173', '1', 'create', 'transaksi_barang', '77', 'Transaksi keluar barang Komputer Desktop Dell sejumlah 11 unit', '{\"id\": 77, \"barang\": {\"id\": 1, \"merk\": \"Dell\", \"satuan\": \"unit\", \"status\": \"baik\", \"deskripsi\": \"Komputer desktop untuk lab komputer\", \"lokasi_id\": 4, \"created_at\": \"2025-12-21T13:01:44.000000Z\", \"deleted_at\": null, \"updated_at\": \"2025-12-21T13:01:45.000000Z\", \"jumlah_stok\": 79, \"kategori_id\": 1, \"kode_barang\": \"ELK-001\", \"nama_barang\": \"Komputer Desktop Dell\", \"harga_satuan\": \"8500000.00\", \"reorder_point\": 5, \"tanggal_pembelian\": \"2023-01-15T00:00:00.000000Z\"}, \"jumlah\": 11, \"user_id\": 1, \"barang_id\": 1, \"created_at\": \"2025-12-21T13:01:46.000000Z\", \"keterangan\": \"Distribusi ke toko\", \"updated_at\": \"2025-12-21T13:01:46.000000Z\", \"kode_transaksi\": \"TK-20251226-002\", \"tipe_transaksi\": \"keluar\", \"penanggung_jawab\": null, \"tanggal_transaksi\": \"2025-12-26T00:00:00.000000Z\"}', '127.0.0.1', 'Symfony', '2025-12-21 13:01:46', '2025-12-21 13:01:46');
INSERT INTO `log_aktivitas` VALUES ('174', NULL, 'update', 'barang', '3', 'Mengubah data barang: Pulpen Hitam (ATK-001)', '{\"after\": {\"id\": 3, \"merk\": \"Standard\", \"satuan\": \"lusin\", \"status\": \"baik\", \"deskripsi\": \"Pulpen hitam untuk keperluan administrasi\", \"lokasi_id\": 7, \"created_at\": \"2025-12-21 13:01:44\", \"deleted_at\": null, \"updated_at\": \"2025-12-21 13:01:46\", \"jumlah_stok\": 160, \"kategori_id\": 3, \"kode_barang\": \"ATK-001\", \"nama_barang\": \"Pulpen Hitam\", \"harga_satuan\": \"35000.00\", \"reorder_point\": 20, \"tanggal_pembelian\": \"2024-11-10\"}, \"before\": {\"id\": 3, \"merk\": \"Standard\", \"satuan\": \"lusin\", \"status\": \"baik\", \"deskripsi\": \"Pulpen hitam untuk keperluan administrasi\", \"lokasi_id\": 7, \"created_at\": \"2025-12-21T13:01:44.000000Z\", \"deleted_at\": null, \"updated_at\": \"2025-12-21T13:01:46.000000Z\", \"jumlah_stok\": 137, \"kategori_id\": 3, \"kode_barang\": \"ATK-001\", \"nama_barang\": \"Pulpen Hitam\", \"harga_satuan\": \"35000.00\", \"reorder_point\": 20, \"tanggal_pembelian\": \"2024-11-10T00:00:00.000000Z\"}}', '127.0.0.1', 'Symfony', '2025-12-21 13:01:46', '2025-12-21 13:01:46');
INSERT INTO `log_aktivitas` VALUES ('175', '1', 'create', 'transaksi_barang', '78', 'Transaksi masuk barang Pulpen Hitam sejumlah 23 lusin', '{\"id\": 78, \"barang\": {\"id\": 3, \"merk\": \"Standard\", \"satuan\": \"lusin\", \"status\": \"baik\", \"deskripsi\": \"Pulpen hitam untuk keperluan administrasi\", \"lokasi_id\": 7, \"created_at\": \"2025-12-21T13:01:44.000000Z\", \"deleted_at\": null, \"updated_at\": \"2025-12-21T13:01:46.000000Z\", \"jumlah_stok\": 160, \"kategori_id\": 3, \"kode_barang\": \"ATK-001\", \"nama_barang\": \"Pulpen Hitam\", \"harga_satuan\": \"35000.00\", \"reorder_point\": 20, \"tanggal_pembelian\": \"2024-11-10T00:00:00.000000Z\"}, \"jumlah\": 23, \"user_id\": 1, \"barang_id\": 3, \"created_at\": \"2025-12-21T13:01:46.000000Z\", \"keterangan\": \"Inventaris bulanan\", \"updated_at\": \"2025-12-21T13:01:46.000000Z\", \"kode_transaksi\": \"TM-20251226-001\", \"tipe_transaksi\": \"masuk\", \"penanggung_jawab\": \"Dewi Kusuma\", \"tanggal_transaksi\": \"2025-12-26T00:00:00.000000Z\"}', '127.0.0.1', 'Symfony', '2025-12-21 13:01:46', '2025-12-21 13:01:46');
INSERT INTO `log_aktivitas` VALUES ('176', NULL, 'update', 'barang', '3', 'Mengubah data barang: Pulpen Hitam (ATK-001)', '{\"after\": {\"id\": 3, \"merk\": \"Standard\", \"satuan\": \"lusin\", \"status\": \"baik\", \"deskripsi\": \"Pulpen hitam untuk keperluan administrasi\", \"lokasi_id\": 7, \"created_at\": \"2025-12-21 13:01:44\", \"deleted_at\": null, \"updated_at\": \"2025-12-21 13:01:46\", \"jumlah_stok\": 149, \"kategori_id\": 3, \"kode_barang\": \"ATK-001\", \"nama_barang\": \"Pulpen Hitam\", \"harga_satuan\": \"35000.00\", \"reorder_point\": 20, \"tanggal_pembelian\": \"2024-11-10\"}, \"before\": {\"id\": 3, \"merk\": \"Standard\", \"satuan\": \"lusin\", \"status\": \"baik\", \"deskripsi\": \"Pulpen hitam untuk keperluan administrasi\", \"lokasi_id\": 7, \"created_at\": \"2025-12-21T13:01:44.000000Z\", \"deleted_at\": null, \"updated_at\": \"2025-12-21T13:01:46.000000Z\", \"jumlah_stok\": 160, \"kategori_id\": 3, \"kode_barang\": \"ATK-001\", \"nama_barang\": \"Pulpen Hitam\", \"harga_satuan\": \"35000.00\", \"reorder_point\": 20, \"tanggal_pembelian\": \"2024-11-10T00:00:00.000000Z\"}}', '127.0.0.1', 'Symfony', '2025-12-21 13:01:46', '2025-12-21 13:01:46');
INSERT INTO `log_aktivitas` VALUES ('177', '1', 'create', 'transaksi_barang', '79', 'Transaksi keluar barang Pulpen Hitam sejumlah 11 lusin', '{\"id\": 79, \"barang\": {\"id\": 3, \"merk\": \"Standard\", \"satuan\": \"lusin\", \"status\": \"baik\", \"deskripsi\": \"Pulpen hitam untuk keperluan administrasi\", \"lokasi_id\": 7, \"created_at\": \"2025-12-21T13:01:44.000000Z\", \"deleted_at\": null, \"updated_at\": \"2025-12-21T13:01:46.000000Z\", \"jumlah_stok\": 149, \"kategori_id\": 3, \"kode_barang\": \"ATK-001\", \"nama_barang\": \"Pulpen Hitam\", \"harga_satuan\": \"35000.00\", \"reorder_point\": 20, \"tanggal_pembelian\": \"2024-11-10T00:00:00.000000Z\"}, \"jumlah\": 11, \"user_id\": 1, \"barang_id\": 3, \"created_at\": \"2025-12-21T13:01:46.000000Z\", \"keterangan\": null, \"updated_at\": \"2025-12-21T13:01:46.000000Z\", \"kode_transaksi\": \"TK-20251226-003\", \"tipe_transaksi\": \"keluar\", \"penanggung_jawab\": null, \"tanggal_transaksi\": \"2025-12-26T00:00:00.000000Z\"}', '127.0.0.1', 'Symfony', '2025-12-21 13:01:46', '2025-12-21 13:01:46');
INSERT INTO `log_aktivitas` VALUES ('178', NULL, 'update', 'barang', '5', 'Mengubah data barang: Buku Matematika Kelas 7 (BKU-001)', '{\"after\": {\"id\": 5, \"merk\": \"Erlangga\", \"satuan\": \"eksemplar\", \"status\": \"baik\", \"deskripsi\": \"Buku pelajaran matematika untuk kelas 7\", \"lokasi_id\": 5, \"created_at\": \"2025-12-21 13:01:44\", \"deleted_at\": null, \"updated_at\": \"2025-12-21 13:01:45\", \"jumlah_stok\": 181, \"kategori_id\": 6, \"kode_barang\": \"BKU-001\", \"nama_barang\": \"Buku Matematika Kelas 7\", \"harga_satuan\": \"85000.00\", \"reorder_point\": 30, \"tanggal_pembelian\": \"2024-07-01\"}, \"before\": {\"id\": 5, \"merk\": \"Erlangga\", \"satuan\": \"eksemplar\", \"status\": \"baik\", \"deskripsi\": \"Buku pelajaran matematika untuk kelas 7\", \"lokasi_id\": 5, \"created_at\": \"2025-12-21T13:01:44.000000Z\", \"deleted_at\": null, \"updated_at\": \"2025-12-21T13:01:45.000000Z\", \"jumlah_stok\": 195, \"kategori_id\": 6, \"kode_barang\": \"BKU-001\", \"nama_barang\": \"Buku Matematika Kelas 7\", \"harga_satuan\": \"85000.00\", \"reorder_point\": 30, \"tanggal_pembelian\": \"2024-07-01T00:00:00.000000Z\"}}', '127.0.0.1', 'Symfony', '2025-12-21 13:01:46', '2025-12-21 13:01:46');
INSERT INTO `log_aktivitas` VALUES ('179', '1', 'create', 'transaksi_barang', '80', 'Transaksi keluar barang Buku Matematika Kelas 7 sejumlah 14 eksemplar', '{\"id\": 80, \"barang\": {\"id\": 5, \"merk\": \"Erlangga\", \"satuan\": \"eksemplar\", \"status\": \"baik\", \"deskripsi\": \"Buku pelajaran matematika untuk kelas 7\", \"lokasi_id\": 5, \"created_at\": \"2025-12-21T13:01:44.000000Z\", \"deleted_at\": null, \"updated_at\": \"2025-12-21T13:01:45.000000Z\", \"jumlah_stok\": 181, \"kategori_id\": 6, \"kode_barang\": \"BKU-001\", \"nama_barang\": \"Buku Matematika Kelas 7\", \"harga_satuan\": \"85000.00\", \"reorder_point\": 30, \"tanggal_pembelian\": \"2024-07-01T00:00:00.000000Z\"}, \"jumlah\": 14, \"user_id\": 1, \"barang_id\": 5, \"created_at\": \"2025-12-21T13:01:46.000000Z\", \"keterangan\": null, \"updated_at\": \"2025-12-21T13:01:46.000000Z\", \"kode_transaksi\": \"TK-20251227-001\", \"tipe_transaksi\": \"keluar\", \"penanggung_jawab\": null, \"tanggal_transaksi\": \"2025-12-27T00:00:00.000000Z\"}', '127.0.0.1', 'Symfony', '2025-12-21 13:01:46', '2025-12-21 13:01:46');
INSERT INTO `log_aktivitas` VALUES ('180', NULL, 'update', 'barang', '1', 'Mengubah data barang: Komputer Desktop Dell (ELK-001)', '{\"after\": {\"id\": 1, \"merk\": \"Dell\", \"satuan\": \"unit\", \"status\": \"baik\", \"deskripsi\": \"Komputer desktop untuk lab komputer\", \"lokasi_id\": 4, \"created_at\": \"2025-12-21 13:01:44\", \"deleted_at\": null, \"updated_at\": \"2025-12-21 13:01:46\", \"jumlah_stok\": 91, \"kategori_id\": 1, \"kode_barang\": \"ELK-001\", \"nama_barang\": \"Komputer Desktop Dell\", \"harga_satuan\": \"8500000.00\", \"reorder_point\": 5, \"tanggal_pembelian\": \"2023-01-15\"}, \"before\": {\"id\": 1, \"merk\": \"Dell\", \"satuan\": \"unit\", \"status\": \"baik\", \"deskripsi\": \"Komputer desktop untuk lab komputer\", \"lokasi_id\": 4, \"created_at\": \"2025-12-21T13:01:44.000000Z\", \"deleted_at\": null, \"updated_at\": \"2025-12-21T13:01:46.000000Z\", \"jumlah_stok\": 79, \"kategori_id\": 1, \"kode_barang\": \"ELK-001\", \"nama_barang\": \"Komputer Desktop Dell\", \"harga_satuan\": \"8500000.00\", \"reorder_point\": 5, \"tanggal_pembelian\": \"2023-01-15T00:00:00.000000Z\"}}', '127.0.0.1', 'Symfony', '2025-12-21 13:01:46', '2025-12-21 13:01:46');
INSERT INTO `log_aktivitas` VALUES ('181', '1', 'create', 'transaksi_barang', '81', 'Transaksi masuk barang Komputer Desktop Dell sejumlah 12 unit', '{\"id\": 81, \"barang\": {\"id\": 1, \"merk\": \"Dell\", \"satuan\": \"unit\", \"status\": \"baik\", \"deskripsi\": \"Komputer desktop untuk lab komputer\", \"lokasi_id\": 4, \"created_at\": \"2025-12-21T13:01:44.000000Z\", \"deleted_at\": null, \"updated_at\": \"2025-12-21T13:01:46.000000Z\", \"jumlah_stok\": 91, \"kategori_id\": 1, \"kode_barang\": \"ELK-001\", \"nama_barang\": \"Komputer Desktop Dell\", \"harga_satuan\": \"8500000.00\", \"reorder_point\": 5, \"tanggal_pembelian\": \"2023-01-15T00:00:00.000000Z\"}, \"jumlah\": 12, \"user_id\": 1, \"barang_id\": 1, \"created_at\": \"2025-12-21T13:01:46.000000Z\", \"keterangan\": null, \"updated_at\": \"2025-12-21T13:01:46.000000Z\", \"kode_transaksi\": \"TM-20251228-001\", \"tipe_transaksi\": \"masuk\", \"penanggung_jawab\": \"Dewi Kusuma\", \"tanggal_transaksi\": \"2025-12-28T00:00:00.000000Z\"}', '127.0.0.1', 'Symfony', '2025-12-21 13:01:46', '2025-12-21 13:01:46');
INSERT INTO `log_aktivitas` VALUES ('182', NULL, 'update', 'barang', '1', 'Mengubah data barang: Komputer Desktop Dell (ELK-001)', '{\"after\": {\"id\": 1, \"merk\": \"Dell\", \"satuan\": \"unit\", \"status\": \"baik\", \"deskripsi\": \"Komputer desktop untuk lab komputer\", \"lokasi_id\": 4, \"created_at\": \"2025-12-21 13:01:44\", \"deleted_at\": null, \"updated_at\": \"2025-12-21 13:01:46\", \"jumlah_stok\": 103, \"kategori_id\": 1, \"kode_barang\": \"ELK-001\", \"nama_barang\": \"Komputer Desktop Dell\", \"harga_satuan\": \"8500000.00\", \"reorder_point\": 5, \"tanggal_pembelian\": \"2023-01-15\"}, \"before\": {\"id\": 1, \"merk\": \"Dell\", \"satuan\": \"unit\", \"status\": \"baik\", \"deskripsi\": \"Komputer desktop untuk lab komputer\", \"lokasi_id\": 4, \"created_at\": \"2025-12-21T13:01:44.000000Z\", \"deleted_at\": null, \"updated_at\": \"2025-12-21T13:01:46.000000Z\", \"jumlah_stok\": 91, \"kategori_id\": 1, \"kode_barang\": \"ELK-001\", \"nama_barang\": \"Komputer Desktop Dell\", \"harga_satuan\": \"8500000.00\", \"reorder_point\": 5, \"tanggal_pembelian\": \"2023-01-15T00:00:00.000000Z\"}}', '127.0.0.1', 'Symfony', '2025-12-21 13:01:46', '2025-12-21 13:01:46');
INSERT INTO `log_aktivitas` VALUES ('183', '1', 'create', 'transaksi_barang', '82', 'Transaksi masuk barang Komputer Desktop Dell sejumlah 12 unit', '{\"id\": 82, \"barang\": {\"id\": 1, \"merk\": \"Dell\", \"satuan\": \"unit\", \"status\": \"baik\", \"deskripsi\": \"Komputer desktop untuk lab komputer\", \"lokasi_id\": 4, \"created_at\": \"2025-12-21T13:01:44.000000Z\", \"deleted_at\": null, \"updated_at\": \"2025-12-21T13:01:46.000000Z\", \"jumlah_stok\": 103, \"kategori_id\": 1, \"kode_barang\": \"ELK-001\", \"nama_barang\": \"Komputer Desktop Dell\", \"harga_satuan\": \"8500000.00\", \"reorder_point\": 5, \"tanggal_pembelian\": \"2023-01-15T00:00:00.000000Z\"}, \"jumlah\": 12, \"user_id\": 1, \"barang_id\": 1, \"created_at\": \"2025-12-21T13:01:46.000000Z\", \"keterangan\": null, \"updated_at\": \"2025-12-21T13:01:46.000000Z\", \"kode_transaksi\": \"TM-20251228-002\", \"tipe_transaksi\": \"masuk\", \"penanggung_jawab\": \"Eka Putri\", \"tanggal_transaksi\": \"2025-12-28T00:00:00.000000Z\"}', '127.0.0.1', 'Symfony', '2025-12-21 13:01:46', '2025-12-21 13:01:46');
INSERT INTO `log_aktivitas` VALUES ('184', NULL, 'update', 'barang', '3', 'Mengubah data barang: Pulpen Hitam (ATK-001)', '{\"after\": {\"id\": 3, \"merk\": \"Standard\", \"satuan\": \"lusin\", \"status\": \"baik\", \"deskripsi\": \"Pulpen hitam untuk keperluan administrasi\", \"lokasi_id\": 7, \"created_at\": \"2025-12-21 13:01:44\", \"deleted_at\": null, \"updated_at\": \"2025-12-21 13:01:46\", \"jumlah_stok\": 145, \"kategori_id\": 3, \"kode_barang\": \"ATK-001\", \"nama_barang\": \"Pulpen Hitam\", \"harga_satuan\": \"35000.00\", \"reorder_point\": 20, \"tanggal_pembelian\": \"2024-11-10\"}, \"before\": {\"id\": 3, \"merk\": \"Standard\", \"satuan\": \"lusin\", \"status\": \"baik\", \"deskripsi\": \"Pulpen hitam untuk keperluan administrasi\", \"lokasi_id\": 7, \"created_at\": \"2025-12-21T13:01:44.000000Z\", \"deleted_at\": null, \"updated_at\": \"2025-12-21T13:01:46.000000Z\", \"jumlah_stok\": 149, \"kategori_id\": 3, \"kode_barang\": \"ATK-001\", \"nama_barang\": \"Pulpen Hitam\", \"harga_satuan\": \"35000.00\", \"reorder_point\": 20, \"tanggal_pembelian\": \"2024-11-10T00:00:00.000000Z\"}}', '127.0.0.1', 'Symfony', '2025-12-21 13:01:46', '2025-12-21 13:01:46');
INSERT INTO `log_aktivitas` VALUES ('185', '2', 'create', 'transaksi_barang', '83', 'Transaksi keluar barang Pulpen Hitam sejumlah 4 lusin', '{\"id\": 83, \"barang\": {\"id\": 3, \"merk\": \"Standard\", \"satuan\": \"lusin\", \"status\": \"baik\", \"deskripsi\": \"Pulpen hitam untuk keperluan administrasi\", \"lokasi_id\": 7, \"created_at\": \"2025-12-21T13:01:44.000000Z\", \"deleted_at\": null, \"updated_at\": \"2025-12-21T13:01:46.000000Z\", \"jumlah_stok\": 145, \"kategori_id\": 3, \"kode_barang\": \"ATK-001\", \"nama_barang\": \"Pulpen Hitam\", \"harga_satuan\": \"35000.00\", \"reorder_point\": 20, \"tanggal_pembelian\": \"2024-11-10T00:00:00.000000Z\"}, \"jumlah\": 4, \"user_id\": 2, \"barang_id\": 3, \"created_at\": \"2025-12-21T13:01:46.000000Z\", \"keterangan\": null, \"updated_at\": \"2025-12-21T13:01:46.000000Z\", \"kode_transaksi\": \"TK-20251228-001\", \"tipe_transaksi\": \"keluar\", \"penanggung_jawab\": \"Siti Nurhaliza\", \"tanggal_transaksi\": \"2025-12-28T00:00:00.000000Z\"}', '127.0.0.1', 'Symfony', '2025-12-21 13:01:46', '2025-12-21 13:01:46');
INSERT INTO `log_aktivitas` VALUES ('186', NULL, 'update', 'barang', '3', 'Mengubah data barang: Pulpen Hitam (ATK-001)', '{\"after\": {\"id\": 3, \"merk\": \"Standard\", \"satuan\": \"lusin\", \"status\": \"baik\", \"deskripsi\": \"Pulpen hitam untuk keperluan administrasi\", \"lokasi_id\": 7, \"created_at\": \"2025-12-21 13:01:44\", \"deleted_at\": null, \"updated_at\": \"2025-12-21 13:01:46\", \"jumlah_stok\": 141, \"kategori_id\": 3, \"kode_barang\": \"ATK-001\", \"nama_barang\": \"Pulpen Hitam\", \"harga_satuan\": \"35000.00\", \"reorder_point\": 20, \"tanggal_pembelian\": \"2024-11-10\"}, \"before\": {\"id\": 3, \"merk\": \"Standard\", \"satuan\": \"lusin\", \"status\": \"baik\", \"deskripsi\": \"Pulpen hitam untuk keperluan administrasi\", \"lokasi_id\": 7, \"created_at\": \"2025-12-21T13:01:44.000000Z\", \"deleted_at\": null, \"updated_at\": \"2025-12-21T13:01:46.000000Z\", \"jumlah_stok\": 145, \"kategori_id\": 3, \"kode_barang\": \"ATK-001\", \"nama_barang\": \"Pulpen Hitam\", \"harga_satuan\": \"35000.00\", \"reorder_point\": 20, \"tanggal_pembelian\": \"2024-11-10T00:00:00.000000Z\"}}', '127.0.0.1', 'Symfony', '2025-12-21 13:01:46', '2025-12-21 13:01:46');
INSERT INTO `log_aktivitas` VALUES ('187', '1', 'create', 'transaksi_barang', '84', 'Transaksi keluar barang Pulpen Hitam sejumlah 4 lusin', '{\"id\": 84, \"barang\": {\"id\": 3, \"merk\": \"Standard\", \"satuan\": \"lusin\", \"status\": \"baik\", \"deskripsi\": \"Pulpen hitam untuk keperluan administrasi\", \"lokasi_id\": 7, \"created_at\": \"2025-12-21T13:01:44.000000Z\", \"deleted_at\": null, \"updated_at\": \"2025-12-21T13:01:46.000000Z\", \"jumlah_stok\": 141, \"kategori_id\": 3, \"kode_barang\": \"ATK-001\", \"nama_barang\": \"Pulpen Hitam\", \"harga_satuan\": \"35000.00\", \"reorder_point\": 20, \"tanggal_pembelian\": \"2024-11-10T00:00:00.000000Z\"}, \"jumlah\": 4, \"user_id\": 1, \"barang_id\": 3, \"created_at\": \"2025-12-21T13:01:46.000000Z\", \"keterangan\": \"Inventaris bulanan\", \"updated_at\": \"2025-12-21T13:01:46.000000Z\", \"kode_transaksi\": \"TK-20251228-002\", \"tipe_transaksi\": \"keluar\", \"penanggung_jawab\": null, \"tanggal_transaksi\": \"2025-12-28T00:00:00.000000Z\"}', '127.0.0.1', 'Symfony', '2025-12-21 13:01:46', '2025-12-21 13:01:46');
INSERT INTO `log_aktivitas` VALUES ('188', NULL, 'update', 'barang', '4', 'Mengubah data barang: Proyektor LCD (ELK-002)', '{\"after\": {\"id\": 4, \"merk\": \"Epson\", \"satuan\": \"unit\", \"status\": \"rusak\", \"deskripsi\": \"Proyektor untuk presentasi - perlu perbaikan\", \"lokasi_id\": 2, \"created_at\": \"2025-12-21 13:01:44\", \"deleted_at\": null, \"updated_at\": \"2025-12-21 13:01:46\", \"jumlah_stok\": 327, \"kategori_id\": 1, \"kode_barang\": \"ELK-002\", \"nama_barang\": \"Proyektor LCD\", \"harga_satuan\": \"5500000.00\", \"reorder_point\": 1, \"tanggal_pembelian\": \"2022-08-15\"}, \"before\": {\"id\": 4, \"merk\": \"Epson\", \"satuan\": \"unit\", \"status\": \"rusak\", \"deskripsi\": \"Proyektor untuk presentasi - perlu perbaikan\", \"lokasi_id\": 2, \"created_at\": \"2025-12-21T13:01:44.000000Z\", \"deleted_at\": null, \"updated_at\": \"2025-12-21T13:01:46.000000Z\", \"jumlah_stok\": 346, \"kategori_id\": 1, \"kode_barang\": \"ELK-002\", \"nama_barang\": \"Proyektor LCD\", \"harga_satuan\": \"5500000.00\", \"reorder_point\": 1, \"tanggal_pembelian\": \"2022-08-15T00:00:00.000000Z\"}}', '127.0.0.1', 'Symfony', '2025-12-21 13:01:46', '2025-12-21 13:01:46');
INSERT INTO `log_aktivitas` VALUES ('189', '1', 'create', 'transaksi_barang', '85', 'Transaksi keluar barang Proyektor LCD sejumlah 19 unit', '{\"id\": 85, \"barang\": {\"id\": 4, \"merk\": \"Epson\", \"satuan\": \"unit\", \"status\": \"rusak\", \"deskripsi\": \"Proyektor untuk presentasi - perlu perbaikan\", \"lokasi_id\": 2, \"created_at\": \"2025-12-21T13:01:44.000000Z\", \"deleted_at\": null, \"updated_at\": \"2025-12-21T13:01:46.000000Z\", \"jumlah_stok\": 327, \"kategori_id\": 1, \"kode_barang\": \"ELK-002\", \"nama_barang\": \"Proyektor LCD\", \"harga_satuan\": \"5500000.00\", \"reorder_point\": 1, \"tanggal_pembelian\": \"2022-08-15T00:00:00.000000Z\"}, \"jumlah\": 19, \"user_id\": 1, \"barang_id\": 4, \"created_at\": \"2025-12-21T13:01:46.000000Z\", \"keterangan\": \"Penerimaan dari supplier\", \"updated_at\": \"2025-12-21T13:01:46.000000Z\", \"kode_transaksi\": \"TK-20251228-003\", \"tipe_transaksi\": \"keluar\", \"penanggung_jawab\": null, \"tanggal_transaksi\": \"2025-12-28T00:00:00.000000Z\"}', '127.0.0.1', 'Symfony', '2025-12-21 13:01:46', '2025-12-21 13:01:46');
INSERT INTO `log_aktivitas` VALUES ('190', NULL, 'update', 'barang', '3', 'Mengubah data barang: Pulpen Hitam (ATK-001)', '{\"after\": {\"id\": 3, \"merk\": \"Standard\", \"satuan\": \"lusin\", \"status\": \"baik\", \"deskripsi\": \"Pulpen hitam untuk keperluan administrasi\", \"lokasi_id\": 7, \"created_at\": \"2025-12-21 13:01:44\", \"deleted_at\": null, \"updated_at\": \"2025-12-21 13:01:46\", \"jumlah_stok\": 170, \"kategori_id\": 3, \"kode_barang\": \"ATK-001\", \"nama_barang\": \"Pulpen Hitam\", \"harga_satuan\": \"35000.00\", \"reorder_point\": 20, \"tanggal_pembelian\": \"2024-11-10\"}, \"before\": {\"id\": 3, \"merk\": \"Standard\", \"satuan\": \"lusin\", \"status\": \"baik\", \"deskripsi\": \"Pulpen hitam untuk keperluan administrasi\", \"lokasi_id\": 7, \"created_at\": \"2025-12-21T13:01:44.000000Z\", \"deleted_at\": null, \"updated_at\": \"2025-12-21T13:01:46.000000Z\", \"jumlah_stok\": 141, \"kategori_id\": 3, \"kode_barang\": \"ATK-001\", \"nama_barang\": \"Pulpen Hitam\", \"harga_satuan\": \"35000.00\", \"reorder_point\": 20, \"tanggal_pembelian\": \"2024-11-10T00:00:00.000000Z\"}}', '127.0.0.1', 'Symfony', '2025-12-21 13:01:46', '2025-12-21 13:01:46');
INSERT INTO `log_aktivitas` VALUES ('191', '2', 'create', 'transaksi_barang', '86', 'Transaksi masuk barang Pulpen Hitam sejumlah 29 lusin', '{\"id\": 86, \"barang\": {\"id\": 3, \"merk\": \"Standard\", \"satuan\": \"lusin\", \"status\": \"baik\", \"deskripsi\": \"Pulpen hitam untuk keperluan administrasi\", \"lokasi_id\": 7, \"created_at\": \"2025-12-21T13:01:44.000000Z\", \"deleted_at\": null, \"updated_at\": \"2025-12-21T13:01:46.000000Z\", \"jumlah_stok\": 170, \"kategori_id\": 3, \"kode_barang\": \"ATK-001\", \"nama_barang\": \"Pulpen Hitam\", \"harga_satuan\": \"35000.00\", \"reorder_point\": 20, \"tanggal_pembelian\": \"2024-11-10T00:00:00.000000Z\"}, \"jumlah\": 29, \"user_id\": 2, \"barang_id\": 3, \"created_at\": \"2025-12-21T13:01:46.000000Z\", \"keterangan\": null, \"updated_at\": \"2025-12-21T13:01:46.000000Z\", \"kode_transaksi\": \"TM-20251229-001\", \"tipe_transaksi\": \"masuk\", \"penanggung_jawab\": \"Maria Santoso\", \"tanggal_transaksi\": \"2025-12-29T00:00:00.000000Z\"}', '127.0.0.1', 'Symfony', '2025-12-21 13:01:46', '2025-12-21 13:01:46');
INSERT INTO `log_aktivitas` VALUES ('192', NULL, 'update', 'barang', '4', 'Mengubah data barang: Proyektor LCD (ELK-002)', '{\"after\": {\"id\": 4, \"merk\": \"Epson\", \"satuan\": \"unit\", \"status\": \"rusak\", \"deskripsi\": \"Proyektor untuk presentasi - perlu perbaikan\", \"lokasi_id\": 2, \"created_at\": \"2025-12-21 13:01:44\", \"deleted_at\": null, \"updated_at\": \"2025-12-21 13:01:46\", \"jumlah_stok\": 337, \"kategori_id\": 1, \"kode_barang\": \"ELK-002\", \"nama_barang\": \"Proyektor LCD\", \"harga_satuan\": \"5500000.00\", \"reorder_point\": 1, \"tanggal_pembelian\": \"2022-08-15\"}, \"before\": {\"id\": 4, \"merk\": \"Epson\", \"satuan\": \"unit\", \"status\": \"rusak\", \"deskripsi\": \"Proyektor untuk presentasi - perlu perbaikan\", \"lokasi_id\": 2, \"created_at\": \"2025-12-21T13:01:44.000000Z\", \"deleted_at\": null, \"updated_at\": \"2025-12-21T13:01:46.000000Z\", \"jumlah_stok\": 327, \"kategori_id\": 1, \"kode_barang\": \"ELK-002\", \"nama_barang\": \"Proyektor LCD\", \"harga_satuan\": \"5500000.00\", \"reorder_point\": 1, \"tanggal_pembelian\": \"2022-08-15T00:00:00.000000Z\"}}', '127.0.0.1', 'Symfony', '2025-12-21 13:01:46', '2025-12-21 13:01:46');
INSERT INTO `log_aktivitas` VALUES ('193', '3', 'create', 'transaksi_barang', '87', 'Transaksi masuk barang Proyektor LCD sejumlah 10 unit', '{\"id\": 87, \"barang\": {\"id\": 4, \"merk\": \"Epson\", \"satuan\": \"unit\", \"status\": \"rusak\", \"deskripsi\": \"Proyektor untuk presentasi - perlu perbaikan\", \"lokasi_id\": 2, \"created_at\": \"2025-12-21T13:01:44.000000Z\", \"deleted_at\": null, \"updated_at\": \"2025-12-21T13:01:46.000000Z\", \"jumlah_stok\": 337, \"kategori_id\": 1, \"kode_barang\": \"ELK-002\", \"nama_barang\": \"Proyektor LCD\", \"harga_satuan\": \"5500000.00\", \"reorder_point\": 1, \"tanggal_pembelian\": \"2022-08-15T00:00:00.000000Z\"}, \"jumlah\": 10, \"user_id\": 3, \"barang_id\": 4, \"created_at\": \"2025-12-21T13:01:46.000000Z\", \"keterangan\": null, \"updated_at\": \"2025-12-21T13:01:46.000000Z\", \"kode_transaksi\": \"TM-20251229-002\", \"tipe_transaksi\": \"masuk\", \"penanggung_jawab\": null, \"tanggal_transaksi\": \"2025-12-29T00:00:00.000000Z\"}', '127.0.0.1', 'Symfony', '2025-12-21 13:01:46', '2025-12-21 13:01:46');
INSERT INTO `log_aktivitas` VALUES ('194', NULL, 'update', 'barang', '5', 'Mengubah data barang: Buku Matematika Kelas 7 (BKU-001)', '{\"after\": {\"id\": 5, \"merk\": \"Erlangga\", \"satuan\": \"eksemplar\", \"status\": \"baik\", \"deskripsi\": \"Buku pelajaran matematika untuk kelas 7\", \"lokasi_id\": 5, \"created_at\": \"2025-12-21 13:01:44\", \"deleted_at\": null, \"updated_at\": \"2025-12-21 13:01:46\", \"jumlah_stok\": 178, \"kategori_id\": 6, \"kode_barang\": \"BKU-001\", \"nama_barang\": \"Buku Matematika Kelas 7\", \"harga_satuan\": \"85000.00\", \"reorder_point\": 30, \"tanggal_pembelian\": \"2024-07-01\"}, \"before\": {\"id\": 5, \"merk\": \"Erlangga\", \"satuan\": \"eksemplar\", \"status\": \"baik\", \"deskripsi\": \"Buku pelajaran matematika untuk kelas 7\", \"lokasi_id\": 5, \"created_at\": \"2025-12-21T13:01:44.000000Z\", \"deleted_at\": null, \"updated_at\": \"2025-12-21T13:01:46.000000Z\", \"jumlah_stok\": 181, \"kategori_id\": 6, \"kode_barang\": \"BKU-001\", \"nama_barang\": \"Buku Matematika Kelas 7\", \"harga_satuan\": \"85000.00\", \"reorder_point\": 30, \"tanggal_pembelian\": \"2024-07-01T00:00:00.000000Z\"}}', '127.0.0.1', 'Symfony', '2025-12-21 13:01:46', '2025-12-21 13:01:46');
INSERT INTO `log_aktivitas` VALUES ('195', '3', 'create', 'transaksi_barang', '88', 'Transaksi keluar barang Buku Matematika Kelas 7 sejumlah 3 eksemplar', '{\"id\": 88, \"barang\": {\"id\": 5, \"merk\": \"Erlangga\", \"satuan\": \"eksemplar\", \"status\": \"baik\", \"deskripsi\": \"Buku pelajaran matematika untuk kelas 7\", \"lokasi_id\": 5, \"created_at\": \"2025-12-21T13:01:44.000000Z\", \"deleted_at\": null, \"updated_at\": \"2025-12-21T13:01:46.000000Z\", \"jumlah_stok\": 178, \"kategori_id\": 6, \"kode_barang\": \"BKU-001\", \"nama_barang\": \"Buku Matematika Kelas 7\", \"harga_satuan\": \"85000.00\", \"reorder_point\": 30, \"tanggal_pembelian\": \"2024-07-01T00:00:00.000000Z\"}, \"jumlah\": 3, \"user_id\": 3, \"barang_id\": 5, \"created_at\": \"2025-12-21T13:01:46.000000Z\", \"keterangan\": null, \"updated_at\": \"2025-12-21T13:01:46.000000Z\", \"kode_transaksi\": \"TK-20251230-001\", \"tipe_transaksi\": \"keluar\", \"penanggung_jawab\": \"Siti Nurhaliza\", \"tanggal_transaksi\": \"2025-12-30T00:00:00.000000Z\"}', '127.0.0.1', 'Symfony', '2025-12-21 13:01:46', '2025-12-21 13:01:46');
INSERT INTO `log_aktivitas` VALUES ('196', NULL, 'update', 'barang', '4', 'Mengubah data barang: Proyektor LCD (ELK-002)', '{\"after\": {\"id\": 4, \"merk\": \"Epson\", \"satuan\": \"unit\", \"status\": \"rusak\", \"deskripsi\": \"Proyektor untuk presentasi - perlu perbaikan\", \"lokasi_id\": 2, \"created_at\": \"2025-12-21 13:01:44\", \"deleted_at\": null, \"updated_at\": \"2025-12-21 13:01:46\", \"jumlah_stok\": 354, \"kategori_id\": 1, \"kode_barang\": \"ELK-002\", \"nama_barang\": \"Proyektor LCD\", \"harga_satuan\": \"5500000.00\", \"reorder_point\": 1, \"tanggal_pembelian\": \"2022-08-15\"}, \"before\": {\"id\": 4, \"merk\": \"Epson\", \"satuan\": \"unit\", \"status\": \"rusak\", \"deskripsi\": \"Proyektor untuk presentasi - perlu perbaikan\", \"lokasi_id\": 2, \"created_at\": \"2025-12-21T13:01:44.000000Z\", \"deleted_at\": null, \"updated_at\": \"2025-12-21T13:01:46.000000Z\", \"jumlah_stok\": 337, \"kategori_id\": 1, \"kode_barang\": \"ELK-002\", \"nama_barang\": \"Proyektor LCD\", \"harga_satuan\": \"5500000.00\", \"reorder_point\": 1, \"tanggal_pembelian\": \"2022-08-15T00:00:00.000000Z\"}}', '127.0.0.1', 'Symfony', '2025-12-21 13:01:46', '2025-12-21 13:01:46');
INSERT INTO `log_aktivitas` VALUES ('197', '2', 'create', 'transaksi_barang', '89', 'Transaksi masuk barang Proyektor LCD sejumlah 17 unit', '{\"id\": 89, \"barang\": {\"id\": 4, \"merk\": \"Epson\", \"satuan\": \"unit\", \"status\": \"rusak\", \"deskripsi\": \"Proyektor untuk presentasi - perlu perbaikan\", \"lokasi_id\": 2, \"created_at\": \"2025-12-21T13:01:44.000000Z\", \"deleted_at\": null, \"updated_at\": \"2025-12-21T13:01:46.000000Z\", \"jumlah_stok\": 354, \"kategori_id\": 1, \"kode_barang\": \"ELK-002\", \"nama_barang\": \"Proyektor LCD\", \"harga_satuan\": \"5500000.00\", \"reorder_point\": 1, \"tanggal_pembelian\": \"2022-08-15T00:00:00.000000Z\"}, \"jumlah\": 17, \"user_id\": 2, \"barang_id\": 4, \"created_at\": \"2025-12-21T13:01:46.000000Z\", \"keterangan\": \"Inventaris bulanan\", \"updated_at\": \"2025-12-21T13:01:46.000000Z\", \"kode_transaksi\": \"TM-20251230-001\", \"tipe_transaksi\": \"masuk\", \"penanggung_jawab\": null, \"tanggal_transaksi\": \"2025-12-30T00:00:00.000000Z\"}', '127.0.0.1', 'Symfony', '2025-12-21 13:01:46', '2025-12-21 13:01:46');
INSERT INTO `log_aktivitas` VALUES ('198', NULL, 'update', 'barang', '2', 'Mengubah data barang: Meja Belajar Siswa (FUR-001)', '{\"after\": {\"id\": 2, \"merk\": \"Olympic\", \"satuan\": \"unit\", \"status\": \"baik\", \"deskripsi\": \"Meja belajar untuk siswa\", \"lokasi_id\": 3, \"created_at\": \"2025-12-21 13:01:44\", \"deleted_at\": null, \"updated_at\": \"2025-12-21 13:01:46\", \"jumlah_stok\": 189, \"kategori_id\": 2, \"kode_barang\": \"FUR-001\", \"nama_barang\": \"Meja Belajar Siswa\", \"harga_satuan\": \"450000.00\", \"reorder_point\": 30, \"tanggal_pembelian\": \"2023-06-20\"}, \"before\": {\"id\": 2, \"merk\": \"Olympic\", \"satuan\": \"unit\", \"status\": \"baik\", \"deskripsi\": \"Meja belajar untuk siswa\", \"lokasi_id\": 3, \"created_at\": \"2025-12-21T13:01:44.000000Z\", \"deleted_at\": null, \"updated_at\": \"2025-12-21T13:01:46.000000Z\", \"jumlah_stok\": 160, \"kategori_id\": 2, \"kode_barang\": \"FUR-001\", \"nama_barang\": \"Meja Belajar Siswa\", \"harga_satuan\": \"450000.00\", \"reorder_point\": 30, \"tanggal_pembelian\": \"2023-06-20T00:00:00.000000Z\"}}', '127.0.0.1', 'Symfony', '2025-12-21 13:01:46', '2025-12-21 13:01:46');
INSERT INTO `log_aktivitas` VALUES ('199', '2', 'create', 'transaksi_barang', '90', 'Transaksi masuk barang Meja Belajar Siswa sejumlah 29 unit', '{\"id\": 90, \"barang\": {\"id\": 2, \"merk\": \"Olympic\", \"satuan\": \"unit\", \"status\": \"baik\", \"deskripsi\": \"Meja belajar untuk siswa\", \"lokasi_id\": 3, \"created_at\": \"2025-12-21T13:01:44.000000Z\", \"deleted_at\": null, \"updated_at\": \"2025-12-21T13:01:46.000000Z\", \"jumlah_stok\": 189, \"kategori_id\": 2, \"kode_barang\": \"FUR-001\", \"nama_barang\": \"Meja Belajar Siswa\", \"harga_satuan\": \"450000.00\", \"reorder_point\": 30, \"tanggal_pembelian\": \"2023-06-20T00:00:00.000000Z\"}, \"jumlah\": 29, \"user_id\": 2, \"barang_id\": 2, \"created_at\": \"2025-12-21T13:01:46.000000Z\", \"keterangan\": null, \"updated_at\": \"2025-12-21T13:01:46.000000Z\", \"kode_transaksi\": \"TM-20251230-002\", \"tipe_transaksi\": \"masuk\", \"penanggung_jawab\": null, \"tanggal_transaksi\": \"2025-12-30T00:00:00.000000Z\"}', '127.0.0.1', 'Symfony', '2025-12-21 13:01:46', '2025-12-21 13:01:46');
INSERT INTO `log_aktivitas` VALUES ('200', NULL, 'update', 'barang', '3', 'Mengubah data barang: Pulpen Hitam (ATK-001)', '{\"after\": {\"id\": 3, \"merk\": \"Standard\", \"satuan\": \"lusin\", \"status\": \"baik\", \"deskripsi\": \"Pulpen hitam untuk keperluan administrasi\", \"lokasi_id\": 7, \"created_at\": \"2025-12-21 13:01:44\", \"deleted_at\": null, \"updated_at\": \"2025-12-21 13:01:46\", \"jumlah_stok\": 196, \"kategori_id\": 3, \"kode_barang\": \"ATK-001\", \"nama_barang\": \"Pulpen Hitam\", \"harga_satuan\": \"35000.00\", \"reorder_point\": 20, \"tanggal_pembelian\": \"2024-11-10\"}, \"before\": {\"id\": 3, \"merk\": \"Standard\", \"satuan\": \"lusin\", \"status\": \"baik\", \"deskripsi\": \"Pulpen hitam untuk keperluan administrasi\", \"lokasi_id\": 7, \"created_at\": \"2025-12-21T13:01:44.000000Z\", \"deleted_at\": null, \"updated_at\": \"2025-12-21T13:01:46.000000Z\", \"jumlah_stok\": 170, \"kategori_id\": 3, \"kode_barang\": \"ATK-001\", \"nama_barang\": \"Pulpen Hitam\", \"harga_satuan\": \"35000.00\", \"reorder_point\": 20, \"tanggal_pembelian\": \"2024-11-10T00:00:00.000000Z\"}}', '127.0.0.1', 'Symfony', '2025-12-21 13:01:46', '2025-12-21 13:01:46');
INSERT INTO `log_aktivitas` VALUES ('201', '2', 'create', 'transaksi_barang', '91', 'Transaksi masuk barang Pulpen Hitam sejumlah 26 lusin', '{\"id\": 91, \"barang\": {\"id\": 3, \"merk\": \"Standard\", \"satuan\": \"lusin\", \"status\": \"baik\", \"deskripsi\": \"Pulpen hitam untuk keperluan administrasi\", \"lokasi_id\": 7, \"created_at\": \"2025-12-21T13:01:44.000000Z\", \"deleted_at\": null, \"updated_at\": \"2025-12-21T13:01:46.000000Z\", \"jumlah_stok\": 196, \"kategori_id\": 3, \"kode_barang\": \"ATK-001\", \"nama_barang\": \"Pulpen Hitam\", \"harga_satuan\": \"35000.00\", \"reorder_point\": 20, \"tanggal_pembelian\": \"2024-11-10T00:00:00.000000Z\"}, \"jumlah\": 26, \"user_id\": 2, \"barang_id\": 3, \"created_at\": \"2025-12-21T13:01:46.000000Z\", \"keterangan\": null, \"updated_at\": \"2025-12-21T13:01:46.000000Z\", \"kode_transaksi\": \"TM-20251230-003\", \"tipe_transaksi\": \"masuk\", \"penanggung_jawab\": \"Budi Santoso\", \"tanggal_transaksi\": \"2025-12-30T00:00:00.000000Z\"}', '127.0.0.1', 'Symfony', '2025-12-21 13:01:46', '2025-12-21 13:01:46');
INSERT INTO `log_aktivitas` VALUES ('202', NULL, 'update', 'barang', '2', 'Mengubah data barang: Meja Belajar Siswa (FUR-001)', '{\"after\": {\"id\": 2, \"merk\": \"Olympic\", \"satuan\": \"unit\", \"status\": \"baik\", \"deskripsi\": \"Meja belajar untuk siswa\", \"lokasi_id\": 3, \"created_at\": \"2025-12-21 13:01:44\", \"deleted_at\": null, \"updated_at\": \"2025-12-21 13:01:46\", \"jumlah_stok\": 211, \"kategori_id\": 2, \"kode_barang\": \"FUR-001\", \"nama_barang\": \"Meja Belajar Siswa\", \"harga_satuan\": \"450000.00\", \"reorder_point\": 30, \"tanggal_pembelian\": \"2023-06-20\"}, \"before\": {\"id\": 2, \"merk\": \"Olympic\", \"satuan\": \"unit\", \"status\": \"baik\", \"deskripsi\": \"Meja belajar untuk siswa\", \"lokasi_id\": 3, \"created_at\": \"2025-12-21T13:01:44.000000Z\", \"deleted_at\": null, \"updated_at\": \"2025-12-21T13:01:46.000000Z\", \"jumlah_stok\": 189, \"kategori_id\": 2, \"kode_barang\": \"FUR-001\", \"nama_barang\": \"Meja Belajar Siswa\", \"harga_satuan\": \"450000.00\", \"reorder_point\": 30, \"tanggal_pembelian\": \"2023-06-20T00:00:00.000000Z\"}}', '127.0.0.1', 'Symfony', '2025-12-21 13:01:46', '2025-12-21 13:01:46');
INSERT INTO `log_aktivitas` VALUES ('203', '3', 'create', 'transaksi_barang', '92', 'Transaksi masuk barang Meja Belajar Siswa sejumlah 22 unit', '{\"id\": 92, \"barang\": {\"id\": 2, \"merk\": \"Olympic\", \"satuan\": \"unit\", \"status\": \"baik\", \"deskripsi\": \"Meja belajar untuk siswa\", \"lokasi_id\": 3, \"created_at\": \"2025-12-21T13:01:44.000000Z\", \"deleted_at\": null, \"updated_at\": \"2025-12-21T13:01:46.000000Z\", \"jumlah_stok\": 211, \"kategori_id\": 2, \"kode_barang\": \"FUR-001\", \"nama_barang\": \"Meja Belajar Siswa\", \"harga_satuan\": \"450000.00\", \"reorder_point\": 30, \"tanggal_pembelian\": \"2023-06-20T00:00:00.000000Z\"}, \"jumlah\": 22, \"user_id\": 3, \"barang_id\": 2, \"created_at\": \"2025-12-21T13:01:46.000000Z\", \"keterangan\": \"Penerimaan dari supplier\", \"updated_at\": \"2025-12-21T13:01:46.000000Z\", \"kode_transaksi\": \"TM-20251230-004\", \"tipe_transaksi\": \"masuk\", \"penanggung_jawab\": \"Fajar Maulana\", \"tanggal_transaksi\": \"2025-12-30T00:00:00.000000Z\"}', '127.0.0.1', 'Symfony', '2025-12-21 13:01:46', '2025-12-21 13:01:46');
INSERT INTO `log_aktivitas` VALUES ('204', '1', 'login', NULL, NULL, 'User berhasil login ke sistem', NULL, '127.0.0.1', 'Mozilla/5.0 (Windows NT 10.0; Win64; x64) AppleWebKit/537.36 (KHTML, like Gecko) Chrome/143.0.0.0 Safari/537.36', '2025-12-21 13:10:15', '2025-12-21 13:10:15');

-- Structure for table `lokasi`
DROP TABLE IF EXISTS `lokasi`;
CREATE TABLE `lokasi` (
  `id` bigint unsigned NOT NULL AUTO_INCREMENT,
  `nama_lokasi` varchar(100) COLLATE utf8mb4_unicode_ci NOT NULL,
  `gedung` varchar(50) COLLATE utf8mb4_unicode_ci DEFAULT NULL,
  `lantai` varchar(20) COLLATE utf8mb4_unicode_ci DEFAULT NULL,
  `keterangan` text COLLATE utf8mb4_unicode_ci,
  `created_at` timestamp NULL DEFAULT NULL,
  `updated_at` timestamp NULL DEFAULT NULL,
  `deleted_at` timestamp NULL DEFAULT NULL,
  PRIMARY KEY (`id`),
  KEY `lokasi_nama_lokasi_index` (`nama_lokasi`)
) ENGINE=InnoDB AUTO_INCREMENT=8 DEFAULT CHARSET=utf8mb4 COLLATE=utf8mb4_unicode_ci;

-- Data for table `lokasi`
INSERT INTO `lokasi` VALUES ('1', 'Ruang Kepala Sekolah', 'Gedung Utama', '2', 'Ruang kerja kepala sekolah', '2025-12-21 13:01:44', '2025-12-21 13:01:44', NULL);
INSERT INTO `lokasi` VALUES ('2', 'Ruang Guru', 'Gedung Utama', '1', 'Ruang kerja para guru', '2025-12-21 13:01:44', '2025-12-21 13:01:44', NULL);
INSERT INTO `lokasi` VALUES ('3', 'Ruang Kelas 7A', 'Gedung Kelas', '1', 'Ruang belajar kelas 7A', '2025-12-21 13:01:44', '2025-12-21 13:01:44', NULL);
INSERT INTO `lokasi` VALUES ('4', 'Laboratorium Komputer', 'Gedung Laboratorium', '2', 'Lab komputer untuk praktikum', '2025-12-21 13:01:44', '2025-12-21 13:01:44', NULL);
INSERT INTO `lokasi` VALUES ('5', 'Perpustakaan', 'Gedung Utama', '2', 'Perpustakaan sekolah', '2025-12-21 13:01:44', '2025-12-21 13:01:44', NULL);
INSERT INTO `lokasi` VALUES ('6', 'Gudang Penyimpanan', 'Gedung Belakang', '1', 'Gudang untuk barang-barang cadangan', '2025-12-21 13:01:44', '2025-12-21 13:01:44', NULL);
INSERT INTO `lokasi` VALUES ('7', 'Ruang Tata Usaha', 'Gedung Utama', '1', 'Ruang administrasi sekolah', '2025-12-21 13:01:44', '2025-12-21 13:01:44', NULL);

-- Structure for table `migrations`
DROP TABLE IF EXISTS `migrations`;
CREATE TABLE `migrations` (
  `id` int unsigned NOT NULL AUTO_INCREMENT,
  `migration` varchar(255) COLLATE utf8mb4_unicode_ci NOT NULL,
  `batch` int NOT NULL,
  PRIMARY KEY (`id`)
) ENGINE=InnoDB AUTO_INCREMENT=14 DEFAULT CHARSET=utf8mb4 COLLATE=utf8mb4_unicode_ci;

-- Data for table `migrations`
INSERT INTO `migrations` VALUES ('1', '0001_01_01_000000_create_users_table', '1');
INSERT INTO `migrations` VALUES ('2', '0001_01_01_000001_create_cache_table', '1');
INSERT INTO `migrations` VALUES ('3', '0001_01_01_000002_create_jobs_table', '1');
INSERT INTO `migrations` VALUES ('4', '2025_12_18_120025_create_permission_tables', '1');
INSERT INTO `migrations` VALUES ('5', '2025_12_18_120100_create_kategori_table', '1');
INSERT INTO `migrations` VALUES ('6', '2025_12_18_120101_create_lokasi_table', '1');
INSERT INTO `migrations` VALUES ('7', '2025_12_18_120102_create_barang_table', '1');
INSERT INTO `migrations` VALUES ('8', '2025_12_18_120102_create_transaksi_barang_table', '1');
INSERT INTO `migrations` VALUES ('9', '2025_12_18_120104_create_log_aktivitas_table', '1');
INSERT INTO `migrations` VALUES ('10', '2025_12_18_120105_add_role_to_users_table', '1');
INSERT INTO `migrations` VALUES ('11', '2025_12_21_061109_create_barang_rusaks_table', '1');
INSERT INTO `migrations` VALUES ('12', '2025_12_21_113720_create_backup_logs_table', '1');
INSERT INTO `migrations` VALUES ('13', '2025_12_21_120904_alter_backup_logs_filename_nullable', '1');

-- Structure for table `model_has_permissions`
DROP TABLE IF EXISTS `model_has_permissions`;
CREATE TABLE `model_has_permissions` (
  `permission_id` bigint unsigned NOT NULL,
  `model_type` varchar(255) COLLATE utf8mb4_unicode_ci NOT NULL,
  `model_id` bigint unsigned NOT NULL,
  PRIMARY KEY (`permission_id`,`model_id`,`model_type`),
  KEY `model_has_permissions_model_id_model_type_index` (`model_id`,`model_type`),
  CONSTRAINT `model_has_permissions_permission_id_foreign` FOREIGN KEY (`permission_id`) REFERENCES `permissions` (`id`) ON DELETE CASCADE
) ENGINE=InnoDB DEFAULT CHARSET=utf8mb4 COLLATE=utf8mb4_unicode_ci;

-- Structure for table `model_has_roles`
DROP TABLE IF EXISTS `model_has_roles`;
CREATE TABLE `model_has_roles` (
  `role_id` bigint unsigned NOT NULL,
  `model_type` varchar(255) COLLATE utf8mb4_unicode_ci NOT NULL,
  `model_id` bigint unsigned NOT NULL,
  PRIMARY KEY (`role_id`,`model_id`,`model_type`),
  KEY `model_has_roles_model_id_model_type_index` (`model_id`,`model_type`),
  CONSTRAINT `model_has_roles_role_id_foreign` FOREIGN KEY (`role_id`) REFERENCES `roles` (`id`) ON DELETE CASCADE
) ENGINE=InnoDB DEFAULT CHARSET=utf8mb4 COLLATE=utf8mb4_unicode_ci;

-- Data for table `model_has_roles`
INSERT INTO `model_has_roles` VALUES ('1', 'App\\Models\\User', '1');
INSERT INTO `model_has_roles` VALUES ('2', 'App\\Models\\User', '2');
INSERT INTO `model_has_roles` VALUES ('2', 'App\\Models\\User', '3');

-- Structure for table `password_reset_tokens`
DROP TABLE IF EXISTS `password_reset_tokens`;
CREATE TABLE `password_reset_tokens` (
  `email` varchar(255) COLLATE utf8mb4_unicode_ci NOT NULL,
  `token` varchar(255) COLLATE utf8mb4_unicode_ci NOT NULL,
  `created_at` timestamp NULL DEFAULT NULL,
  PRIMARY KEY (`email`)
) ENGINE=InnoDB DEFAULT CHARSET=utf8mb4 COLLATE=utf8mb4_unicode_ci;

-- Structure for table `permissions`
DROP TABLE IF EXISTS `permissions`;
CREATE TABLE `permissions` (
  `id` bigint unsigned NOT NULL AUTO_INCREMENT,
  `name` varchar(255) COLLATE utf8mb4_unicode_ci NOT NULL,
  `guard_name` varchar(255) COLLATE utf8mb4_unicode_ci NOT NULL,
  `created_at` timestamp NULL DEFAULT NULL,
  `updated_at` timestamp NULL DEFAULT NULL,
  PRIMARY KEY (`id`),
  UNIQUE KEY `permissions_name_guard_name_unique` (`name`,`guard_name`)
) ENGINE=InnoDB AUTO_INCREMENT=31 DEFAULT CHARSET=utf8mb4 COLLATE=utf8mb4_unicode_ci;

-- Data for table `permissions`
INSERT INTO `permissions` VALUES ('1', 'view_users', 'web', '2025-12-21 13:01:43', '2025-12-21 13:01:43');
INSERT INTO `permissions` VALUES ('2', 'create_users', 'web', '2025-12-21 13:01:43', '2025-12-21 13:01:43');
INSERT INTO `permissions` VALUES ('3', 'edit_users', 'web', '2025-12-21 13:01:43', '2025-12-21 13:01:43');
INSERT INTO `permissions` VALUES ('4', 'delete_users', 'web', '2025-12-21 13:01:43', '2025-12-21 13:01:43');
INSERT INTO `permissions` VALUES ('5', 'reset_password', 'web', '2025-12-21 13:01:43', '2025-12-21 13:01:43');
INSERT INTO `permissions` VALUES ('6', 'view_kategoris', 'web', '2025-12-21 13:01:43', '2025-12-21 13:01:43');
INSERT INTO `permissions` VALUES ('7', 'create_kategoris', 'web', '2025-12-21 13:01:43', '2025-12-21 13:01:43');
INSERT INTO `permissions` VALUES ('8', 'edit_kategoris', 'web', '2025-12-21 13:01:43', '2025-12-21 13:01:43');
INSERT INTO `permissions` VALUES ('9', 'delete_kategoris', 'web', '2025-12-21 13:01:43', '2025-12-21 13:01:43');
INSERT INTO `permissions` VALUES ('10', 'view_barangs', 'web', '2025-12-21 13:01:43', '2025-12-21 13:01:43');
INSERT INTO `permissions` VALUES ('11', 'create_barangs', 'web', '2025-12-21 13:01:43', '2025-12-21 13:01:43');
INSERT INTO `permissions` VALUES ('12', 'edit_barangs', 'web', '2025-12-21 13:01:43', '2025-12-21 13:01:43');
INSERT INTO `permissions` VALUES ('13', 'delete_barangs', 'web', '2025-12-21 13:01:43', '2025-12-21 13:01:43');
INSERT INTO `permissions` VALUES ('14', 'view_lokasis', 'web', '2025-12-21 13:01:43', '2025-12-21 13:01:43');
INSERT INTO `permissions` VALUES ('15', 'create_lokasis', 'web', '2025-12-21 13:01:43', '2025-12-21 13:01:43');
INSERT INTO `permissions` VALUES ('16', 'edit_lokasis', 'web', '2025-12-21 13:01:43', '2025-12-21 13:01:43');
INSERT INTO `permissions` VALUES ('17', 'delete_lokasis', 'web', '2025-12-21 13:01:43', '2025-12-21 13:01:43');
INSERT INTO `permissions` VALUES ('18', 'view_transaksi_barangs', 'web', '2025-12-21 13:01:43', '2025-12-21 13:01:43');
INSERT INTO `permissions` VALUES ('19', 'create_transaksi_barangs', 'web', '2025-12-21 13:01:43', '2025-12-21 13:01:43');
INSERT INTO `permissions` VALUES ('20', 'edit_transaksi_barangs', 'web', '2025-12-21 13:01:43', '2025-12-21 13:01:43');
INSERT INTO `permissions` VALUES ('21', 'delete_transaksi_barangs', 'web', '2025-12-21 13:01:43', '2025-12-21 13:01:43');
INSERT INTO `permissions` VALUES ('22', 'view_barang_rusaks', 'web', '2025-12-21 13:01:43', '2025-12-21 13:01:43');
INSERT INTO `permissions` VALUES ('23', 'create_barang_rusaks', 'web', '2025-12-21 13:01:43', '2025-12-21 13:01:43');
INSERT INTO `permissions` VALUES ('24', 'edit_barang_rusaks', 'web', '2025-12-21 13:01:43', '2025-12-21 13:01:43');
INSERT INTO `permissions` VALUES ('25', 'delete_barang_rusaks', 'web', '2025-12-21 13:01:43', '2025-12-21 13:01:43');
INSERT INTO `permissions` VALUES ('26', 'view_log_aktivitas', 'web', '2025-12-21 13:01:43', '2025-12-21 13:01:43');
INSERT INTO `permissions` VALUES ('27', 'view_dashboard', 'web', '2025-12-21 13:01:43', '2025-12-21 13:01:43');
INSERT INTO `permissions` VALUES ('28', 'view_laporan', 'web', '2025-12-21 13:01:43', '2025-12-21 13:01:43');
INSERT INTO `permissions` VALUES ('29', 'backup_system', 'web', '2025-12-21 13:01:43', '2025-12-21 13:01:43');
INSERT INTO `permissions` VALUES ('30', 'restore_system', 'web', '2025-12-21 13:01:43', '2025-12-21 13:01:43');

-- Structure for table `role_has_permissions`
DROP TABLE IF EXISTS `role_has_permissions`;
CREATE TABLE `role_has_permissions` (
  `permission_id` bigint unsigned NOT NULL,
  `role_id` bigint unsigned NOT NULL,
  PRIMARY KEY (`permission_id`,`role_id`),
  KEY `role_has_permissions_role_id_foreign` (`role_id`),
  CONSTRAINT `role_has_permissions_permission_id_foreign` FOREIGN KEY (`permission_id`) REFERENCES `permissions` (`id`) ON DELETE CASCADE,
  CONSTRAINT `role_has_permissions_role_id_foreign` FOREIGN KEY (`role_id`) REFERENCES `roles` (`id`) ON DELETE CASCADE
) ENGINE=InnoDB DEFAULT CHARSET=utf8mb4 COLLATE=utf8mb4_unicode_ci;

-- Data for table `role_has_permissions`
INSERT INTO `role_has_permissions` VALUES ('1', '1');
INSERT INTO `role_has_permissions` VALUES ('2', '1');
INSERT INTO `role_has_permissions` VALUES ('3', '1');
INSERT INTO `role_has_permissions` VALUES ('4', '1');
INSERT INTO `role_has_permissions` VALUES ('5', '1');
INSERT INTO `role_has_permissions` VALUES ('6', '1');
INSERT INTO `role_has_permissions` VALUES ('7', '1');
INSERT INTO `role_has_permissions` VALUES ('8', '1');
INSERT INTO `role_has_permissions` VALUES ('9', '1');
INSERT INTO `role_has_permissions` VALUES ('10', '1');
INSERT INTO `role_has_permissions` VALUES ('11', '1');
INSERT INTO `role_has_permissions` VALUES ('12', '1');
INSERT INTO `role_has_permissions` VALUES ('13', '1');
INSERT INTO `role_has_permissions` VALUES ('14', '1');
INSERT INTO `role_has_permissions` VALUES ('15', '1');
INSERT INTO `role_has_permissions` VALUES ('16', '1');
INSERT INTO `role_has_permissions` VALUES ('17', '1');
INSERT INTO `role_has_permissions` VALUES ('18', '1');
INSERT INTO `role_has_permissions` VALUES ('19', '1');
INSERT INTO `role_has_permissions` VALUES ('20', '1');
INSERT INTO `role_has_permissions` VALUES ('21', '1');
INSERT INTO `role_has_permissions` VALUES ('22', '1');
INSERT INTO `role_has_permissions` VALUES ('23', '1');
INSERT INTO `role_has_permissions` VALUES ('24', '1');
INSERT INTO `role_has_permissions` VALUES ('25', '1');
INSERT INTO `role_has_permissions` VALUES ('26', '1');
INSERT INTO `role_has_permissions` VALUES ('27', '1');
INSERT INTO `role_has_permissions` VALUES ('28', '1');
INSERT INTO `role_has_permissions` VALUES ('29', '1');
INSERT INTO `role_has_permissions` VALUES ('30', '1');
INSERT INTO `role_has_permissions` VALUES ('1', '2');
INSERT INTO `role_has_permissions` VALUES ('6', '2');
INSERT INTO `role_has_permissions` VALUES ('10', '2');
INSERT INTO `role_has_permissions` VALUES ('14', '2');
INSERT INTO `role_has_permissions` VALUES ('18', '2');
INSERT INTO `role_has_permissions` VALUES ('19', '2');
INSERT INTO `role_has_permissions` VALUES ('20', '2');
INSERT INTO `role_has_permissions` VALUES ('22', '2');
INSERT INTO `role_has_permissions` VALUES ('23', '2');
INSERT INTO `role_has_permissions` VALUES ('24', '2');
INSERT INTO `role_has_permissions` VALUES ('26', '2');
INSERT INTO `role_has_permissions` VALUES ('27', '2');
INSERT INTO `role_has_permissions` VALUES ('28', '2');

-- Structure for table `roles`
DROP TABLE IF EXISTS `roles`;
CREATE TABLE `roles` (
  `id` bigint unsigned NOT NULL AUTO_INCREMENT,
  `name` varchar(255) COLLATE utf8mb4_unicode_ci NOT NULL,
  `guard_name` varchar(255) COLLATE utf8mb4_unicode_ci NOT NULL,
  `created_at` timestamp NULL DEFAULT NULL,
  `updated_at` timestamp NULL DEFAULT NULL,
  PRIMARY KEY (`id`),
  UNIQUE KEY `roles_name_guard_name_unique` (`name`,`guard_name`)
) ENGINE=InnoDB AUTO_INCREMENT=3 DEFAULT CHARSET=utf8mb4 COLLATE=utf8mb4_unicode_ci;

-- Data for table `roles`
INSERT INTO `roles` VALUES ('1', 'Admin Sistem', 'web', '2025-12-21 13:01:43', '2025-12-21 13:01:43');
INSERT INTO `roles` VALUES ('2', 'Staff', 'web', '2025-12-21 13:01:43', '2025-12-21 13:01:43');

-- Structure for table `sessions`
DROP TABLE IF EXISTS `sessions`;
CREATE TABLE `sessions` (
  `id` varchar(255) COLLATE utf8mb4_unicode_ci NOT NULL,
  `user_id` bigint unsigned DEFAULT NULL,
  `ip_address` varchar(45) COLLATE utf8mb4_unicode_ci DEFAULT NULL,
  `user_agent` text COLLATE utf8mb4_unicode_ci,
  `payload` longtext COLLATE utf8mb4_unicode_ci NOT NULL,
  `last_activity` int NOT NULL,
  PRIMARY KEY (`id`),
  KEY `sessions_user_id_index` (`user_id`),
  KEY `sessions_last_activity_index` (`last_activity`)
) ENGINE=InnoDB DEFAULT CHARSET=utf8mb4 COLLATE=utf8mb4_unicode_ci;

-- Data for table `sessions`
INSERT INTO `sessions` VALUES ('B9wj2fXZGA9MurlFClwZFoVbsAiKMAOaSNCPAO2o', '1', '127.0.0.1', 'Mozilla/5.0 (Windows NT 10.0; Win64; x64) AppleWebKit/537.36 (KHTML, like Gecko) Chrome/143.0.0.0 Safari/537.36', 'YTo4OntzOjY6Il90b2tlbiI7czo0MDoiZGxSRE9paTNlc0NxZlRDM0ZjbzF1YzNFWUhWNFprUklFV2JvWXV2QyI7czo5OiJfcHJldmlvdXMiO2E6Mjp7czozOiJ1cmwiO3M6NDI6Imh0dHA6Ly9sb2NhbGhvc3Q6ODAwMC9hZG1pbi9iYWNrdXAtbWFuYWdlciI7czo1OiJyb3V0ZSI7czozNToiZmlsYW1lbnQuYWRtaW4ucGFnZXMuYmFja3VwLW1hbmFnZXIiO31zOjY6Il9mbGFzaCI7YToyOntzOjM6Im9sZCI7YTowOnt9czozOiJuZXciO2E6MDp7fX1zOjUwOiJsb2dpbl93ZWJfNTliYTM2YWRkYzJiMmY5NDAxNTgwZjAxNGM3ZjU4ZWE0ZTMwOTg5ZCI7aToxO3M6MTI6ImxvZ2luX2xvZ2dlZCI7YjoxO3M6MTc6InBhc3N3b3JkX2hhc2hfd2ViIjtzOjYwOiIkMnkkMTIkNFNZbHpoZWI0MUVsT3lMWHN1emRUZXU0VGo4bnBVT1JtU0t1N3ZhMUhzeEpMdjA3WDRtMHUiO3M6NjoidGFibGVzIjthOjE6e3M6NDA6IjM2NmYwODcwNzE5NTc5OTU3NjE5OWRmMDY2NTc3Y2ZiX2NvbHVtbnMiO2E6Nzp7aTowO2E6Nzp7czo0OiJ0eXBlIjtzOjY6ImNvbHVtbiI7czo0OiJuYW1lIjtzOjExOiJrb2RlX2JhcmFuZyI7czo1OiJsYWJlbCI7czoxMToiS29kZSBCYXJhbmciO3M6ODoiaXNIaWRkZW4iO2I6MDtzOjk6ImlzVG9nZ2xlZCI7YjoxO3M6MTI6ImlzVG9nZ2xlYWJsZSI7YjowO3M6MjQ6ImlzVG9nZ2xlZEhpZGRlbkJ5RGVmYXVsdCI7Tjt9aToxO2E6Nzp7czo0OiJ0eXBlIjtzOjY6ImNvbHVtbiI7czo0OiJuYW1lIjtzOjExOiJuYW1hX2JhcmFuZyI7czo1OiJsYWJlbCI7czoxMToiTmFtYSBCYXJhbmciO3M6ODoiaXNIaWRkZW4iO2I6MDtzOjk6ImlzVG9nZ2xlZCI7YjoxO3M6MTI6ImlzVG9nZ2xlYWJsZSI7YjowO3M6MjQ6ImlzVG9nZ2xlZEhpZGRlbkJ5RGVmYXVsdCI7Tjt9aToyO2E6Nzp7czo0OiJ0eXBlIjtzOjY6ImNvbHVtbiI7czo0OiJuYW1lIjtzOjIyOiJrYXRlZ29yaS5uYW1hX2thdGVnb3JpIjtzOjU6ImxhYmVsIjtzOjg6IkthdGVnb3JpIjtzOjg6ImlzSGlkZGVuIjtiOjA7czo5OiJpc1RvZ2dsZWQiO2I6MTtzOjEyOiJpc1RvZ2dsZWFibGUiO2I6MDtzOjI0OiJpc1RvZ2dsZWRIaWRkZW5CeURlZmF1bHQiO047fWk6MzthOjc6e3M6NDoidHlwZSI7czo2OiJjb2x1bW4iO3M6NDoibmFtZSI7czoxODoibG9rYXNpLm5hbWFfbG9rYXNpIjtzOjU6ImxhYmVsIjtzOjY6Ikxva2FzaSI7czo4OiJpc0hpZGRlbiI7YjowO3M6OToiaXNUb2dnbGVkIjtiOjE7czoxMjoiaXNUb2dnbGVhYmxlIjtiOjA7czoyNDoiaXNUb2dnbGVkSGlkZGVuQnlEZWZhdWx0IjtOO31pOjQ7YTo3OntzOjQ6InR5cGUiO3M6NjoiY29sdW1uIjtzOjQ6Im5hbWUiO3M6MTE6Imp1bWxhaF9zdG9rIjtzOjU6ImxhYmVsIjtzOjEzOiJTdG9rIFNhYXQgSW5pIjtzOjg6ImlzSGlkZGVuIjtiOjA7czo5OiJpc1RvZ2dsZWQiO2I6MTtzOjEyOiJpc1RvZ2dsZWFibGUiO2I6MDtzOjI0OiJpc1RvZ2dsZWRIaWRkZW5CeURlZmF1bHQiO047fWk6NTthOjc6e3M6NDoidHlwZSI7czo2OiJjb2x1bW4iO3M6NDoibmFtZSI7czoxMzoicmVvcmRlcl9wb2ludCI7czo1OiJsYWJlbCI7czoxOToiQmF0YXMgTWluaW11bSAoUk9QKSI7czo4OiJpc0hpZGRlbiI7YjowO3M6OToiaXNUb2dnbGVkIjtiOjE7czoxMjoiaXNUb2dnbGVhYmxlIjtiOjA7czoyNDoiaXNUb2dnbGVkSGlkZGVuQnlEZWZhdWx0IjtOO31pOjY7YTo3OntzOjQ6InR5cGUiO3M6NjoiY29sdW1uIjtzOjQ6Im5hbWUiO3M6Njoic3RhdHVzIjtzOjU6ImxhYmVsIjtzOjY6IlN0YXR1cyI7czo4OiJpc0hpZGRlbiI7YjowO3M6OToiaXNUb2dnbGVkIjtiOjE7czoxMjoiaXNUb2dnbGVhYmxlIjtiOjA7czoyNDoiaXNUb2dnbGVkSGlkZGVuQnlEZWZhdWx0IjtOO319fXM6ODoiZmlsYW1lbnQiO2E6MDp7fX0=', '1766322939');

-- Structure for table `transaksi_barang`
DROP TABLE IF EXISTS `transaksi_barang`;
CREATE TABLE `transaksi_barang` (
  `id` bigint unsigned NOT NULL AUTO_INCREMENT,
  `kode_transaksi` varchar(50) COLLATE utf8mb4_unicode_ci NOT NULL,
  `barang_id` bigint unsigned NOT NULL,
  `tipe_transaksi` enum('masuk','keluar') COLLATE utf8mb4_unicode_ci NOT NULL,
  `jumlah` int NOT NULL,
  `tanggal_transaksi` date NOT NULL,
  `penanggung_jawab` varchar(100) COLLATE utf8mb4_unicode_ci DEFAULT NULL,
  `keterangan` text COLLATE utf8mb4_unicode_ci,
  `user_id` bigint unsigned NOT NULL,
  `created_at` timestamp NULL DEFAULT NULL,
  `updated_at` timestamp NULL DEFAULT NULL,
  PRIMARY KEY (`id`),
  UNIQUE KEY `transaksi_barang_kode_transaksi_unique` (`kode_transaksi`),
  KEY `transaksi_barang_user_id_foreign` (`user_id`),
  KEY `transaksi_barang_barang_id_tipe_transaksi_index` (`barang_id`,`tipe_transaksi`),
  KEY `transaksi_barang_tanggal_transaksi_index` (`tanggal_transaksi`),
  KEY `transaksi_barang_kode_transaksi_index` (`kode_transaksi`),
  CONSTRAINT `transaksi_barang_barang_id_foreign` FOREIGN KEY (`barang_id`) REFERENCES `barang` (`id`) ON DELETE CASCADE,
  CONSTRAINT `transaksi_barang_user_id_foreign` FOREIGN KEY (`user_id`) REFERENCES `users` (`id`) ON DELETE CASCADE
) ENGINE=InnoDB AUTO_INCREMENT=93 DEFAULT CHARSET=utf8mb4 COLLATE=utf8mb4_unicode_ci;

-- Data for table `transaksi_barang`
INSERT INTO `transaksi_barang` VALUES ('1', 'TM-20251201-001', '4', 'masuk', '36', '2025-12-01', 'Siti Nurhaliza', 'Penerimaan dari supplier', '1', '2025-12-21 13:01:44', '2025-12-21 13:01:44');
INSERT INTO `transaksi_barang` VALUES ('2', 'TK-20251201-001', '1', 'keluar', '1', '2025-12-01', 'Roni Wijaya', NULL, '3', '2025-12-21 13:01:44', '2025-12-21 13:01:44');
INSERT INTO `transaksi_barang` VALUES ('3', 'TM-20251201-002', '4', 'masuk', '40', '2025-12-01', NULL, 'Koreksi stok', '2', '2025-12-21 13:01:44', '2025-12-21 13:01:44');
INSERT INTO `transaksi_barang` VALUES ('4', 'TM-20251201-003', '3', 'masuk', '28', '2025-12-01', 'Eka Putri', 'Pengiriman ke cabang', '2', '2025-12-21 13:01:44', '2025-12-21 13:01:44');
INSERT INTO `transaksi_barang` VALUES ('5', 'TK-20251202-001', '3', 'keluar', '16', '2025-12-02', 'Ahmad Rahman', NULL, '2', '2025-12-21 13:01:44', '2025-12-21 13:01:44');
INSERT INTO `transaksi_barang` VALUES ('6', 'TM-20251202-001', '4', 'masuk', '46', '2025-12-02', NULL, NULL, '1', '2025-12-21 13:01:45', '2025-12-21 13:01:45');
INSERT INTO `transaksi_barang` VALUES ('7', 'TK-20251202-002', '4', 'keluar', '1', '2025-12-02', NULL, 'Penyimpanan di gudang', '3', '2025-12-21 13:01:45', '2025-12-21 13:01:45');
INSERT INTO `transaksi_barang` VALUES ('8', 'TM-20251202-002', '5', 'masuk', '25', '2025-12-02', 'Eka Putri', 'Pengiriman ke cabang', '3', '2025-12-21 13:01:45', '2025-12-21 13:01:45');
INSERT INTO `transaksi_barang` VALUES ('9', 'TK-20251203-001', '1', 'keluar', '6', '2025-12-03', 'Roni Wijaya', 'Pembelian tambahan', '1', '2025-12-21 13:01:45', '2025-12-21 13:01:45');
INSERT INTO `transaksi_barang` VALUES ('10', 'TM-20251203-001', '1', 'masuk', '34', '2025-12-03', NULL, 'Pengadaan rutin', '2', '2025-12-21 13:01:45', '2025-12-21 13:01:45');
INSERT INTO `transaksi_barang` VALUES ('11', 'TM-20251204-001', '1', 'masuk', '12', '2025-12-04', 'Fajar Maulana', 'Penerimaan dari supplier', '3', '2025-12-21 13:01:45', '2025-12-21 13:01:45');
INSERT INTO `transaksi_barang` VALUES ('12', 'TM-20251204-002', '5', 'masuk', '27', '2025-12-04', NULL, NULL, '3', '2025-12-21 13:01:45', '2025-12-21 13:01:45');
INSERT INTO `transaksi_barang` VALUES ('13', 'TK-20251204-001', '4', 'keluar', '14', '2025-12-04', NULL, 'Inventaris bulanan', '3', '2025-12-21 13:01:45', '2025-12-21 13:01:45');
INSERT INTO `transaksi_barang` VALUES ('14', 'TM-20251204-003', '4', 'masuk', '43', '2025-12-04', NULL, NULL, '2', '2025-12-21 13:01:45', '2025-12-21 13:01:45');
INSERT INTO `transaksi_barang` VALUES ('15', 'TK-20251205-001', '3', 'keluar', '10', '2025-12-05', 'Dewi Kusuma', 'Pengiriman ke cabang', '2', '2025-12-21 13:01:45', '2025-12-21 13:01:45');
INSERT INTO `transaksi_barang` VALUES ('16', 'TK-20251206-001', '2', 'keluar', '2', '2025-12-06', 'Maria Santoso', NULL, '1', '2025-12-21 13:01:45', '2025-12-21 13:01:45');
INSERT INTO `transaksi_barang` VALUES ('17', 'TM-20251206-001', '1', 'masuk', '35', '2025-12-06', 'Ahmad Rahman', 'Koreksi stok', '1', '2025-12-21 13:01:45', '2025-12-21 13:01:45');
INSERT INTO `transaksi_barang` VALUES ('18', 'TK-20251207-001', '5', 'keluar', '19', '2025-12-07', 'Eka Putri', NULL, '2', '2025-12-21 13:01:45', '2025-12-21 13:01:45');
INSERT INTO `transaksi_barang` VALUES ('19', 'TM-20251208-001', '4', 'masuk', '35', '2025-12-08', NULL, 'Pengiriman ke cabang', '2', '2025-12-21 13:01:45', '2025-12-21 13:01:45');
INSERT INTO `transaksi_barang` VALUES ('20', 'TM-20251208-002', '2', 'masuk', '29', '2025-12-08', NULL, NULL, '3', '2025-12-21 13:01:45', '2025-12-21 13:01:45');
INSERT INTO `transaksi_barang` VALUES ('21', 'TM-20251208-003', '3', 'masuk', '15', '2025-12-08', NULL, NULL, '1', '2025-12-21 13:01:45', '2025-12-21 13:01:45');
INSERT INTO `transaksi_barang` VALUES ('22', 'TK-20251208-001', '2', 'keluar', '8', '2025-12-08', 'Siti Nurhaliza', NULL, '2', '2025-12-21 13:01:45', '2025-12-21 13:01:45');
INSERT INTO `transaksi_barang` VALUES ('23', 'TK-20251208-002', '2', 'keluar', '14', '2025-12-08', 'Maria Santoso', NULL, '3', '2025-12-21 13:01:45', '2025-12-21 13:01:45');
INSERT INTO `transaksi_barang` VALUES ('24', 'TK-20251209-001', '3', 'keluar', '19', '2025-12-09', NULL, 'Distribusi ke toko', '3', '2025-12-21 13:01:45', '2025-12-21 13:01:45');
INSERT INTO `transaksi_barang` VALUES ('25', 'TM-20251210-001', '3', 'masuk', '20', '2025-12-10', 'Eka Putri', 'Distribusi ke toko', '1', '2025-12-21 13:01:45', '2025-12-21 13:01:45');
INSERT INTO `transaksi_barang` VALUES ('26', 'TK-20251210-001', '3', 'keluar', '20', '2025-12-10', 'Eka Putri', NULL, '1', '2025-12-21 13:01:45', '2025-12-21 13:01:45');
INSERT INTO `transaksi_barang` VALUES ('27', 'TK-20251210-002', '2', 'keluar', '12', '2025-12-10', NULL, 'Penyimpanan di gudang', '3', '2025-12-21 13:01:45', '2025-12-21 13:01:45');
INSERT INTO `transaksi_barang` VALUES ('28', 'TK-20251210-003', '4', 'keluar', '14', '2025-12-10', 'Budi Santoso', NULL, '1', '2025-12-21 13:01:45', '2025-12-21 13:01:45');
INSERT INTO `transaksi_barang` VALUES ('29', 'TM-20251210-002', '5', 'masuk', '46', '2025-12-10', 'Budi Santoso', 'Inventaris bulanan', '1', '2025-12-21 13:01:45', '2025-12-21 13:01:45');
INSERT INTO `transaksi_barang` VALUES ('30', 'TM-20251211-001', '1', 'masuk', '25', '2025-12-11', 'Budi Santoso', NULL, '1', '2025-12-21 13:01:45', '2025-12-21 13:01:45');
INSERT INTO `transaksi_barang` VALUES ('31', 'TM-20251212-001', '2', 'masuk', '17', '2025-12-12', 'Budi Santoso', NULL, '3', '2025-12-21 13:01:45', '2025-12-21 13:01:45');
INSERT INTO `transaksi_barang` VALUES ('32', 'TM-20251213-001', '2', 'masuk', '30', '2025-12-13', NULL, NULL, '1', '2025-12-21 13:01:45', '2025-12-21 13:01:45');
INSERT INTO `transaksi_barang` VALUES ('33', 'TM-20251214-001', '4', 'masuk', '30', '2025-12-14', NULL, 'Penyimpanan di gudang', '3', '2025-12-21 13:01:45', '2025-12-21 13:01:45');
INSERT INTO `transaksi_barang` VALUES ('34', 'TK-20251214-001', '1', 'keluar', '7', '2025-12-14', 'Siti Nurhaliza', 'Distribusi ke toko', '1', '2025-12-21 13:01:45', '2025-12-21 13:01:45');
INSERT INTO `transaksi_barang` VALUES ('35', 'TM-20251214-002', '2', 'masuk', '32', '2025-12-14', 'Budi Santoso', NULL, '1', '2025-12-21 13:01:45', '2025-12-21 13:01:45');
INSERT INTO `transaksi_barang` VALUES ('36', 'TM-20251215-001', '2', 'masuk', '10', '2025-12-15', NULL, 'Penerimaan dari supplier', '1', '2025-12-21 13:01:45', '2025-12-21 13:01:45');
INSERT INTO `transaksi_barang` VALUES ('37', 'TK-20251215-001', '4', 'keluar', '20', '2025-12-15', NULL, 'Pengadaan rutin', '2', '2025-12-21 13:01:45', '2025-12-21 13:01:45');
INSERT INTO `transaksi_barang` VALUES ('38', 'TK-20251215-002', '4', 'keluar', '13', '2025-12-15', NULL, NULL, '1', '2025-12-21 13:01:45', '2025-12-21 13:01:45');
INSERT INTO `transaksi_barang` VALUES ('39', 'TM-20251215-002', '3', 'masuk', '6', '2025-12-15', NULL, NULL, '1', '2025-12-21 13:01:45', '2025-12-21 13:01:45');
INSERT INTO `transaksi_barang` VALUES ('40', 'TK-20251216-001', '1', 'keluar', '10', '2025-12-16', NULL, NULL, '1', '2025-12-21 13:01:45', '2025-12-21 13:01:45');
INSERT INTO `transaksi_barang` VALUES ('41', 'TM-20251216-001', '1', 'masuk', '17', '2025-12-16', 'Budi Santoso', NULL, '2', '2025-12-21 13:01:45', '2025-12-21 13:01:45');
INSERT INTO `transaksi_barang` VALUES ('42', 'TM-20251216-002', '4', 'masuk', '39', '2025-12-16', NULL, NULL, '2', '2025-12-21 13:01:45', '2025-12-21 13:01:45');
INSERT INTO `transaksi_barang` VALUES ('43', 'TK-20251216-002', '2', 'keluar', '11', '2025-12-16', 'Eka Putri', 'Koreksi stok', '1', '2025-12-21 13:01:45', '2025-12-21 13:01:45');
INSERT INTO `transaksi_barang` VALUES ('44', 'TM-20251217-001', '2', 'masuk', '6', '2025-12-17', 'Budi Santoso', 'Penerimaan dari supplier', '3', '2025-12-21 13:01:45', '2025-12-21 13:01:45');
INSERT INTO `transaksi_barang` VALUES ('45', 'TM-20251217-002', '5', 'masuk', '46', '2025-12-17', NULL, 'Pengiriman ke cabang', '1', '2025-12-21 13:01:45', '2025-12-21 13:01:45');
INSERT INTO `transaksi_barang` VALUES ('46', 'TK-20251217-001', '4', 'keluar', '17', '2025-12-17', 'Siti Nurhaliza', NULL, '2', '2025-12-21 13:01:45', '2025-12-21 13:01:45');
INSERT INTO `transaksi_barang` VALUES ('47', 'TK-20251217-002', '1', 'keluar', '8', '2025-12-17', 'Siti Nurhaliza', 'Pengiriman ke cabang', '1', '2025-12-21 13:01:45', '2025-12-21 13:01:45');
INSERT INTO `transaksi_barang` VALUES ('48', 'TK-20251217-003', '5', 'keluar', '7', '2025-12-17', 'Ahmad Rahman', 'Penyimpanan di gudang', '2', '2025-12-21 13:01:45', '2025-12-21 13:01:45');
INSERT INTO `transaksi_barang` VALUES ('49', 'TK-20251218-001', '1', 'keluar', '7', '2025-12-18', NULL, NULL, '2', '2025-12-21 13:01:45', '2025-12-21 13:01:45');
INSERT INTO `transaksi_barang` VALUES ('50', 'TM-20251218-001', '4', 'masuk', '30', '2025-12-18', 'Maria Santoso', 'Penyimpanan di gudang', '2', '2025-12-21 13:01:45', '2025-12-21 13:01:45');
INSERT INTO `transaksi_barang` VALUES ('51', 'TM-20251218-002', '3', 'masuk', '28', '2025-12-18', NULL, 'Distribusi ke toko', '2', '2025-12-21 13:01:45', '2025-12-21 13:01:45');
INSERT INTO `transaksi_barang` VALUES ('52', 'TM-20251218-003', '4', 'masuk', '35', '2025-12-18', NULL, 'Pembelian tambahan', '3', '2025-12-21 13:01:45', '2025-12-21 13:01:45');
INSERT INTO `transaksi_barang` VALUES ('53', 'TK-20251218-002', '1', 'keluar', '2', '2025-12-18', 'Maria Santoso', 'Koreksi stok', '2', '2025-12-21 13:01:45', '2025-12-21 13:01:45');
INSERT INTO `transaksi_barang` VALUES ('54', 'TM-20251219-001', '5', 'masuk', '12', '2025-12-19', NULL, 'Pembelian tambahan', '3', '2025-12-21 13:01:45', '2025-12-21 13:01:45');
INSERT INTO `transaksi_barang` VALUES ('55', 'TM-20251219-002', '5', 'masuk', '26', '2025-12-19', NULL, NULL, '3', '2025-12-21 13:01:45', '2025-12-21 13:01:45');
INSERT INTO `transaksi_barang` VALUES ('56', 'TK-20251219-001', '2', 'keluar', '9', '2025-12-19', 'Maria Santoso', NULL, '2', '2025-12-21 13:01:45', '2025-12-21 13:01:45');
INSERT INTO `transaksi_barang` VALUES ('57', 'TM-20251219-003', '4', 'masuk', '40', '2025-12-19', NULL, 'Inventaris bulanan', '2', '2025-12-21 13:01:45', '2025-12-21 13:01:45');
INSERT INTO `transaksi_barang` VALUES ('58', 'TM-20251220-001', '3', 'masuk', '49', '2025-12-20', NULL, 'Penyimpanan di gudang', '3', '2025-12-21 13:01:45', '2025-12-21 13:01:45');
INSERT INTO `transaksi_barang` VALUES ('59', 'TK-20251220-001', '2', 'keluar', '18', '2025-12-20', NULL, 'Pengiriman ke cabang', '2', '2025-12-21 13:01:45', '2025-12-21 13:01:45');
INSERT INTO `transaksi_barang` VALUES ('60', 'TK-20251221-001', '5', 'keluar', '6', '2025-12-21', 'Fajar Maulana', 'Penyimpanan di gudang', '2', '2025-12-21 13:01:45', '2025-12-21 13:01:45');
INSERT INTO `transaksi_barang` VALUES ('61', 'TM-20251221-001', '3', 'masuk', '9', '2025-12-21', NULL, 'Inventaris bulanan', '1', '2025-12-21 13:01:45', '2025-12-21 13:01:45');
INSERT INTO `transaksi_barang` VALUES ('62', 'TM-20251221-002', '2', 'masuk', '9', '2025-12-21', 'Fajar Maulana', 'Koreksi stok', '1', '2025-12-21 13:01:45', '2025-12-21 13:01:45');
INSERT INTO `transaksi_barang` VALUES ('63', 'TM-20251221-003', '2', 'masuk', '30', '2025-12-21', 'Ahmad Rahman', NULL, '2', '2025-12-21 13:01:45', '2025-12-21 13:01:45');
INSERT INTO `transaksi_barang` VALUES ('64', 'TM-20251221-004', '4', 'masuk', '5', '2025-12-21', 'Budi Santoso', NULL, '2', '2025-12-21 13:01:45', '2025-12-21 13:01:45');
INSERT INTO `transaksi_barang` VALUES ('65', 'TM-20251222-001', '4', 'masuk', '7', '2025-12-22', NULL, 'Inventaris bulanan', '3', '2025-12-21 13:01:45', '2025-12-21 13:01:45');
INSERT INTO `transaksi_barang` VALUES ('66', 'TM-20251222-002', '2', 'masuk', '11', '2025-12-22', 'Dewi Kusuma', 'Penerimaan dari supplier', '1', '2025-12-21 13:01:45', '2025-12-21 13:01:45');
INSERT INTO `transaksi_barang` VALUES ('67', 'TM-20251222-003', '4', 'masuk', '35', '2025-12-22', NULL, 'Inventaris bulanan', '2', '2025-12-21 13:01:45', '2025-12-21 13:01:45');
INSERT INTO `transaksi_barang` VALUES ('68', 'TM-20251222-004', '2', 'masuk', '21', '2025-12-22', NULL, NULL, '1', '2025-12-21 13:01:45', '2025-12-21 13:01:45');
INSERT INTO `transaksi_barang` VALUES ('69', 'TM-20251223-001', '3', 'masuk', '30', '2025-12-23', 'Fajar Maulana', NULL, '3', '2025-12-21 13:01:45', '2025-12-21 13:01:45');
INSERT INTO `transaksi_barang` VALUES ('70', 'TM-20251223-002', '4', 'masuk', '7', '2025-12-23', 'Siti Nurhaliza', 'Inventaris bulanan', '1', '2025-12-21 13:01:45', '2025-12-21 13:01:45');
INSERT INTO `transaksi_barang` VALUES ('71', 'TK-20251223-001', '2', 'keluar', '19', '2025-12-23', 'Eka Putri', NULL, '1', '2025-12-21 13:01:46', '2025-12-21 13:01:46');
INSERT INTO `transaksi_barang` VALUES ('72', 'TM-20251224-001', '3', 'masuk', '12', '2025-12-24', 'Maria Santoso', 'Penerimaan dari supplier', '3', '2025-12-21 13:01:46', '2025-12-21 13:01:46');
INSERT INTO `transaksi_barang` VALUES ('73', 'TM-20251224-002', '2', 'masuk', '37', '2025-12-24', 'Siti Nurhaliza', 'Penyimpanan di gudang', '2', '2025-12-21 13:01:46', '2025-12-21 13:01:46');
INSERT INTO `transaksi_barang` VALUES ('74', 'TK-20251224-001', '4', 'keluar', '14', '2025-12-24', NULL, NULL, '1', '2025-12-21 13:01:46', '2025-12-21 13:01:46');
INSERT INTO `transaksi_barang` VALUES ('75', 'TM-20251225-001', '4', 'masuk', '9', '2025-12-25', NULL, NULL, '1', '2025-12-21 13:01:46', '2025-12-21 13:01:46');
INSERT INTO `transaksi_barang` VALUES ('76', 'TK-20251226-001', '2', 'keluar', '14', '2025-12-26', 'Dewi Kusuma', NULL, '1', '2025-12-21 13:01:46', '2025-12-21 13:01:46');
INSERT INTO `transaksi_barang` VALUES ('77', 'TK-20251226-002', '1', 'keluar', '11', '2025-12-26', NULL, 'Distribusi ke toko', '1', '2025-12-21 13:01:46', '2025-12-21 13:01:46');
INSERT INTO `transaksi_barang` VALUES ('78', 'TM-20251226-001', '3', 'masuk', '23', '2025-12-26', 'Dewi Kusuma', 'Inventaris bulanan', '1', '2025-12-21 13:01:46', '2025-12-21 13:01:46');
INSERT INTO `transaksi_barang` VALUES ('79', 'TK-20251226-003', '3', 'keluar', '11', '2025-12-26', NULL, NULL, '1', '2025-12-21 13:01:46', '2025-12-21 13:01:46');
INSERT INTO `transaksi_barang` VALUES ('80', 'TK-20251227-001', '5', 'keluar', '14', '2025-12-27', NULL, NULL, '1', '2025-12-21 13:01:46', '2025-12-21 13:01:46');
INSERT INTO `transaksi_barang` VALUES ('81', 'TM-20251228-001', '1', 'masuk', '12', '2025-12-28', 'Dewi Kusuma', NULL, '1', '2025-12-21 13:01:46', '2025-12-21 13:01:46');
INSERT INTO `transaksi_barang` VALUES ('82', 'TM-20251228-002', '1', 'masuk', '12', '2025-12-28', 'Eka Putri', NULL, '1', '2025-12-21 13:01:46', '2025-12-21 13:01:46');
INSERT INTO `transaksi_barang` VALUES ('83', 'TK-20251228-001', '3', 'keluar', '4', '2025-12-28', 'Siti Nurhaliza', NULL, '2', '2025-12-21 13:01:46', '2025-12-21 13:01:46');
INSERT INTO `transaksi_barang` VALUES ('84', 'TK-20251228-002', '3', 'keluar', '4', '2025-12-28', NULL, 'Inventaris bulanan', '1', '2025-12-21 13:01:46', '2025-12-21 13:01:46');
INSERT INTO `transaksi_barang` VALUES ('85', 'TK-20251228-003', '4', 'keluar', '19', '2025-12-28', NULL, 'Penerimaan dari supplier', '1', '2025-12-21 13:01:46', '2025-12-21 13:01:46');
INSERT INTO `transaksi_barang` VALUES ('86', 'TM-20251229-001', '3', 'masuk', '29', '2025-12-29', 'Maria Santoso', NULL, '2', '2025-12-21 13:01:46', '2025-12-21 13:01:46');
INSERT INTO `transaksi_barang` VALUES ('87', 'TM-20251229-002', '4', 'masuk', '10', '2025-12-29', NULL, NULL, '3', '2025-12-21 13:01:46', '2025-12-21 13:01:46');
INSERT INTO `transaksi_barang` VALUES ('88', 'TK-20251230-001', '5', 'keluar', '3', '2025-12-30', 'Siti Nurhaliza', NULL, '3', '2025-12-21 13:01:46', '2025-12-21 13:01:46');
INSERT INTO `transaksi_barang` VALUES ('89', 'TM-20251230-001', '4', 'masuk', '17', '2025-12-30', NULL, 'Inventaris bulanan', '2', '2025-12-21 13:01:46', '2025-12-21 13:01:46');
INSERT INTO `transaksi_barang` VALUES ('90', 'TM-20251230-002', '2', 'masuk', '29', '2025-12-30', NULL, NULL, '2', '2025-12-21 13:01:46', '2025-12-21 13:01:46');
INSERT INTO `transaksi_barang` VALUES ('91', 'TM-20251230-003', '3', 'masuk', '26', '2025-12-30', 'Budi Santoso', NULL, '2', '2025-12-21 13:01:46', '2025-12-21 13:01:46');
INSERT INTO `transaksi_barang` VALUES ('92', 'TM-20251230-004', '2', 'masuk', '22', '2025-12-30', 'Fajar Maulana', 'Penerimaan dari supplier', '3', '2025-12-21 13:01:46', '2025-12-21 13:01:46');

-- Structure for table `users`
DROP TABLE IF EXISTS `users`;
CREATE TABLE `users` (
  `id` bigint unsigned NOT NULL AUTO_INCREMENT,
  `name` varchar(255) COLLATE utf8mb4_unicode_ci NOT NULL,
  `email` varchar(255) COLLATE utf8mb4_unicode_ci NOT NULL,
  `role` enum('admin','petugas_inventaris','kepala_sekolah') COLLATE utf8mb4_unicode_ci NOT NULL DEFAULT 'petugas_inventaris',
  `is_active` tinyint(1) NOT NULL DEFAULT '1',
  `email_verified_at` timestamp NULL DEFAULT NULL,
  `password` varchar(255) COLLATE utf8mb4_unicode_ci NOT NULL,
  `remember_token` varchar(100) COLLATE utf8mb4_unicode_ci DEFAULT NULL,
  `created_at` timestamp NULL DEFAULT NULL,
  `updated_at` timestamp NULL DEFAULT NULL,
  `deleted_at` timestamp NULL DEFAULT NULL,
  PRIMARY KEY (`id`),
  UNIQUE KEY `users_email_unique` (`email`),
  KEY `users_role_index` (`role`)
) ENGINE=InnoDB AUTO_INCREMENT=4 DEFAULT CHARSET=utf8mb4 COLLATE=utf8mb4_unicode_ci;

-- Data for table `users`
INSERT INTO `users` VALUES ('1', 'Administrator', 'admin@inventaris.test', 'petugas_inventaris', '1', '2025-12-21 13:01:44', '$2y$12$4SYlzheb41ElOyLXsuzdTeu4Tj8npUORmSKu7va1HsxJLv07X4m0u', NULL, '2025-12-21 13:01:44', '2025-12-21 13:01:44', NULL);
INSERT INTO `users` VALUES ('2', 'Petugas Inventaris', 'petugas@inventaris.test', 'petugas_inventaris', '1', '2025-12-21 13:01:44', '$2y$12$LRXq96vv4.Bu0wJxs01yEuOcN4QApk5eEFaSQyYm9HiUvRRWhdeqW', NULL, '2025-12-21 13:01:44', '2025-12-21 13:01:44', NULL);
INSERT INTO `users` VALUES ('3', 'Kepala Sekolah', 'kepala@inventaris.test', 'petugas_inventaris', '1', '2025-12-21 13:01:44', '$2y$12$Kly1mfp871NhrlE0Ez3d/uvPFZNlX0Zy4vVrslHf6ud11zxSgpZcq', NULL, '2025-12-21 13:01:44', '2025-12-21 13:01:44', NULL);

SET FOREIGN_KEY_CHECKS=1;
