-- MySQL Dump
-- Generated at: 2025-12-29 07:52:26
-- Database: tkt_warehouse

SET FOREIGN_KEY_CHECKS=0;

-- Structure for table `backup_logs`
DROP TABLE IF EXISTS `backup_logs`;
CREATE TABLE `backup_logs` (
  `id` bigint unsigned NOT NULL AUTO_INCREMENT,
  `user_id` bigint unsigned NOT NULL,
  `filename` varchar(255) COLLATE utf8mb4_unicode_ci DEFAULT NULL,
  `format` varchar(255) COLLATE utf8mb4_unicode_ci NOT NULL DEFAULT 'sql',
  `file_size` bigint unsigned DEFAULT NULL,
  `status` enum('success','failed','pending') COLLATE utf8mb4_unicode_ci NOT NULL DEFAULT 'pending',
  `notes` text COLLATE utf8mb4_unicode_ci,
  `created_at` timestamp NULL DEFAULT NULL,
  `updated_at` timestamp NULL DEFAULT NULL,
  `deleted_at` timestamp NULL DEFAULT NULL,
  PRIMARY KEY (`id`),
  KEY `backup_logs_user_id_foreign` (`user_id`),
  CONSTRAINT `backup_logs_user_id_foreign` FOREIGN KEY (`user_id`) REFERENCES `users` (`id`)
) ENGINE=InnoDB AUTO_INCREMENT=2 DEFAULT CHARSET=utf8mb4 COLLATE=utf8mb4_unicode_ci;

-- Data for table `backup_logs`
INSERT INTO `backup_logs` VALUES ('1', '1', NULL, 'sql', NULL, 'pending', NULL, '2025-12-29 07:52:25', '2025-12-29 07:52:25', NULL);

-- Structure for table `barang`
DROP TABLE IF EXISTS `barang`;
CREATE TABLE `barang` (
  `id` bigint unsigned NOT NULL AUTO_INCREMENT,
  `kode_barang` varchar(50) COLLATE utf8mb4_unicode_ci NOT NULL,
  `nama_barang` varchar(200) COLLATE utf8mb4_unicode_ci NOT NULL,
  `kategori_id` bigint unsigned NOT NULL,
  `lokasi_id` bigint unsigned NOT NULL,
  `jumlah_stok` int NOT NULL DEFAULT '0',
  `reorder_point` int NOT NULL DEFAULT '10' COMMENT 'Batas minimal stok sebelum perlu pemesanan ulang',
  `satuan` varchar(50) COLLATE utf8mb4_unicode_ci NOT NULL DEFAULT 'pcs',
  `status` enum('baik','rusak','hilang') COLLATE utf8mb4_unicode_ci NOT NULL DEFAULT 'baik',
  `deskripsi` text COLLATE utf8mb4_unicode_ci,
  `harga_satuan` decimal(15,2) DEFAULT NULL,
  `merk` varchar(100) COLLATE utf8mb4_unicode_ci DEFAULT NULL,
  `tanggal_pembelian` date DEFAULT NULL,
  `created_at` timestamp NULL DEFAULT NULL,
  `updated_at` timestamp NULL DEFAULT NULL,
  `deleted_at` timestamp NULL DEFAULT NULL,
  PRIMARY KEY (`id`),
  UNIQUE KEY `barang_kode_barang_unique` (`kode_barang`),
  KEY `barang_kategori_id_foreign` (`kategori_id`),
  KEY `barang_lokasi_id_foreign` (`lokasi_id`),
  KEY `barang_kode_barang_nama_barang_index` (`kode_barang`,`nama_barang`),
  KEY `barang_status_index` (`status`),
  KEY `barang_jumlah_stok_index` (`jumlah_stok`),
  CONSTRAINT `barang_kategori_id_foreign` FOREIGN KEY (`kategori_id`) REFERENCES `kategori` (`id`) ON DELETE CASCADE,
  CONSTRAINT `barang_lokasi_id_foreign` FOREIGN KEY (`lokasi_id`) REFERENCES `lokasi` (`id`) ON DELETE CASCADE
) ENGINE=InnoDB AUTO_INCREMENT=51 DEFAULT CHARSET=utf8mb4 COLLATE=utf8mb4_unicode_ci;

-- Data for table `barang`
INSERT INTO `barang` VALUES ('1', 'BRG000001', 'esse ducimus doloremque', '3', '5', '166', '6', 'kg', 'rusak', 'Est reiciendis dolor totam mollitia.', '320770.00', 'HP', '2025-03-16', '2025-12-29 02:07:12', '2025-12-29 07:42:25', NULL);
INSERT INTO `barang` VALUES ('2', 'BRG000002', 'rerum minus aut', '5', '5', '239', '8', 'dus', 'rusak', 'Est architecto sunt nihil animi et.', '400022.00', 'LG', '2024-06-15', '2025-12-29 02:07:12', '2025-12-29 02:07:13', NULL);
INSERT INTO `barang` VALUES ('3', 'BRG000003', 'quas facere earum', '1', '4', '144', '14', 'pcs', 'baik', 'Blanditiis dignissimos nemo eaque doloribus.', '158855.00', 'HP', '2025-09-06', '2025-12-29 02:07:12', '2025-12-29 02:07:13', NULL);
INSERT INTO `barang` VALUES ('4', 'BRG000004', 'at a nihil', '5', '4', '191', '8', 'box', 'hilang', 'At sit omnis sed quis.', '182989.00', 'Samsung', '2025-07-22', '2025-12-29 02:07:12', '2025-12-29 02:07:13', NULL);
INSERT INTO `barang` VALUES ('5', 'BRG000005', 'excepturi qui tempore', '5', '3', '113', '19', 'box', 'rusak', 'Quas alias nihil iste atque sint delectus magnam.', '264568.00', 'Canon', '2025-05-26', '2025-12-29 02:07:12', '2025-12-29 02:07:13', NULL);
INSERT INTO `barang` VALUES ('6', 'BRG000006', 'vero illo consequatur', '3', '5', '227', '6', 'dus', 'hilang', 'Est quod minus optio omnis non.', '100369.00', 'Samsung', '2025-07-06', '2025-12-29 02:07:12', '2025-12-29 02:07:13', NULL);
INSERT INTO `barang` VALUES ('7', 'BRG000007', 'sit odio sint', '7', '5', '107', '6', 'dus', 'hilang', 'Omnis est saepe et maxime qui et cupiditate.', '216811.00', 'HP', '2025-04-05', '2025-12-29 02:07:12', '2025-12-29 02:07:13', NULL);
INSERT INTO `barang` VALUES ('8', 'BRG000008', 'nobis fugiat sint', '2', '5', '154', '18', 'dus', 'rusak', 'Eveniet eius odio necessitatibus quisquam.', '204025.00', 'Epson', '2024-03-16', '2025-12-29 02:07:12', '2025-12-29 02:07:13', NULL);
INSERT INTO `barang` VALUES ('9', 'BRG000009', 'eligendi provident neque', '4', '4', '212', '14', 'rim', 'baik', 'Repellendus quia voluptas sed aut nostrum.', '441453.00', 'Canon', '2024-06-24', '2025-12-29 02:07:12', '2025-12-29 02:07:13', NULL);
INSERT INTO `barang` VALUES ('10', 'BRG000010', 'delectus omnis molestiae', '6', '2', '192', '6', 'rim', 'baik', 'Et adipisci consequatur minus minus omnis.', '230047.00', 'HP', '2025-05-28', '2025-12-29 02:07:12', '2025-12-29 02:07:13', NULL);
INSERT INTO `barang` VALUES ('11', 'BRG000011', 'sunt odio esse', '5', '1', '252', '14', 'pcs', 'rusak', 'Earum neque vero voluptatem consequatur adipisci eligendi ipsum in.', '409524.00', 'Brother', '2025-10-30', '2025-12-29 02:07:12', '2025-12-29 02:07:13', NULL);
INSERT INTO `barang` VALUES ('12', 'BRG000012', 'quis sit inventore', '4', '5', '293', '18', 'dus', 'rusak', 'Ratione repellendus fuga doloribus ullam vel voluptatibus.', '497100.00', 'Brother', '2024-04-01', '2025-12-29 02:07:12', '2025-12-29 02:07:13', NULL);
INSERT INTO `barang` VALUES ('13', 'BRG000013', 'optio reprehenderit necessitatibus', '1', '2', '287', '13', 'unit', 'hilang', 'Ut nostrum voluptatem dolore labore sunt occaecati sed.', '423121.00', 'Epson', '2025-11-10', '2025-12-29 02:07:12', '2025-12-29 02:07:13', NULL);
INSERT INTO `barang` VALUES ('14', 'BRG000014', 'commodi maxime fugiat', '6', '4', '241', '11', 'box', 'hilang', 'Enim natus reprehenderit id est delectus eaque qui quo.', '339423.00', 'Canon', '2024-12-21', '2025-12-29 02:07:12', '2025-12-29 02:07:13', NULL);
INSERT INTO `barang` VALUES ('15', 'BRG000015', 'suscipit enim modi', '2', '1', '140', '18', 'unit', 'rusak', 'Vel voluptas ut consequatur.', '14251.00', 'Brother', '2024-04-29', '2025-12-29 02:07:12', '2025-12-29 02:07:13', NULL);
INSERT INTO `barang` VALUES ('16', 'BRG000016', 'voluptatem harum voluptas', '6', '2', '181', '20', 'box', 'rusak', 'Porro distinctio non similique adipisci laudantium veritatis.', '489503.00', 'Samsung', '2024-09-06', '2025-12-29 02:07:12', '2025-12-29 02:07:12', NULL);
INSERT INTO `barang` VALUES ('17', 'BRG000017', 'repellat animi doloremque', '2', '3', '42', '6', 'kg', 'hilang', 'Voluptates voluptate quas nostrum officia suscipit.', '131288.00', 'Epson', '2025-08-20', '2025-12-29 02:07:12', '2025-12-29 02:07:12', NULL);
INSERT INTO `barang` VALUES ('18', 'BRG000018', 'magni dolores itaque', '3', '2', '186', '8', 'meter', 'rusak', 'Voluptatem quae earum ratione quia.', '114354.00', 'HP', '2025-04-06', '2025-12-29 02:07:12', '2025-12-29 02:07:12', NULL);
INSERT INTO `barang` VALUES ('19', 'BRG000019', 'provident ullam quis', '2', '5', '196', '7', 'meter', 'rusak', 'Soluta consequatur qui sed eos.', '192403.00', 'Brother', '2024-08-04', '2025-12-29 02:07:12', '2025-12-29 02:07:12', NULL);
INSERT INTO `barang` VALUES ('20', 'BRG000020', 'ex fugit repellat', '7', '5', '140', '9', 'pcs', 'hilang', 'Consequuntur sunt sapiente et inventore ab cupiditate accusamus in.', '20200.00', 'Epson', '2025-04-25', '2025-12-29 02:07:12', '2025-12-29 02:07:12', NULL);
INSERT INTO `barang` VALUES ('21', 'BRG000021', 'sunt incidunt explicabo', '5', '2', '173', '13', 'box', 'hilang', 'Magnam saepe quod porro eveniet itaque commodi laudantium.', '347365.00', 'LG', '2025-02-12', '2025-12-29 02:07:12', '2025-12-29 02:07:12', NULL);
INSERT INTO `barang` VALUES ('22', 'BRG000022', 'facilis dolore placeat', '1', '2', '141', '12', 'unit', 'baik', 'Quis tenetur qui ullam.', '81543.00', 'HP', '2024-02-08', '2025-12-29 02:07:12', '2025-12-29 02:07:12', NULL);
INSERT INTO `barang` VALUES ('23', 'BRG000023', 'explicabo sit in', '6', '2', '168', '6', 'meter', 'rusak', 'Aliquam occaecati commodi labore alias.', '164533.00', 'Samsung', '2025-03-17', '2025-12-29 02:07:12', '2025-12-29 02:07:12', NULL);
INSERT INTO `barang` VALUES ('24', 'BRG000024', 'hic sint eius', '3', '5', '188', '10', 'box', 'hilang', 'Eaque dolores aut quo eos assumenda commodi.', '451050.00', 'Brother', '2025-10-27', '2025-12-29 02:07:12', '2025-12-29 02:07:12', NULL);
INSERT INTO `barang` VALUES ('25', 'BRG000025', 'ullam rerum fuga', '6', '2', '11', '18', 'kg', 'rusak', 'Velit recusandae quia voluptas ab vel recusandae aut.', '282510.00', 'LG', '2025-08-22', '2025-12-29 02:07:12', '2025-12-29 02:07:12', NULL);
INSERT INTO `barang` VALUES ('26', 'BRG000026', 'fuga voluptas et', '2', '2', '195', '6', 'pcs', 'hilang', 'Consequatur unde unde enim minima.', '462024.00', 'LG', '2025-11-28', '2025-12-29 02:07:12', '2025-12-29 02:07:12', NULL);
INSERT INTO `barang` VALUES ('27', 'BRG000027', 'voluptatem sed recusandae', '4', '4', '169', '17', 'box', 'hilang', 'Nostrum pariatur commodi voluptate dicta itaque quia.', '41057.00', 'Brother', '2024-11-19', '2025-12-29 02:07:12', '2025-12-29 02:07:12', NULL);
INSERT INTO `barang` VALUES ('28', 'BRG000028', 'tenetur ut blanditiis', '5', '4', '82', '11', 'dus', 'hilang', 'Expedita rerum aliquid rerum expedita omnis.', '352708.00', 'Dell', '2024-10-12', '2025-12-29 02:07:12', '2025-12-29 02:07:12', NULL);
INSERT INTO `barang` VALUES ('29', 'BRG000029', 'sapiente in nihil', '2', '2', '113', '5', 'rim', 'rusak', 'Id est eum voluptas ut quia reprehenderit quo.', '434485.00', 'Epson', '2024-03-30', '2025-12-29 02:07:12', '2025-12-29 02:07:12', NULL);
INSERT INTO `barang` VALUES ('30', 'BRG000030', 'magni autem excepturi', '3', '1', '71', '16', 'unit', 'baik', 'Quia fuga vero temporibus omnis quia veritatis.', '276098.00', 'Dell', '2025-11-15', '2025-12-29 02:07:13', '2025-12-29 02:07:13', NULL);
INSERT INTO `barang` VALUES ('31', 'BRG000031', 'earum voluptas impedit', '6', '2', '51', '19', 'unit', 'rusak', 'Non sint quisquam consectetur nulla aliquam.', '231477.00', 'Logitech', '2025-04-16', '2025-12-29 02:07:13', '2025-12-29 02:07:13', NULL);
INSERT INTO `barang` VALUES ('32', 'BRG000032', 'eum perferendis est', '3', '5', '100', '10', 'unit', 'rusak', 'Voluptatem ipsa optio quidem est totam corrupti molestiae.', '298561.00', 'Epson', '2024-06-26', '2025-12-29 02:07:13', '2025-12-29 02:07:13', NULL);
INSERT INTO `barang` VALUES ('33', 'BRG000033', 'sit repellendus quidem', '5', '4', '93', '5', 'unit', 'rusak', 'Natus quae quia et placeat.', '224047.00', 'Epson', '2025-03-11', '2025-12-29 02:07:13', '2025-12-29 02:07:13', NULL);
INSERT INTO `barang` VALUES ('34', 'BRG000034', 'nihil voluptatem dolorem', '2', '2', '43', '10', 'pcs', 'baik', 'Quisquam sed id facere id debitis.', '206584.00', 'LG', '2024-11-03', '2025-12-29 02:07:13', '2025-12-29 02:07:13', NULL);
INSERT INTO `barang` VALUES ('35', 'BRG000035', 'quis cumque consequatur', '2', '1', '180', '18', 'meter', 'baik', 'In laudantium unde sed repudiandae qui odit quia fugiat.', '188635.00', 'LG', '2024-09-29', '2025-12-29 02:07:13', '2025-12-29 02:07:13', NULL);
INSERT INTO `barang` VALUES ('36', 'BRG000036', 'eum facere sint', '1', '4', '107', '12', 'kg', 'hilang', 'Quasi excepturi aspernatur sed qui molestiae enim.', '324204.00', 'Canon', '2025-04-07', '2025-12-29 02:07:13', '2025-12-29 02:07:13', NULL);
INSERT INTO `barang` VALUES ('37', 'BRG000037', 'error voluptatibus est', '7', '2', '18', '18', 'meter', 'rusak', 'Voluptatibus doloribus veniam minima ipsum aut ducimus.', '146478.00', 'Brother', '2025-02-20', '2025-12-29 02:07:13', '2025-12-29 02:07:13', NULL);
INSERT INTO `barang` VALUES ('38', 'BRG000038', 'iure dolorem eos', '2', '3', '174', '18', 'box', 'rusak', 'Quis totam rerum aut suscipit repellat.', '484116.00', 'Logitech', '2024-10-16', '2025-12-29 02:07:13', '2025-12-29 02:07:13', NULL);
INSERT INTO `barang` VALUES ('39', 'BRG000039', 'aperiam nam et', '6', '1', '41', '18', 'rim', 'hilang', 'Maiores et ad et sint.', '278804.00', 'HP', '2024-05-22', '2025-12-29 02:07:13', '2025-12-29 02:07:13', NULL);
INSERT INTO `barang` VALUES ('40', 'BRG000040', 'corporis ut sed', '3', '3', '183', '6', 'kg', 'hilang', 'Quos voluptatibus accusantium aut eos neque ex.', '484819.00', 'HP', '2024-12-05', '2025-12-29 02:07:13', '2025-12-29 02:07:13', NULL);
INSERT INTO `barang` VALUES ('41', 'BRG000041', 'est voluptatem dolores', '7', '3', '32', '11', 'kg', 'hilang', 'Hic quia esse qui earum accusamus aut.', '296237.00', 'Epson', '2024-06-04', '2025-12-29 02:07:13', '2025-12-29 02:07:13', NULL);
INSERT INTO `barang` VALUES ('42', 'BRG000042', 'asperiores non ut', '4', '5', '57', '20', 'dus', 'rusak', 'Sunt dolores dolor voluptas consequatur dignissimos est earum doloribus.', '497013.00', 'LG', '2024-08-11', '2025-12-29 02:07:13', '2025-12-29 02:07:13', NULL);
INSERT INTO `barang` VALUES ('43', 'BRG000043', 'quia et commodi', '2', '1', '178', '12', 'rim', 'rusak', 'Nulla eos accusamus et molestiae sed quidem.', '161835.00', 'LG', '2025-06-26', '2025-12-29 02:07:13', '2025-12-29 02:07:13', NULL);
INSERT INTO `barang` VALUES ('44', 'BRG000044', 'quo enim voluptatibus', '2', '4', '63', '5', 'unit', 'baik', 'Non fugit placeat quis quae omnis maxime repudiandae neque.', '475131.00', 'Brother', '2025-04-15', '2025-12-29 02:07:13', '2025-12-29 02:07:13', NULL);
INSERT INTO `barang` VALUES ('45', 'BRG000045', 'aut delectus ut', '7', '3', '128', '6', 'kg', 'baik', 'Aut eum aspernatur aperiam.', '114638.00', 'HP', '2025-01-01', '2025-12-29 02:07:13', '2025-12-29 02:07:13', NULL);
INSERT INTO `barang` VALUES ('46', 'BRG000046', 'quibusdam similique esse', '5', '4', '75', '18', 'unit', 'hilang', 'Totam id ut aperiam recusandae voluptatem dolorum ad ut.', '180567.00', 'Samsung', '2024-04-04', '2025-12-29 02:07:13', '2025-12-29 02:07:13', NULL);
INSERT INTO `barang` VALUES ('47', 'BRG000047', 'voluptatem aliquam deserunt', '1', '3', '150', '18', 'meter', 'baik', 'Optio nihil enim a numquam quos ab.', '192140.00', 'Epson', '2024-08-14', '2025-12-29 02:07:13', '2025-12-29 02:07:13', NULL);
INSERT INTO `barang` VALUES ('48', 'BRG000048', 'aut sit aut', '7', '4', '26', '7', 'kg', 'baik', 'Ut et voluptas suscipit quos.', '260243.00', 'Canon', '2025-10-03', '2025-12-29 02:07:13', '2025-12-29 02:07:13', NULL);
INSERT INTO `barang` VALUES ('49', 'BRG000049', 'ut vel vel', '1', '2', '54', '14', 'box', 'baik', 'Omnis sunt autem delectus est voluptas deleniti.', '120593.00', 'Epson', '2024-01-25', '2025-12-29 02:07:13', '2025-12-29 02:07:13', NULL);
INSERT INTO `barang` VALUES ('50', 'BRG000050', 'et ut eaque', '6', '3', '58', '15', 'box', 'hilang', 'Id aspernatur similique est quod non id.', '354526.00', 'Canon', '2024-09-09', '2025-12-29 02:07:13', '2025-12-29 02:07:13', NULL);

-- Structure for table `barang_rusaks`
DROP TABLE IF EXISTS `barang_rusaks`;
CREATE TABLE `barang_rusaks` (
  `id` bigint unsigned NOT NULL AUTO_INCREMENT,
  `barang_id` bigint unsigned NOT NULL,
  `jumlah` int NOT NULL,
  `tanggal_kejadian` date NOT NULL,
  `keterangan` text COLLATE utf8mb4_unicode_ci,
  `penanggung_jawab` varchar(255) COLLATE utf8mb4_unicode_ci NOT NULL,
  `user_id` bigint unsigned NOT NULL,
  `created_at` timestamp NULL DEFAULT NULL,
  `updated_at` timestamp NULL DEFAULT NULL,
  PRIMARY KEY (`id`),
  KEY `barang_rusaks_user_id_foreign` (`user_id`),
  KEY `barang_rusaks_barang_id_index` (`barang_id`),
  KEY `barang_rusaks_tanggal_kejadian_index` (`tanggal_kejadian`),
  CONSTRAINT `barang_rusaks_barang_id_foreign` FOREIGN KEY (`barang_id`) REFERENCES `barang` (`id`) ON DELETE CASCADE,
  CONSTRAINT `barang_rusaks_user_id_foreign` FOREIGN KEY (`user_id`) REFERENCES `users` (`id`) ON DELETE CASCADE
) ENGINE=InnoDB AUTO_INCREMENT=2 DEFAULT CHARSET=utf8mb4 COLLATE=utf8mb4_unicode_ci;

-- Data for table `barang_rusaks`
INSERT INTO `barang_rusaks` VALUES ('1', '1', '1', '2025-12-29', NULL, 'Muja', '1', '2025-12-29 07:42:25', '2025-12-29 07:42:25');

-- Structure for table `cache`
DROP TABLE IF EXISTS `cache`;
CREATE TABLE `cache` (
  `key` varchar(255) COLLATE utf8mb4_unicode_ci NOT NULL,
  `value` mediumtext COLLATE utf8mb4_unicode_ci NOT NULL,
  `expiration` int NOT NULL,
  PRIMARY KEY (`key`)
) ENGINE=InnoDB DEFAULT CHARSET=utf8mb4 COLLATE=utf8mb4_unicode_ci;

-- Data for table `cache`
INSERT INTO `cache` VALUES ('tkt-warehouse-cache-boost.roster.scan', 'a:2:{s:6:\"roster\";O:21:\"Laravel\\Roster\\Roster\":3:{s:13:\"\0*\0approaches\";O:29:\"Illuminate\\Support\\Collection\":2:{s:8:\"\0*\0items\";a:0:{}s:28:\"\0*\0escapeWhenCastingToString\";b:0;}s:11:\"\0*\0packages\";O:32:\"Laravel\\Roster\\PackageCollection\":2:{s:8:\"\0*\0items\";a:10:{i:0;O:22:\"Laravel\\Roster\\Package\":6:{s:9:\"\0*\0direct\";b:1;s:13:\"\0*\0constraint\";s:3:\"4.0\";s:10:\"\0*\0package\";E:38:\"Laravel\\Roster\\Enums\\Packages:FILAMENT\";s:14:\"\0*\0packageName\";s:17:\"filament/filament\";s:10:\"\0*\0version\";s:5:\"4.0.0\";s:6:\"\0*\0dev\";b:0;}i:1;O:22:\"Laravel\\Roster\\Package\":6:{s:9:\"\0*\0direct\";b:1;s:13:\"\0*\0constraint\";s:5:\"^12.0\";s:10:\"\0*\0package\";E:37:\"Laravel\\Roster\\Enums\\Packages:LARAVEL\";s:14:\"\0*\0packageName\";s:17:\"laravel/framework\";s:10:\"\0*\0version\";s:7:\"12.43.1\";s:6:\"\0*\0dev\";b:0;}i:2;O:22:\"Laravel\\Roster\\Package\":6:{s:9:\"\0*\0direct\";b:0;s:13:\"\0*\0constraint\";s:6:\"v0.3.8\";s:10:\"\0*\0package\";E:37:\"Laravel\\Roster\\Enums\\Packages:PROMPTS\";s:14:\"\0*\0packageName\";s:15:\"laravel/prompts\";s:10:\"\0*\0version\";s:5:\"0.3.8\";s:6:\"\0*\0dev\";b:0;}i:3;O:22:\"Laravel\\Roster\\Package\":6:{s:9:\"\0*\0direct\";b:0;s:13:\"\0*\0constraint\";s:6:\"v3.7.2\";s:10:\"\0*\0package\";E:38:\"Laravel\\Roster\\Enums\\Packages:LIVEWIRE\";s:14:\"\0*\0packageName\";s:17:\"livewire/livewire\";s:10:\"\0*\0version\";s:5:\"3.7.2\";s:6:\"\0*\0dev\";b:0;}i:4;O:22:\"Laravel\\Roster\\Package\":6:{s:9:\"\0*\0direct\";b:0;s:13:\"\0*\0constraint\";s:6:\"v0.4.2\";s:10:\"\0*\0package\";E:33:\"Laravel\\Roster\\Enums\\Packages:MCP\";s:14:\"\0*\0packageName\";s:11:\"laravel/mcp\";s:10:\"\0*\0version\";s:5:\"0.4.2\";s:6:\"\0*\0dev\";b:1;}i:5;O:22:\"Laravel\\Roster\\Package\":6:{s:9:\"\0*\0direct\";b:1;s:13:\"\0*\0constraint\";s:5:\"^1.24\";s:10:\"\0*\0package\";E:34:\"Laravel\\Roster\\Enums\\Packages:PINT\";s:14:\"\0*\0packageName\";s:12:\"laravel/pint\";s:10:\"\0*\0version\";s:6:\"1.26.0\";s:6:\"\0*\0dev\";b:1;}i:6;O:22:\"Laravel\\Roster\\Package\":6:{s:9:\"\0*\0direct\";b:1;s:13:\"\0*\0constraint\";s:5:\"^1.41\";s:10:\"\0*\0package\";E:34:\"Laravel\\Roster\\Enums\\Packages:SAIL\";s:14:\"\0*\0packageName\";s:12:\"laravel/sail\";s:10:\"\0*\0version\";s:6:\"1.51.0\";s:6:\"\0*\0dev\";b:1;}i:7;O:22:\"Laravel\\Roster\\Package\":6:{s:9:\"\0*\0direct\";b:1;s:13:\"\0*\0constraint\";s:4:\"^4.2\";s:10:\"\0*\0package\";E:34:\"Laravel\\Roster\\Enums\\Packages:PEST\";s:14:\"\0*\0packageName\";s:12:\"pestphp/pest\";s:10:\"\0*\0version\";s:5:\"4.2.0\";s:6:\"\0*\0dev\";b:1;}i:8;O:22:\"Laravel\\Roster\\Package\":6:{s:9:\"\0*\0direct\";b:0;s:13:\"\0*\0constraint\";s:6:\"12.5.3\";s:10:\"\0*\0package\";E:37:\"Laravel\\Roster\\Enums\\Packages:PHPUNIT\";s:14:\"\0*\0packageName\";s:15:\"phpunit/phpunit\";s:10:\"\0*\0version\";s:6:\"12.5.3\";s:6:\"\0*\0dev\";b:1;}i:9;O:22:\"Laravel\\Roster\\Package\":6:{s:9:\"\0*\0direct\";b:0;s:13:\"\0*\0constraint\";s:0:\"\";s:10:\"\0*\0package\";E:41:\"Laravel\\Roster\\Enums\\Packages:TAILWINDCSS\";s:14:\"\0*\0packageName\";s:11:\"tailwindcss\";s:10:\"\0*\0version\";s:6:\"4.1.18\";s:6:\"\0*\0dev\";b:1;}}s:28:\"\0*\0escapeWhenCastingToString\";b:0;}s:21:\"\0*\0nodePackageManager\";E:43:\"Laravel\\Roster\\Enums\\NodePackageManager:NPM\";}s:9:\"timestamp\";i:1766984717;}', '1767071117');
INSERT INTO `cache` VALUES ('tkt-warehouse-cache-livewire-rate-limiter:16d36dff9abd246c67dfac3e63b993a169af77e6', 'i:1;', '1766993643');
INSERT INTO `cache` VALUES ('tkt-warehouse-cache-livewire-rate-limiter:16d36dff9abd246c67dfac3e63b993a169af77e6:timer', 'i:1766993643;', '1766993643');
INSERT INTO `cache` VALUES ('tkt-warehouse-cache-spatie.permission.cache', 'a:3:{s:5:\"alias\";a:4:{s:1:\"a\";s:2:\"id\";s:1:\"b\";s:4:\"name\";s:1:\"c\";s:10:\"guard_name\";s:1:\"r\";s:5:\"roles\";}s:11:\"permissions\";a:32:{i:0;a:4:{s:1:\"a\";i:1;s:1:\"b\";s:10:\"view_users\";s:1:\"c\";s:3:\"web\";s:1:\"r\";a:1:{i:0;i:1;}}i:1;a:4:{s:1:\"a\";i:2;s:1:\"b\";s:12:\"create_users\";s:1:\"c\";s:3:\"web\";s:1:\"r\";a:1:{i:0;i:1;}}i:2;a:4:{s:1:\"a\";i:3;s:1:\"b\";s:10:\"edit_users\";s:1:\"c\";s:3:\"web\";s:1:\"r\";a:1:{i:0;i:1;}}i:3;a:4:{s:1:\"a\";i:4;s:1:\"b\";s:12:\"delete_users\";s:1:\"c\";s:3:\"web\";s:1:\"r\";a:1:{i:0;i:1;}}i:4;a:4:{s:1:\"a\";i:5;s:1:\"b\";s:14:\"reset_password\";s:1:\"c\";s:3:\"web\";s:1:\"r\";a:1:{i:0;i:1;}}i:5;a:4:{s:1:\"a\";i:6;s:1:\"b\";s:14:\"view_kategoris\";s:1:\"c\";s:3:\"web\";s:1:\"r\";a:1:{i:0;i:1;}}i:6;a:4:{s:1:\"a\";i:7;s:1:\"b\";s:16:\"create_kategoris\";s:1:\"c\";s:3:\"web\";s:1:\"r\";a:1:{i:0;i:1;}}i:7;a:4:{s:1:\"a\";i:8;s:1:\"b\";s:14:\"edit_kategoris\";s:1:\"c\";s:3:\"web\";s:1:\"r\";a:1:{i:0;i:1;}}i:8;a:4:{s:1:\"a\";i:9;s:1:\"b\";s:16:\"delete_kategoris\";s:1:\"c\";s:3:\"web\";s:1:\"r\";a:1:{i:0;i:1;}}i:9;a:4:{s:1:\"a\";i:10;s:1:\"b\";s:12:\"view_barangs\";s:1:\"c\";s:3:\"web\";s:1:\"r\";a:3:{i:0;i:1;i:1;i:2;i:2;i:3;}}i:10;a:4:{s:1:\"a\";i:11;s:1:\"b\";s:14:\"create_barangs\";s:1:\"c\";s:3:\"web\";s:1:\"r\";a:2:{i:0;i:1;i:1;i:2;}}i:11;a:4:{s:1:\"a\";i:12;s:1:\"b\";s:12:\"edit_barangs\";s:1:\"c\";s:3:\"web\";s:1:\"r\";a:2:{i:0;i:1;i:1;i:2;}}i:12;a:4:{s:1:\"a\";i:13;s:1:\"b\";s:14:\"delete_barangs\";s:1:\"c\";s:3:\"web\";s:1:\"r\";a:2:{i:0;i:1;i:1;i:2;}}i:13;a:4:{s:1:\"a\";i:14;s:1:\"b\";s:12:\"view_lokasis\";s:1:\"c\";s:3:\"web\";s:1:\"r\";a:1:{i:0;i:1;}}i:14;a:4:{s:1:\"a\";i:15;s:1:\"b\";s:14:\"create_lokasis\";s:1:\"c\";s:3:\"web\";s:1:\"r\";a:1:{i:0;i:1;}}i:15;a:4:{s:1:\"a\";i:16;s:1:\"b\";s:12:\"edit_lokasis\";s:1:\"c\";s:3:\"web\";s:1:\"r\";a:1:{i:0;i:1;}}i:16;a:4:{s:1:\"a\";i:17;s:1:\"b\";s:14:\"delete_lokasis\";s:1:\"c\";s:3:\"web\";s:1:\"r\";a:1:{i:0;i:1;}}i:17;a:4:{s:1:\"a\";i:18;s:1:\"b\";s:22:\"view_transaksi_barangs\";s:1:\"c\";s:3:\"web\";s:1:\"r\";a:3:{i:0;i:1;i:1;i:2;i:2;i:3;}}i:18;a:4:{s:1:\"a\";i:19;s:1:\"b\";s:24:\"create_transaksi_barangs\";s:1:\"c\";s:3:\"web\";s:1:\"r\";a:2:{i:0;i:1;i:1;i:2;}}i:19;a:4:{s:1:\"a\";i:20;s:1:\"b\";s:22:\"edit_transaksi_barangs\";s:1:\"c\";s:3:\"web\";s:1:\"r\";a:2:{i:0;i:1;i:1;i:2;}}i:20;a:4:{s:1:\"a\";i:21;s:1:\"b\";s:24:\"delete_transaksi_barangs\";s:1:\"c\";s:3:\"web\";s:1:\"r\";a:2:{i:0;i:1;i:1;i:2;}}i:21;a:4:{s:1:\"a\";i:22;s:1:\"b\";s:25:\"approve_transaksi_barangs\";s:1:\"c\";s:3:\"web\";s:1:\"r\";a:2:{i:0;i:1;i:1;i:3;}}i:22;a:4:{s:1:\"a\";i:23;s:1:\"b\";s:18:\"view_barang_rusaks\";s:1:\"c\";s:3:\"web\";s:1:\"r\";a:3:{i:0;i:1;i:1;i:2;i:2;i:3;}}i:23;a:4:{s:1:\"a\";i:24;s:1:\"b\";s:20:\"create_barang_rusaks\";s:1:\"c\";s:3:\"web\";s:1:\"r\";a:2:{i:0;i:1;i:1;i:2;}}i:24;a:4:{s:1:\"a\";i:25;s:1:\"b\";s:18:\"edit_barang_rusaks\";s:1:\"c\";s:3:\"web\";s:1:\"r\";a:2:{i:0;i:1;i:1;i:2;}}i:25;a:4:{s:1:\"a\";i:26;s:1:\"b\";s:20:\"delete_barang_rusaks\";s:1:\"c\";s:3:\"web\";s:1:\"r\";a:2:{i:0;i:1;i:1;i:2;}}i:26;a:4:{s:1:\"a\";i:27;s:1:\"b\";s:18:\"view_log_aktivitas\";s:1:\"c\";s:3:\"web\";s:1:\"r\";a:1:{i:0;i:1;}}i:27;a:4:{s:1:\"a\";i:28;s:1:\"b\";s:20:\"delete_log_aktivitas\";s:1:\"c\";s:3:\"web\";s:1:\"r\";a:1:{i:0;i:1;}}i:28;a:4:{s:1:\"a\";i:29;s:1:\"b\";s:14:\"view_dashboard\";s:1:\"c\";s:3:\"web\";s:1:\"r\";a:3:{i:0;i:1;i:1;i:2;i:2;i:3;}}i:29;a:4:{s:1:\"a\";i:30;s:1:\"b\";s:12:\"view_laporan\";s:1:\"c\";s:3:\"web\";s:1:\"r\";a:3:{i:0;i:1;i:1;i:2;i:2;i:3;}}i:30;a:4:{s:1:\"a\";i:31;s:1:\"b\";s:13:\"backup_system\";s:1:\"c\";s:3:\"web\";s:1:\"r\";a:1:{i:0;i:1;}}i:31;a:4:{s:1:\"a\";i:32;s:1:\"b\";s:14:\"restore_system\";s:1:\"c\";s:3:\"web\";s:1:\"r\";a:1:{i:0;i:1;}}}s:5:\"roles\";a:3:{i:0;a:3:{s:1:\"a\";i:1;s:1:\"b\";s:12:\"Admin Sistem\";s:1:\"c\";s:3:\"web\";}i:1;a:3:{s:1:\"a\";i:2;s:1:\"b\";s:18:\"Petugas Inventaris\";s:1:\"c\";s:3:\"web\";}i:2;a:3:{s:1:\"a\";i:3;s:1:\"b\";s:14:\"Kepala Sekolah\";s:1:\"c\";s:3:\"web\";}}}', '1767077263');

-- Structure for table `cache_locks`
DROP TABLE IF EXISTS `cache_locks`;
CREATE TABLE `cache_locks` (
  `key` varchar(255) COLLATE utf8mb4_unicode_ci NOT NULL,
  `owner` varchar(255) COLLATE utf8mb4_unicode_ci NOT NULL,
  `expiration` int NOT NULL,
  PRIMARY KEY (`key`)
) ENGINE=InnoDB DEFAULT CHARSET=utf8mb4 COLLATE=utf8mb4_unicode_ci;

-- Structure for table `failed_jobs`
DROP TABLE IF EXISTS `failed_jobs`;
CREATE TABLE `failed_jobs` (
  `id` bigint unsigned NOT NULL AUTO_INCREMENT,
  `uuid` varchar(255) COLLATE utf8mb4_unicode_ci NOT NULL,
  `connection` text COLLATE utf8mb4_unicode_ci NOT NULL,
  `queue` text COLLATE utf8mb4_unicode_ci NOT NULL,
  `payload` longtext COLLATE utf8mb4_unicode_ci NOT NULL,
  `exception` longtext COLLATE utf8mb4_unicode_ci NOT NULL,
  `failed_at` timestamp NOT NULL DEFAULT CURRENT_TIMESTAMP,
  PRIMARY KEY (`id`),
  UNIQUE KEY `failed_jobs_uuid_unique` (`uuid`)
) ENGINE=InnoDB DEFAULT CHARSET=utf8mb4 COLLATE=utf8mb4_unicode_ci;

-- Structure for table `job_batches`
DROP TABLE IF EXISTS `job_batches`;
CREATE TABLE `job_batches` (
  `id` varchar(255) COLLATE utf8mb4_unicode_ci NOT NULL,
  `name` varchar(255) COLLATE utf8mb4_unicode_ci NOT NULL,
  `total_jobs` int NOT NULL,
  `pending_jobs` int NOT NULL,
  `failed_jobs` int NOT NULL,
  `failed_job_ids` longtext COLLATE utf8mb4_unicode_ci NOT NULL,
  `options` mediumtext COLLATE utf8mb4_unicode_ci,
  `cancelled_at` int DEFAULT NULL,
  `created_at` int NOT NULL,
  `finished_at` int DEFAULT NULL,
  PRIMARY KEY (`id`)
) ENGINE=InnoDB DEFAULT CHARSET=utf8mb4 COLLATE=utf8mb4_unicode_ci;

-- Structure for table `jobs`
DROP TABLE IF EXISTS `jobs`;
CREATE TABLE `jobs` (
  `id` bigint unsigned NOT NULL AUTO_INCREMENT,
  `queue` varchar(255) COLLATE utf8mb4_unicode_ci NOT NULL,
  `payload` longtext COLLATE utf8mb4_unicode_ci NOT NULL,
  `attempts` tinyint unsigned NOT NULL,
  `reserved_at` int unsigned DEFAULT NULL,
  `available_at` int unsigned NOT NULL,
  `created_at` int unsigned NOT NULL,
  PRIMARY KEY (`id`),
  KEY `jobs_queue_index` (`queue`)
) ENGINE=InnoDB DEFAULT CHARSET=utf8mb4 COLLATE=utf8mb4_unicode_ci;

-- Structure for table `kategori`
DROP TABLE IF EXISTS `kategori`;
CREATE TABLE `kategori` (
  `id` bigint unsigned NOT NULL AUTO_INCREMENT,
  `nama_kategori` varchar(100) COLLATE utf8mb4_unicode_ci NOT NULL,
  `deskripsi` text COLLATE utf8mb4_unicode_ci,
  `created_at` timestamp NULL DEFAULT NULL,
  `updated_at` timestamp NULL DEFAULT NULL,
  `deleted_at` timestamp NULL DEFAULT NULL,
  PRIMARY KEY (`id`),
  KEY `kategori_nama_kategori_index` (`nama_kategori`)
) ENGINE=InnoDB AUTO_INCREMENT=8 DEFAULT CHARSET=utf8mb4 COLLATE=utf8mb4_unicode_ci;

-- Data for table `kategori`
INSERT INTO `kategori` VALUES ('1', 'Elektronik', 'Peralatan elektronik seperti komputer, printer, proyektor', '2025-12-29 02:07:12', '2025-12-29 02:07:12', NULL);
INSERT INTO `kategori` VALUES ('2', 'Furniture', 'Meja, kursi, lemari, rak buku', '2025-12-29 02:07:12', '2025-12-29 02:07:12', NULL);
INSERT INTO `kategori` VALUES ('3', 'Alat Tulis Kantor', 'Kertas, pulpen, spidol, penghapus, tinta printer', '2025-12-29 02:07:12', '2025-12-29 02:07:12', NULL);
INSERT INTO `kategori` VALUES ('4', 'Alat Kebersihan', 'Sapu, pel, pembersih lantai, lap pel', '2025-12-29 02:07:12', '2025-12-29 02:07:12', NULL);
INSERT INTO `kategori` VALUES ('5', 'Peralatan Olahraga', 'Bola, net, matras, badminton', '2025-12-29 02:07:12', '2025-12-29 02:07:12', NULL);
INSERT INTO `kategori` VALUES ('6', 'Buku Perpustakaan', 'Buku pelajaran, buku referensi, novel', '2025-12-29 02:07:12', '2025-12-29 02:07:12', NULL);
INSERT INTO `kategori` VALUES ('7', 'Alat Laboratorium', 'Peralatan praktikum sains dan teknologi', '2025-12-29 02:07:12', '2025-12-29 02:07:12', NULL);

-- Structure for table `log_aktivitas`
DROP TABLE IF EXISTS `log_aktivitas`;
CREATE TABLE `log_aktivitas` (
  `id` bigint unsigned NOT NULL AUTO_INCREMENT,
  `user_id` bigint unsigned DEFAULT NULL,
  `jenis_aktivitas` enum('login','logout','create','update','delete','view') COLLATE utf8mb4_unicode_ci NOT NULL,
  `nama_tabel` varchar(100) COLLATE utf8mb4_unicode_ci DEFAULT NULL COMMENT 'Nama tabel yang terpengaruh',
  `record_id` bigint unsigned DEFAULT NULL COMMENT 'ID record yang terpengaruh',
  `deskripsi` text COLLATE utf8mb4_unicode_ci NOT NULL,
  `perubahan_data` json DEFAULT NULL COMMENT 'Data perubahan dalam format JSON',
  `ip_address` varchar(45) COLLATE utf8mb4_unicode_ci DEFAULT NULL,
  `user_agent` text COLLATE utf8mb4_unicode_ci,
  `created_at` timestamp NULL DEFAULT NULL,
  `updated_at` timestamp NULL DEFAULT NULL,
  PRIMARY KEY (`id`),
  KEY `log_aktivitas_user_id_jenis_aktivitas_created_at_index` (`user_id`,`jenis_aktivitas`,`created_at`),
  KEY `log_aktivitas_nama_tabel_record_id_index` (`nama_tabel`,`record_id`),
  KEY `log_aktivitas_created_at_index` (`created_at`),
  CONSTRAINT `log_aktivitas_user_id_foreign` FOREIGN KEY (`user_id`) REFERENCES `users` (`id`) ON DELETE SET NULL
) ENGINE=InnoDB AUTO_INCREMENT=189 DEFAULT CHARSET=utf8mb4 COLLATE=utf8mb4_unicode_ci;

-- Data for table `log_aktivitas`
INSERT INTO `log_aktivitas` VALUES ('1', NULL, 'create', 'kategori', '1', 'Menambahkan kategori baru: Elektronik', '{\"id\": 1, \"deskripsi\": \"Peralatan elektronik seperti komputer, printer, proyektor\", \"created_at\": \"2025-12-29T02:07:12.000000Z\", \"updated_at\": \"2025-12-29T02:07:12.000000Z\", \"nama_kategori\": \"Elektronik\"}', '127.0.0.1', 'Symfony', '2025-12-29 02:07:12', '2025-12-29 02:07:12');
INSERT INTO `log_aktivitas` VALUES ('2', NULL, 'create', 'kategori', '2', 'Menambahkan kategori baru: Furniture', '{\"id\": 2, \"deskripsi\": \"Meja, kursi, lemari, rak buku\", \"created_at\": \"2025-12-29T02:07:12.000000Z\", \"updated_at\": \"2025-12-29T02:07:12.000000Z\", \"nama_kategori\": \"Furniture\"}', '127.0.0.1', 'Symfony', '2025-12-29 02:07:12', '2025-12-29 02:07:12');
INSERT INTO `log_aktivitas` VALUES ('3', NULL, 'create', 'kategori', '3', 'Menambahkan kategori baru: Alat Tulis Kantor', '{\"id\": 3, \"deskripsi\": \"Kertas, pulpen, spidol, penghapus, tinta printer\", \"created_at\": \"2025-12-29T02:07:12.000000Z\", \"updated_at\": \"2025-12-29T02:07:12.000000Z\", \"nama_kategori\": \"Alat Tulis Kantor\"}', '127.0.0.1', 'Symfony', '2025-12-29 02:07:12', '2025-12-29 02:07:12');
INSERT INTO `log_aktivitas` VALUES ('4', NULL, 'create', 'kategori', '4', 'Menambahkan kategori baru: Alat Kebersihan', '{\"id\": 4, \"deskripsi\": \"Sapu, pel, pembersih lantai, lap pel\", \"created_at\": \"2025-12-29T02:07:12.000000Z\", \"updated_at\": \"2025-12-29T02:07:12.000000Z\", \"nama_kategori\": \"Alat Kebersihan\"}', '127.0.0.1', 'Symfony', '2025-12-29 02:07:12', '2025-12-29 02:07:12');
INSERT INTO `log_aktivitas` VALUES ('5', NULL, 'create', 'kategori', '5', 'Menambahkan kategori baru: Peralatan Olahraga', '{\"id\": 5, \"deskripsi\": \"Bola, net, matras, badminton\", \"created_at\": \"2025-12-29T02:07:12.000000Z\", \"updated_at\": \"2025-12-29T02:07:12.000000Z\", \"nama_kategori\": \"Peralatan Olahraga\"}', '127.0.0.1', 'Symfony', '2025-12-29 02:07:12', '2025-12-29 02:07:12');
INSERT INTO `log_aktivitas` VALUES ('6', NULL, 'create', 'kategori', '6', 'Menambahkan kategori baru: Buku Perpustakaan', '{\"id\": 6, \"deskripsi\": \"Buku pelajaran, buku referensi, novel\", \"created_at\": \"2025-12-29T02:07:12.000000Z\", \"updated_at\": \"2025-12-29T02:07:12.000000Z\", \"nama_kategori\": \"Buku Perpustakaan\"}', '127.0.0.1', 'Symfony', '2025-12-29 02:07:12', '2025-12-29 02:07:12');
INSERT INTO `log_aktivitas` VALUES ('7', NULL, 'create', 'kategori', '7', 'Menambahkan kategori baru: Alat Laboratorium', '{\"id\": 7, \"deskripsi\": \"Peralatan praktikum sains dan teknologi\", \"created_at\": \"2025-12-29T02:07:12.000000Z\", \"updated_at\": \"2025-12-29T02:07:12.000000Z\", \"nama_kategori\": \"Alat Laboratorium\"}', '127.0.0.1', 'Symfony', '2025-12-29 02:07:12', '2025-12-29 02:07:12');
INSERT INTO `log_aktivitas` VALUES ('8', NULL, 'create', 'lokasi', '1', 'Menambahkan lokasi baru: Gudang Penyimpanan', '{\"id\": 1, \"gedung\": \"Gedung Belakang\", \"lantai\": 1, \"created_at\": \"2025-12-29T02:07:12.000000Z\", \"keterangan\": \"Gudang utama untuk penyimpanan barang inventaris\", \"updated_at\": \"2025-12-29T02:07:12.000000Z\", \"nama_lokasi\": \"Gudang Penyimpanan\"}', '127.0.0.1', 'Symfony', '2025-12-29 02:07:12', '2025-12-29 02:07:12');
INSERT INTO `log_aktivitas` VALUES ('9', NULL, 'create', 'lokasi', '2', 'Menambahkan lokasi baru: Ruang Kepala Sekolah', '{\"id\": 2, \"gedung\": \"Gedung Utama\", \"lantai\": 2, \"created_at\": \"2025-12-29T02:07:12.000000Z\", \"keterangan\": \"Ruang kerja kepala sekolah\", \"updated_at\": \"2025-12-29T02:07:12.000000Z\", \"nama_lokasi\": \"Ruang Kepala Sekolah\"}', '127.0.0.1', 'Symfony', '2025-12-29 02:07:12', '2025-12-29 02:07:12');
INSERT INTO `log_aktivitas` VALUES ('10', NULL, 'create', 'lokasi', '3', 'Menambahkan lokasi baru: Laboratorium Komputer', '{\"id\": 3, \"gedung\": \"Gedung Laboratorium\", \"lantai\": 2, \"created_at\": \"2025-12-29T02:07:12.000000Z\", \"keterangan\": \"Lab komputer untuk praktikum siswa\", \"updated_at\": \"2025-12-29T02:07:12.000000Z\", \"nama_lokasi\": \"Laboratorium Komputer\"}', '127.0.0.1', 'Symfony', '2025-12-29 02:07:12', '2025-12-29 02:07:12');
INSERT INTO `log_aktivitas` VALUES ('11', NULL, 'create', 'lokasi', '4', 'Menambahkan lokasi baru: Perpustakaan', '{\"id\": 4, \"gedung\": \"Gedung Utama\", \"lantai\": 2, \"created_at\": \"2025-12-29T02:07:12.000000Z\", \"keterangan\": \"Ruang perpustakaan sekolah\", \"updated_at\": \"2025-12-29T02:07:12.000000Z\", \"nama_lokasi\": \"Perpustakaan\"}', '127.0.0.1', 'Symfony', '2025-12-29 02:07:12', '2025-12-29 02:07:12');
INSERT INTO `log_aktivitas` VALUES ('12', NULL, 'create', 'lokasi', '5', 'Menambahkan lokasi baru: Ruang Kelas', '{\"id\": 5, \"gedung\": \"Gedung Kelas\", \"lantai\": 1, \"created_at\": \"2025-12-29T02:07:12.000000Z\", \"keterangan\": \"Ruang belajar mengajar siswa\", \"updated_at\": \"2025-12-29T02:07:12.000000Z\", \"nama_lokasi\": \"Ruang Kelas\"}', '127.0.0.1', 'Symfony', '2025-12-29 02:07:12', '2025-12-29 02:07:12');
INSERT INTO `log_aktivitas` VALUES ('13', NULL, 'create', 'barang', '1', 'Menambahkan barang baru: esse ducimus doloremque (BRG000001)', '{\"id\": 1, \"merk\": \"HP\", \"satuan\": \"kg\", \"status\": \"rusak\", \"deskripsi\": \"Est reiciendis dolor totam mollitia.\", \"lokasi_id\": 5, \"created_at\": \"2025-12-29T02:07:12.000000Z\", \"updated_at\": \"2025-12-29T02:07:12.000000Z\", \"jumlah_stok\": 32, \"kategori_id\": 3, \"kode_barang\": \"BRG000001\", \"nama_barang\": \"esse ducimus doloremque\", \"harga_satuan\": \"320770.00\", \"reorder_point\": 6, \"tanggal_pembelian\": \"2025-03-16T00:00:00.000000Z\"}', '127.0.0.1', 'Symfony', '2025-12-29 02:07:12', '2025-12-29 02:07:12');
INSERT INTO `log_aktivitas` VALUES ('14', NULL, 'create', 'barang', '2', 'Menambahkan barang baru: rerum minus aut (BRG000002)', '{\"id\": 2, \"merk\": \"LG\", \"satuan\": \"dus\", \"status\": \"rusak\", \"deskripsi\": \"Est architecto sunt nihil animi et.\", \"lokasi_id\": 5, \"created_at\": \"2025-12-29T02:07:12.000000Z\", \"updated_at\": \"2025-12-29T02:07:12.000000Z\", \"jumlah_stok\": 154, \"kategori_id\": 5, \"kode_barang\": \"BRG000002\", \"nama_barang\": \"rerum minus aut\", \"harga_satuan\": \"400022.00\", \"reorder_point\": 8, \"tanggal_pembelian\": \"2024-06-15T00:00:00.000000Z\"}', '127.0.0.1', 'Symfony', '2025-12-29 02:07:12', '2025-12-29 02:07:12');
INSERT INTO `log_aktivitas` VALUES ('15', NULL, 'create', 'barang', '3', 'Menambahkan barang baru: quas facere earum (BRG000003)', '{\"id\": 3, \"merk\": \"HP\", \"satuan\": \"pcs\", \"status\": \"baik\", \"deskripsi\": \"Blanditiis dignissimos nemo eaque doloribus.\", \"lokasi_id\": 4, \"created_at\": \"2025-12-29T02:07:12.000000Z\", \"updated_at\": \"2025-12-29T02:07:12.000000Z\", \"jumlah_stok\": 59, \"kategori_id\": 1, \"kode_barang\": \"BRG000003\", \"nama_barang\": \"quas facere earum\", \"harga_satuan\": \"158855.00\", \"reorder_point\": 14, \"tanggal_pembelian\": \"2025-09-06T00:00:00.000000Z\"}', '127.0.0.1', 'Symfony', '2025-12-29 02:07:12', '2025-12-29 02:07:12');
INSERT INTO `log_aktivitas` VALUES ('16', NULL, 'create', 'barang', '4', 'Menambahkan barang baru: at a nihil (BRG000004)', '{\"id\": 4, \"merk\": \"Samsung\", \"satuan\": \"box\", \"status\": \"hilang\", \"deskripsi\": \"At sit omnis sed quis.\", \"lokasi_id\": 4, \"created_at\": \"2025-12-29T02:07:12.000000Z\", \"updated_at\": \"2025-12-29T02:07:12.000000Z\", \"jumlah_stok\": 106, \"kategori_id\": 5, \"kode_barang\": \"BRG000004\", \"nama_barang\": \"at a nihil\", \"harga_satuan\": \"182989.00\", \"reorder_point\": 8, \"tanggal_pembelian\": \"2025-07-22T00:00:00.000000Z\"}', '127.0.0.1', 'Symfony', '2025-12-29 02:07:12', '2025-12-29 02:07:12');
INSERT INTO `log_aktivitas` VALUES ('17', NULL, 'create', 'barang', '5', 'Menambahkan barang baru: excepturi qui tempore (BRG000005)', '{\"id\": 5, \"merk\": \"Canon\", \"satuan\": \"box\", \"status\": \"rusak\", \"deskripsi\": \"Quas alias nihil iste atque sint delectus magnam.\", \"lokasi_id\": 3, \"created_at\": \"2025-12-29T02:07:12.000000Z\", \"updated_at\": \"2025-12-29T02:07:12.000000Z\", \"jumlah_stok\": 28, \"kategori_id\": 5, \"kode_barang\": \"BRG000005\", \"nama_barang\": \"excepturi qui tempore\", \"harga_satuan\": \"264568.00\", \"reorder_point\": 19, \"tanggal_pembelian\": \"2025-05-26T00:00:00.000000Z\"}', '127.0.0.1', 'Symfony', '2025-12-29 02:07:12', '2025-12-29 02:07:12');
INSERT INTO `log_aktivitas` VALUES ('18', NULL, 'create', 'barang', '6', 'Menambahkan barang baru: vero illo consequatur (BRG000006)', '{\"id\": 6, \"merk\": \"Samsung\", \"satuan\": \"dus\", \"status\": \"hilang\", \"deskripsi\": \"Est quod minus optio omnis non.\", \"lokasi_id\": 5, \"created_at\": \"2025-12-29T02:07:12.000000Z\", \"updated_at\": \"2025-12-29T02:07:12.000000Z\", \"jumlah_stok\": 142, \"kategori_id\": 3, \"kode_barang\": \"BRG000006\", \"nama_barang\": \"vero illo consequatur\", \"harga_satuan\": \"100369.00\", \"reorder_point\": 6, \"tanggal_pembelian\": \"2025-07-06T00:00:00.000000Z\"}', '127.0.0.1', 'Symfony', '2025-12-29 02:07:12', '2025-12-29 02:07:12');
INSERT INTO `log_aktivitas` VALUES ('19', NULL, 'create', 'barang', '7', 'Menambahkan barang baru: sit odio sint (BRG000007)', '{\"id\": 7, \"merk\": \"HP\", \"satuan\": \"dus\", \"status\": \"hilang\", \"deskripsi\": \"Omnis est saepe et maxime qui et cupiditate.\", \"lokasi_id\": 5, \"created_at\": \"2025-12-29T02:07:12.000000Z\", \"updated_at\": \"2025-12-29T02:07:12.000000Z\", \"jumlah_stok\": 22, \"kategori_id\": 7, \"kode_barang\": \"BRG000007\", \"nama_barang\": \"sit odio sint\", \"harga_satuan\": \"216811.00\", \"reorder_point\": 6, \"tanggal_pembelian\": \"2025-04-05T00:00:00.000000Z\"}', '127.0.0.1', 'Symfony', '2025-12-29 02:07:12', '2025-12-29 02:07:12');
INSERT INTO `log_aktivitas` VALUES ('20', NULL, 'create', 'barang', '8', 'Menambahkan barang baru: nobis fugiat sint (BRG000008)', '{\"id\": 8, \"merk\": \"Epson\", \"satuan\": \"dus\", \"status\": \"rusak\", \"deskripsi\": \"Eveniet eius odio necessitatibus quisquam.\", \"lokasi_id\": 5, \"created_at\": \"2025-12-29T02:07:12.000000Z\", \"updated_at\": \"2025-12-29T02:07:12.000000Z\", \"jumlah_stok\": 69, \"kategori_id\": 2, \"kode_barang\": \"BRG000008\", \"nama_barang\": \"nobis fugiat sint\", \"harga_satuan\": \"204025.00\", \"reorder_point\": 18, \"tanggal_pembelian\": \"2024-03-16T00:00:00.000000Z\"}', '127.0.0.1', 'Symfony', '2025-12-29 02:07:12', '2025-12-29 02:07:12');
INSERT INTO `log_aktivitas` VALUES ('21', NULL, 'create', 'barang', '9', 'Menambahkan barang baru: eligendi provident neque (BRG000009)', '{\"id\": 9, \"merk\": \"Canon\", \"satuan\": \"rim\", \"status\": \"baik\", \"deskripsi\": \"Repellendus quia voluptas sed aut nostrum.\", \"lokasi_id\": 4, \"created_at\": \"2025-12-29T02:07:12.000000Z\", \"updated_at\": \"2025-12-29T02:07:12.000000Z\", \"jumlah_stok\": 127, \"kategori_id\": 4, \"kode_barang\": \"BRG000009\", \"nama_barang\": \"eligendi provident neque\", \"harga_satuan\": \"441453.00\", \"reorder_point\": 14, \"tanggal_pembelian\": \"2024-06-24T00:00:00.000000Z\"}', '127.0.0.1', 'Symfony', '2025-12-29 02:07:12', '2025-12-29 02:07:12');
INSERT INTO `log_aktivitas` VALUES ('22', NULL, 'create', 'barang', '10', 'Menambahkan barang baru: delectus omnis molestiae (BRG000010)', '{\"id\": 10, \"merk\": \"HP\", \"satuan\": \"rim\", \"status\": \"baik\", \"deskripsi\": \"Et adipisci consequatur minus minus omnis.\", \"lokasi_id\": 2, \"created_at\": \"2025-12-29T02:07:12.000000Z\", \"updated_at\": \"2025-12-29T02:07:12.000000Z\", \"jumlah_stok\": 107, \"kategori_id\": 6, \"kode_barang\": \"BRG000010\", \"nama_barang\": \"delectus omnis molestiae\", \"harga_satuan\": \"230047.00\", \"reorder_point\": 6, \"tanggal_pembelian\": \"2025-05-28T00:00:00.000000Z\"}', '127.0.0.1', 'Symfony', '2025-12-29 02:07:12', '2025-12-29 02:07:12');
INSERT INTO `log_aktivitas` VALUES ('23', NULL, 'create', 'barang', '11', 'Menambahkan barang baru: sunt odio esse (BRG000011)', '{\"id\": 11, \"merk\": \"Brother\", \"satuan\": \"pcs\", \"status\": \"rusak\", \"deskripsi\": \"Earum neque vero voluptatem consequatur adipisci eligendi ipsum in.\", \"lokasi_id\": 1, \"created_at\": \"2025-12-29T02:07:12.000000Z\", \"updated_at\": \"2025-12-29T02:07:12.000000Z\", \"jumlah_stok\": 152, \"kategori_id\": 5, \"kode_barang\": \"BRG000011\", \"nama_barang\": \"sunt odio esse\", \"harga_satuan\": \"409524.00\", \"reorder_point\": 14, \"tanggal_pembelian\": \"2025-10-30T00:00:00.000000Z\"}', '127.0.0.1', 'Symfony', '2025-12-29 02:07:12', '2025-12-29 02:07:12');
INSERT INTO `log_aktivitas` VALUES ('24', NULL, 'create', 'barang', '12', 'Menambahkan barang baru: quis sit inventore (BRG000012)', '{\"id\": 12, \"merk\": \"Brother\", \"satuan\": \"dus\", \"status\": \"rusak\", \"deskripsi\": \"Ratione repellendus fuga doloribus ullam vel voluptatibus.\", \"lokasi_id\": 5, \"created_at\": \"2025-12-29T02:07:12.000000Z\", \"updated_at\": \"2025-12-29T02:07:12.000000Z\", \"jumlah_stok\": 193, \"kategori_id\": 4, \"kode_barang\": \"BRG000012\", \"nama_barang\": \"quis sit inventore\", \"harga_satuan\": \"497100.00\", \"reorder_point\": 18, \"tanggal_pembelian\": \"2024-04-01T00:00:00.000000Z\"}', '127.0.0.1', 'Symfony', '2025-12-29 02:07:12', '2025-12-29 02:07:12');
INSERT INTO `log_aktivitas` VALUES ('25', NULL, 'create', 'barang', '13', 'Menambahkan barang baru: optio reprehenderit necessitatibus (BRG000013)', '{\"id\": 13, \"merk\": \"Epson\", \"satuan\": \"unit\", \"status\": \"hilang\", \"deskripsi\": \"Ut nostrum voluptatem dolore labore sunt occaecati sed.\", \"lokasi_id\": 2, \"created_at\": \"2025-12-29T02:07:12.000000Z\", \"updated_at\": \"2025-12-29T02:07:12.000000Z\", \"jumlah_stok\": 187, \"kategori_id\": 1, \"kode_barang\": \"BRG000013\", \"nama_barang\": \"optio reprehenderit necessitatibus\", \"harga_satuan\": \"423121.00\", \"reorder_point\": 13, \"tanggal_pembelian\": \"2025-11-10T00:00:00.000000Z\"}', '127.0.0.1', 'Symfony', '2025-12-29 02:07:12', '2025-12-29 02:07:12');
INSERT INTO `log_aktivitas` VALUES ('26', NULL, 'create', 'barang', '14', 'Menambahkan barang baru: commodi maxime fugiat (BRG000014)', '{\"id\": 14, \"merk\": \"Canon\", \"satuan\": \"box\", \"status\": \"hilang\", \"deskripsi\": \"Enim natus reprehenderit id est delectus eaque qui quo.\", \"lokasi_id\": 4, \"created_at\": \"2025-12-29T02:07:12.000000Z\", \"updated_at\": \"2025-12-29T02:07:12.000000Z\", \"jumlah_stok\": 141, \"kategori_id\": 6, \"kode_barang\": \"BRG000014\", \"nama_barang\": \"commodi maxime fugiat\", \"harga_satuan\": \"339423.00\", \"reorder_point\": 11, \"tanggal_pembelian\": \"2024-12-21T00:00:00.000000Z\"}', '127.0.0.1', 'Symfony', '2025-12-29 02:07:12', '2025-12-29 02:07:12');
INSERT INTO `log_aktivitas` VALUES ('27', NULL, 'create', 'barang', '15', 'Menambahkan barang baru: suscipit enim modi (BRG000015)', '{\"id\": 15, \"merk\": \"Brother\", \"satuan\": \"unit\", \"status\": \"rusak\", \"deskripsi\": \"Vel voluptas ut consequatur.\", \"lokasi_id\": 1, \"created_at\": \"2025-12-29T02:07:12.000000Z\", \"updated_at\": \"2025-12-29T02:07:12.000000Z\", \"jumlah_stok\": 40, \"kategori_id\": 2, \"kode_barang\": \"BRG000015\", \"nama_barang\": \"suscipit enim modi\", \"harga_satuan\": \"14251.00\", \"reorder_point\": 18, \"tanggal_pembelian\": \"2024-04-29T00:00:00.000000Z\"}', '127.0.0.1', 'Symfony', '2025-12-29 02:07:12', '2025-12-29 02:07:12');
INSERT INTO `log_aktivitas` VALUES ('28', NULL, 'create', 'barang', '16', 'Menambahkan barang baru: voluptatem harum voluptas (BRG000016)', '{\"id\": 16, \"merk\": \"Samsung\", \"satuan\": \"box\", \"status\": \"rusak\", \"deskripsi\": \"Porro distinctio non similique adipisci laudantium veritatis.\", \"lokasi_id\": 2, \"created_at\": \"2025-12-29T02:07:12.000000Z\", \"updated_at\": \"2025-12-29T02:07:12.000000Z\", \"jumlah_stok\": 181, \"kategori_id\": 6, \"kode_barang\": \"BRG000016\", \"nama_barang\": \"voluptatem harum voluptas\", \"harga_satuan\": \"489503.00\", \"reorder_point\": 20, \"tanggal_pembelian\": \"2024-09-06T00:00:00.000000Z\"}', '127.0.0.1', 'Symfony', '2025-12-29 02:07:12', '2025-12-29 02:07:12');
INSERT INTO `log_aktivitas` VALUES ('29', NULL, 'create', 'barang', '17', 'Menambahkan barang baru: repellat animi doloremque (BRG000017)', '{\"id\": 17, \"merk\": \"Epson\", \"satuan\": \"kg\", \"status\": \"hilang\", \"deskripsi\": \"Voluptates voluptate quas nostrum officia suscipit.\", \"lokasi_id\": 3, \"created_at\": \"2025-12-29T02:07:12.000000Z\", \"updated_at\": \"2025-12-29T02:07:12.000000Z\", \"jumlah_stok\": 42, \"kategori_id\": 2, \"kode_barang\": \"BRG000017\", \"nama_barang\": \"repellat animi doloremque\", \"harga_satuan\": \"131288.00\", \"reorder_point\": 6, \"tanggal_pembelian\": \"2025-08-20T00:00:00.000000Z\"}', '127.0.0.1', 'Symfony', '2025-12-29 02:07:12', '2025-12-29 02:07:12');
INSERT INTO `log_aktivitas` VALUES ('30', NULL, 'create', 'barang', '18', 'Menambahkan barang baru: magni dolores itaque (BRG000018)', '{\"id\": 18, \"merk\": \"HP\", \"satuan\": \"meter\", \"status\": \"rusak\", \"deskripsi\": \"Voluptatem quae earum ratione quia.\", \"lokasi_id\": 2, \"created_at\": \"2025-12-29T02:07:12.000000Z\", \"updated_at\": \"2025-12-29T02:07:12.000000Z\", \"jumlah_stok\": 186, \"kategori_id\": 3, \"kode_barang\": \"BRG000018\", \"nama_barang\": \"magni dolores itaque\", \"harga_satuan\": \"114354.00\", \"reorder_point\": 8, \"tanggal_pembelian\": \"2025-04-06T00:00:00.000000Z\"}', '127.0.0.1', 'Symfony', '2025-12-29 02:07:12', '2025-12-29 02:07:12');
INSERT INTO `log_aktivitas` VALUES ('31', NULL, 'create', 'barang', '19', 'Menambahkan barang baru: provident ullam quis (BRG000019)', '{\"id\": 19, \"merk\": \"Brother\", \"satuan\": \"meter\", \"status\": \"rusak\", \"deskripsi\": \"Soluta consequatur qui sed eos.\", \"lokasi_id\": 5, \"created_at\": \"2025-12-29T02:07:12.000000Z\", \"updated_at\": \"2025-12-29T02:07:12.000000Z\", \"jumlah_stok\": 196, \"kategori_id\": 2, \"kode_barang\": \"BRG000019\", \"nama_barang\": \"provident ullam quis\", \"harga_satuan\": \"192403.00\", \"reorder_point\": 7, \"tanggal_pembelian\": \"2024-08-04T00:00:00.000000Z\"}', '127.0.0.1', 'Symfony', '2025-12-29 02:07:12', '2025-12-29 02:07:12');
INSERT INTO `log_aktivitas` VALUES ('32', NULL, 'create', 'barang', '20', 'Menambahkan barang baru: ex fugit repellat (BRG000020)', '{\"id\": 20, \"merk\": \"Epson\", \"satuan\": \"pcs\", \"status\": \"hilang\", \"deskripsi\": \"Consequuntur sunt sapiente et inventore ab cupiditate accusamus in.\", \"lokasi_id\": 5, \"created_at\": \"2025-12-29T02:07:12.000000Z\", \"updated_at\": \"2025-12-29T02:07:12.000000Z\", \"jumlah_stok\": 140, \"kategori_id\": 7, \"kode_barang\": \"BRG000020\", \"nama_barang\": \"ex fugit repellat\", \"harga_satuan\": \"20200.00\", \"reorder_point\": 9, \"tanggal_pembelian\": \"2025-04-25T00:00:00.000000Z\"}', '127.0.0.1', 'Symfony', '2025-12-29 02:07:12', '2025-12-29 02:07:12');
INSERT INTO `log_aktivitas` VALUES ('33', NULL, 'create', 'barang', '21', 'Menambahkan barang baru: sunt incidunt explicabo (BRG000021)', '{\"id\": 21, \"merk\": \"LG\", \"satuan\": \"box\", \"status\": \"hilang\", \"deskripsi\": \"Magnam saepe quod porro eveniet itaque commodi laudantium.\", \"lokasi_id\": 2, \"created_at\": \"2025-12-29T02:07:12.000000Z\", \"updated_at\": \"2025-12-29T02:07:12.000000Z\", \"jumlah_stok\": 173, \"kategori_id\": 5, \"kode_barang\": \"BRG000021\", \"nama_barang\": \"sunt incidunt explicabo\", \"harga_satuan\": \"347365.00\", \"reorder_point\": 13, \"tanggal_pembelian\": \"2025-02-12T00:00:00.000000Z\"}', '127.0.0.1', 'Symfony', '2025-12-29 02:07:12', '2025-12-29 02:07:12');
INSERT INTO `log_aktivitas` VALUES ('34', NULL, 'create', 'barang', '22', 'Menambahkan barang baru: facilis dolore placeat (BRG000022)', '{\"id\": 22, \"merk\": \"HP\", \"satuan\": \"unit\", \"status\": \"baik\", \"deskripsi\": \"Quis tenetur qui ullam.\", \"lokasi_id\": 2, \"created_at\": \"2025-12-29T02:07:12.000000Z\", \"updated_at\": \"2025-12-29T02:07:12.000000Z\", \"jumlah_stok\": 141, \"kategori_id\": 1, \"kode_barang\": \"BRG000022\", \"nama_barang\": \"facilis dolore placeat\", \"harga_satuan\": \"81543.00\", \"reorder_point\": 12, \"tanggal_pembelian\": \"2024-02-08T00:00:00.000000Z\"}', '127.0.0.1', 'Symfony', '2025-12-29 02:07:12', '2025-12-29 02:07:12');
INSERT INTO `log_aktivitas` VALUES ('35', NULL, 'create', 'barang', '23', 'Menambahkan barang baru: explicabo sit in (BRG000023)', '{\"id\": 23, \"merk\": \"Samsung\", \"satuan\": \"meter\", \"status\": \"rusak\", \"deskripsi\": \"Aliquam occaecati commodi labore alias.\", \"lokasi_id\": 2, \"created_at\": \"2025-12-29T02:07:12.000000Z\", \"updated_at\": \"2025-12-29T02:07:12.000000Z\", \"jumlah_stok\": 168, \"kategori_id\": 6, \"kode_barang\": \"BRG000023\", \"nama_barang\": \"explicabo sit in\", \"harga_satuan\": \"164533.00\", \"reorder_point\": 6, \"tanggal_pembelian\": \"2025-03-17T00:00:00.000000Z\"}', '127.0.0.1', 'Symfony', '2025-12-29 02:07:12', '2025-12-29 02:07:12');
INSERT INTO `log_aktivitas` VALUES ('36', NULL, 'create', 'barang', '24', 'Menambahkan barang baru: hic sint eius (BRG000024)', '{\"id\": 24, \"merk\": \"Brother\", \"satuan\": \"box\", \"status\": \"hilang\", \"deskripsi\": \"Eaque dolores aut quo eos assumenda commodi.\", \"lokasi_id\": 5, \"created_at\": \"2025-12-29T02:07:12.000000Z\", \"updated_at\": \"2025-12-29T02:07:12.000000Z\", \"jumlah_stok\": 188, \"kategori_id\": 3, \"kode_barang\": \"BRG000024\", \"nama_barang\": \"hic sint eius\", \"harga_satuan\": \"451050.00\", \"reorder_point\": 10, \"tanggal_pembelian\": \"2025-10-27T00:00:00.000000Z\"}', '127.0.0.1', 'Symfony', '2025-12-29 02:07:12', '2025-12-29 02:07:12');
INSERT INTO `log_aktivitas` VALUES ('37', NULL, 'create', 'barang', '25', 'Menambahkan barang baru: ullam rerum fuga (BRG000025)', '{\"id\": 25, \"merk\": \"LG\", \"satuan\": \"kg\", \"status\": \"rusak\", \"deskripsi\": \"Velit recusandae quia voluptas ab vel recusandae aut.\", \"lokasi_id\": 2, \"created_at\": \"2025-12-29T02:07:12.000000Z\", \"updated_at\": \"2025-12-29T02:07:12.000000Z\", \"jumlah_stok\": 11, \"kategori_id\": 6, \"kode_barang\": \"BRG000025\", \"nama_barang\": \"ullam rerum fuga\", \"harga_satuan\": \"282510.00\", \"reorder_point\": 18, \"tanggal_pembelian\": \"2025-08-22T00:00:00.000000Z\"}', '127.0.0.1', 'Symfony', '2025-12-29 02:07:12', '2025-12-29 02:07:12');
INSERT INTO `log_aktivitas` VALUES ('38', NULL, 'create', 'barang', '26', 'Menambahkan barang baru: fuga voluptas et (BRG000026)', '{\"id\": 26, \"merk\": \"LG\", \"satuan\": \"pcs\", \"status\": \"hilang\", \"deskripsi\": \"Consequatur unde unde enim minima.\", \"lokasi_id\": 2, \"created_at\": \"2025-12-29T02:07:12.000000Z\", \"updated_at\": \"2025-12-29T02:07:12.000000Z\", \"jumlah_stok\": 195, \"kategori_id\": 2, \"kode_barang\": \"BRG000026\", \"nama_barang\": \"fuga voluptas et\", \"harga_satuan\": \"462024.00\", \"reorder_point\": 6, \"tanggal_pembelian\": \"2025-11-28T00:00:00.000000Z\"}', '127.0.0.1', 'Symfony', '2025-12-29 02:07:12', '2025-12-29 02:07:12');
INSERT INTO `log_aktivitas` VALUES ('39', NULL, 'create', 'barang', '27', 'Menambahkan barang baru: voluptatem sed recusandae (BRG000027)', '{\"id\": 27, \"merk\": \"Brother\", \"satuan\": \"box\", \"status\": \"hilang\", \"deskripsi\": \"Nostrum pariatur commodi voluptate dicta itaque quia.\", \"lokasi_id\": 4, \"created_at\": \"2025-12-29T02:07:12.000000Z\", \"updated_at\": \"2025-12-29T02:07:12.000000Z\", \"jumlah_stok\": 169, \"kategori_id\": 4, \"kode_barang\": \"BRG000027\", \"nama_barang\": \"voluptatem sed recusandae\", \"harga_satuan\": \"41057.00\", \"reorder_point\": 17, \"tanggal_pembelian\": \"2024-11-19T00:00:00.000000Z\"}', '127.0.0.1', 'Symfony', '2025-12-29 02:07:12', '2025-12-29 02:07:12');
INSERT INTO `log_aktivitas` VALUES ('40', NULL, 'create', 'barang', '28', 'Menambahkan barang baru: tenetur ut blanditiis (BRG000028)', '{\"id\": 28, \"merk\": \"Dell\", \"satuan\": \"dus\", \"status\": \"hilang\", \"deskripsi\": \"Expedita rerum aliquid rerum expedita omnis.\", \"lokasi_id\": 4, \"created_at\": \"2025-12-29T02:07:12.000000Z\", \"updated_at\": \"2025-12-29T02:07:12.000000Z\", \"jumlah_stok\": 82, \"kategori_id\": 5, \"kode_barang\": \"BRG000028\", \"nama_barang\": \"tenetur ut blanditiis\", \"harga_satuan\": \"352708.00\", \"reorder_point\": 11, \"tanggal_pembelian\": \"2024-10-12T00:00:00.000000Z\"}', '127.0.0.1', 'Symfony', '2025-12-29 02:07:12', '2025-12-29 02:07:12');
INSERT INTO `log_aktivitas` VALUES ('41', NULL, 'create', 'barang', '29', 'Menambahkan barang baru: sapiente in nihil (BRG000029)', '{\"id\": 29, \"merk\": \"Epson\", \"satuan\": \"rim\", \"status\": \"rusak\", \"deskripsi\": \"Id est eum voluptas ut quia reprehenderit quo.\", \"lokasi_id\": 2, \"created_at\": \"2025-12-29T02:07:12.000000Z\", \"updated_at\": \"2025-12-29T02:07:12.000000Z\", \"jumlah_stok\": 113, \"kategori_id\": 2, \"kode_barang\": \"BRG000029\", \"nama_barang\": \"sapiente in nihil\", \"harga_satuan\": \"434485.00\", \"reorder_point\": 5, \"tanggal_pembelian\": \"2024-03-30T00:00:00.000000Z\"}', '127.0.0.1', 'Symfony', '2025-12-29 02:07:12', '2025-12-29 02:07:12');
INSERT INTO `log_aktivitas` VALUES ('42', NULL, 'create', 'barang', '30', 'Menambahkan barang baru: magni autem excepturi (BRG000030)', '{\"id\": 30, \"merk\": \"Dell\", \"satuan\": \"unit\", \"status\": \"baik\", \"deskripsi\": \"Quia fuga vero temporibus omnis quia veritatis.\", \"lokasi_id\": 1, \"created_at\": \"2025-12-29T02:07:13.000000Z\", \"updated_at\": \"2025-12-29T02:07:13.000000Z\", \"jumlah_stok\": 71, \"kategori_id\": 3, \"kode_barang\": \"BRG000030\", \"nama_barang\": \"magni autem excepturi\", \"harga_satuan\": \"276098.00\", \"reorder_point\": 16, \"tanggal_pembelian\": \"2025-11-15T00:00:00.000000Z\"}', '127.0.0.1', 'Symfony', '2025-12-29 02:07:13', '2025-12-29 02:07:13');
INSERT INTO `log_aktivitas` VALUES ('43', NULL, 'create', 'barang', '31', 'Menambahkan barang baru: earum voluptas impedit (BRG000031)', '{\"id\": 31, \"merk\": \"Logitech\", \"satuan\": \"unit\", \"status\": \"rusak\", \"deskripsi\": \"Non sint quisquam consectetur nulla aliquam.\", \"lokasi_id\": 2, \"created_at\": \"2025-12-29T02:07:13.000000Z\", \"updated_at\": \"2025-12-29T02:07:13.000000Z\", \"jumlah_stok\": 51, \"kategori_id\": 6, \"kode_barang\": \"BRG000031\", \"nama_barang\": \"earum voluptas impedit\", \"harga_satuan\": \"231477.00\", \"reorder_point\": 19, \"tanggal_pembelian\": \"2025-04-16T00:00:00.000000Z\"}', '127.0.0.1', 'Symfony', '2025-12-29 02:07:13', '2025-12-29 02:07:13');
INSERT INTO `log_aktivitas` VALUES ('44', NULL, 'create', 'barang', '32', 'Menambahkan barang baru: eum perferendis est (BRG000032)', '{\"id\": 32, \"merk\": \"Epson\", \"satuan\": \"unit\", \"status\": \"rusak\", \"deskripsi\": \"Voluptatem ipsa optio quidem est totam corrupti molestiae.\", \"lokasi_id\": 5, \"created_at\": \"2025-12-29T02:07:13.000000Z\", \"updated_at\": \"2025-12-29T02:07:13.000000Z\", \"jumlah_stok\": 100, \"kategori_id\": 3, \"kode_barang\": \"BRG000032\", \"nama_barang\": \"eum perferendis est\", \"harga_satuan\": \"298561.00\", \"reorder_point\": 10, \"tanggal_pembelian\": \"2024-06-26T00:00:00.000000Z\"}', '127.0.0.1', 'Symfony', '2025-12-29 02:07:13', '2025-12-29 02:07:13');
INSERT INTO `log_aktivitas` VALUES ('45', NULL, 'create', 'barang', '33', 'Menambahkan barang baru: sit repellendus quidem (BRG000033)', '{\"id\": 33, \"merk\": \"Epson\", \"satuan\": \"unit\", \"status\": \"rusak\", \"deskripsi\": \"Natus quae quia et placeat.\", \"lokasi_id\": 4, \"created_at\": \"2025-12-29T02:07:13.000000Z\", \"updated_at\": \"2025-12-29T02:07:13.000000Z\", \"jumlah_stok\": 93, \"kategori_id\": 5, \"kode_barang\": \"BRG000033\", \"nama_barang\": \"sit repellendus quidem\", \"harga_satuan\": \"224047.00\", \"reorder_point\": 5, \"tanggal_pembelian\": \"2025-03-11T00:00:00.000000Z\"}', '127.0.0.1', 'Symfony', '2025-12-29 02:07:13', '2025-12-29 02:07:13');
INSERT INTO `log_aktivitas` VALUES ('46', NULL, 'create', 'barang', '34', 'Menambahkan barang baru: nihil voluptatem dolorem (BRG000034)', '{\"id\": 34, \"merk\": \"LG\", \"satuan\": \"pcs\", \"status\": \"baik\", \"deskripsi\": \"Quisquam sed id facere id debitis.\", \"lokasi_id\": 2, \"created_at\": \"2025-12-29T02:07:13.000000Z\", \"updated_at\": \"2025-12-29T02:07:13.000000Z\", \"jumlah_stok\": 43, \"kategori_id\": 2, \"kode_barang\": \"BRG000034\", \"nama_barang\": \"nihil voluptatem dolorem\", \"harga_satuan\": \"206584.00\", \"reorder_point\": 10, \"tanggal_pembelian\": \"2024-11-03T00:00:00.000000Z\"}', '127.0.0.1', 'Symfony', '2025-12-29 02:07:13', '2025-12-29 02:07:13');
INSERT INTO `log_aktivitas` VALUES ('47', NULL, 'create', 'barang', '35', 'Menambahkan barang baru: quis cumque consequatur (BRG000035)', '{\"id\": 35, \"merk\": \"LG\", \"satuan\": \"meter\", \"status\": \"baik\", \"deskripsi\": \"In laudantium unde sed repudiandae qui odit quia fugiat.\", \"lokasi_id\": 1, \"created_at\": \"2025-12-29T02:07:13.000000Z\", \"updated_at\": \"2025-12-29T02:07:13.000000Z\", \"jumlah_stok\": 180, \"kategori_id\": 2, \"kode_barang\": \"BRG000035\", \"nama_barang\": \"quis cumque consequatur\", \"harga_satuan\": \"188635.00\", \"reorder_point\": 18, \"tanggal_pembelian\": \"2024-09-29T00:00:00.000000Z\"}', '127.0.0.1', 'Symfony', '2025-12-29 02:07:13', '2025-12-29 02:07:13');
INSERT INTO `log_aktivitas` VALUES ('48', NULL, 'create', 'barang', '36', 'Menambahkan barang baru: eum facere sint (BRG000036)', '{\"id\": 36, \"merk\": \"Canon\", \"satuan\": \"kg\", \"status\": \"hilang\", \"deskripsi\": \"Quasi excepturi aspernatur sed qui molestiae enim.\", \"lokasi_id\": 4, \"created_at\": \"2025-12-29T02:07:13.000000Z\", \"updated_at\": \"2025-12-29T02:07:13.000000Z\", \"jumlah_stok\": 107, \"kategori_id\": 1, \"kode_barang\": \"BRG000036\", \"nama_barang\": \"eum facere sint\", \"harga_satuan\": \"324204.00\", \"reorder_point\": 12, \"tanggal_pembelian\": \"2025-04-07T00:00:00.000000Z\"}', '127.0.0.1', 'Symfony', '2025-12-29 02:07:13', '2025-12-29 02:07:13');
INSERT INTO `log_aktivitas` VALUES ('49', NULL, 'create', 'barang', '37', 'Menambahkan barang baru: error voluptatibus est (BRG000037)', '{\"id\": 37, \"merk\": \"Brother\", \"satuan\": \"meter\", \"status\": \"rusak\", \"deskripsi\": \"Voluptatibus doloribus veniam minima ipsum aut ducimus.\", \"lokasi_id\": 2, \"created_at\": \"2025-12-29T02:07:13.000000Z\", \"updated_at\": \"2025-12-29T02:07:13.000000Z\", \"jumlah_stok\": 18, \"kategori_id\": 7, \"kode_barang\": \"BRG000037\", \"nama_barang\": \"error voluptatibus est\", \"harga_satuan\": \"146478.00\", \"reorder_point\": 18, \"tanggal_pembelian\": \"2025-02-20T00:00:00.000000Z\"}', '127.0.0.1', 'Symfony', '2025-12-29 02:07:13', '2025-12-29 02:07:13');
INSERT INTO `log_aktivitas` VALUES ('50', NULL, 'create', 'barang', '38', 'Menambahkan barang baru: iure dolorem eos (BRG000038)', '{\"id\": 38, \"merk\": \"Logitech\", \"satuan\": \"box\", \"status\": \"rusak\", \"deskripsi\": \"Quis totam rerum aut suscipit repellat.\", \"lokasi_id\": 3, \"created_at\": \"2025-12-29T02:07:13.000000Z\", \"updated_at\": \"2025-12-29T02:07:13.000000Z\", \"jumlah_stok\": 174, \"kategori_id\": 2, \"kode_barang\": \"BRG000038\", \"nama_barang\": \"iure dolorem eos\", \"harga_satuan\": \"484116.00\", \"reorder_point\": 18, \"tanggal_pembelian\": \"2024-10-16T00:00:00.000000Z\"}', '127.0.0.1', 'Symfony', '2025-12-29 02:07:13', '2025-12-29 02:07:13');
INSERT INTO `log_aktivitas` VALUES ('51', NULL, 'create', 'barang', '39', 'Menambahkan barang baru: aperiam nam et (BRG000039)', '{\"id\": 39, \"merk\": \"HP\", \"satuan\": \"rim\", \"status\": \"hilang\", \"deskripsi\": \"Maiores et ad et sint.\", \"lokasi_id\": 1, \"created_at\": \"2025-12-29T02:07:13.000000Z\", \"updated_at\": \"2025-12-29T02:07:13.000000Z\", \"jumlah_stok\": 41, \"kategori_id\": 6, \"kode_barang\": \"BRG000039\", \"nama_barang\": \"aperiam nam et\", \"harga_satuan\": \"278804.00\", \"reorder_point\": 18, \"tanggal_pembelian\": \"2024-05-22T00:00:00.000000Z\"}', '127.0.0.1', 'Symfony', '2025-12-29 02:07:13', '2025-12-29 02:07:13');
INSERT INTO `log_aktivitas` VALUES ('52', NULL, 'create', 'barang', '40', 'Menambahkan barang baru: corporis ut sed (BRG000040)', '{\"id\": 40, \"merk\": \"HP\", \"satuan\": \"kg\", \"status\": \"hilang\", \"deskripsi\": \"Quos voluptatibus accusantium aut eos neque ex.\", \"lokasi_id\": 3, \"created_at\": \"2025-12-29T02:07:13.000000Z\", \"updated_at\": \"2025-12-29T02:07:13.000000Z\", \"jumlah_stok\": 183, \"kategori_id\": 3, \"kode_barang\": \"BRG000040\", \"nama_barang\": \"corporis ut sed\", \"harga_satuan\": \"484819.00\", \"reorder_point\": 6, \"tanggal_pembelian\": \"2024-12-05T00:00:00.000000Z\"}', '127.0.0.1', 'Symfony', '2025-12-29 02:07:13', '2025-12-29 02:07:13');
INSERT INTO `log_aktivitas` VALUES ('53', NULL, 'create', 'barang', '41', 'Menambahkan barang baru: est voluptatem dolores (BRG000041)', '{\"id\": 41, \"merk\": \"Epson\", \"satuan\": \"kg\", \"status\": \"hilang\", \"deskripsi\": \"Hic quia esse qui earum accusamus aut.\", \"lokasi_id\": 3, \"created_at\": \"2025-12-29T02:07:13.000000Z\", \"updated_at\": \"2025-12-29T02:07:13.000000Z\", \"jumlah_stok\": 32, \"kategori_id\": 7, \"kode_barang\": \"BRG000041\", \"nama_barang\": \"est voluptatem dolores\", \"harga_satuan\": \"296237.00\", \"reorder_point\": 11, \"tanggal_pembelian\": \"2024-06-04T00:00:00.000000Z\"}', '127.0.0.1', 'Symfony', '2025-12-29 02:07:13', '2025-12-29 02:07:13');
INSERT INTO `log_aktivitas` VALUES ('54', NULL, 'create', 'barang', '42', 'Menambahkan barang baru: asperiores non ut (BRG000042)', '{\"id\": 42, \"merk\": \"LG\", \"satuan\": \"dus\", \"status\": \"rusak\", \"deskripsi\": \"Sunt dolores dolor voluptas consequatur dignissimos est earum doloribus.\", \"lokasi_id\": 5, \"created_at\": \"2025-12-29T02:07:13.000000Z\", \"updated_at\": \"2025-12-29T02:07:13.000000Z\", \"jumlah_stok\": 57, \"kategori_id\": 4, \"kode_barang\": \"BRG000042\", \"nama_barang\": \"asperiores non ut\", \"harga_satuan\": \"497013.00\", \"reorder_point\": 20, \"tanggal_pembelian\": \"2024-08-11T00:00:00.000000Z\"}', '127.0.0.1', 'Symfony', '2025-12-29 02:07:13', '2025-12-29 02:07:13');
INSERT INTO `log_aktivitas` VALUES ('55', NULL, 'create', 'barang', '43', 'Menambahkan barang baru: quia et commodi (BRG000043)', '{\"id\": 43, \"merk\": \"LG\", \"satuan\": \"rim\", \"status\": \"rusak\", \"deskripsi\": \"Nulla eos accusamus et molestiae sed quidem.\", \"lokasi_id\": 1, \"created_at\": \"2025-12-29T02:07:13.000000Z\", \"updated_at\": \"2025-12-29T02:07:13.000000Z\", \"jumlah_stok\": 178, \"kategori_id\": 2, \"kode_barang\": \"BRG000043\", \"nama_barang\": \"quia et commodi\", \"harga_satuan\": \"161835.00\", \"reorder_point\": 12, \"tanggal_pembelian\": \"2025-06-26T00:00:00.000000Z\"}', '127.0.0.1', 'Symfony', '2025-12-29 02:07:13', '2025-12-29 02:07:13');
INSERT INTO `log_aktivitas` VALUES ('56', NULL, 'create', 'barang', '44', 'Menambahkan barang baru: quo enim voluptatibus (BRG000044)', '{\"id\": 44, \"merk\": \"Brother\", \"satuan\": \"unit\", \"status\": \"baik\", \"deskripsi\": \"Non fugit placeat quis quae omnis maxime repudiandae neque.\", \"lokasi_id\": 4, \"created_at\": \"2025-12-29T02:07:13.000000Z\", \"updated_at\": \"2025-12-29T02:07:13.000000Z\", \"jumlah_stok\": 63, \"kategori_id\": 2, \"kode_barang\": \"BRG000044\", \"nama_barang\": \"quo enim voluptatibus\", \"harga_satuan\": \"475131.00\", \"reorder_point\": 5, \"tanggal_pembelian\": \"2025-04-15T00:00:00.000000Z\"}', '127.0.0.1', 'Symfony', '2025-12-29 02:07:13', '2025-12-29 02:07:13');
INSERT INTO `log_aktivitas` VALUES ('57', NULL, 'create', 'barang', '45', 'Menambahkan barang baru: aut delectus ut (BRG000045)', '{\"id\": 45, \"merk\": \"HP\", \"satuan\": \"kg\", \"status\": \"baik\", \"deskripsi\": \"Aut eum aspernatur aperiam.\", \"lokasi_id\": 3, \"created_at\": \"2025-12-29T02:07:13.000000Z\", \"updated_at\": \"2025-12-29T02:07:13.000000Z\", \"jumlah_stok\": 128, \"kategori_id\": 7, \"kode_barang\": \"BRG000045\", \"nama_barang\": \"aut delectus ut\", \"harga_satuan\": \"114638.00\", \"reorder_point\": 6, \"tanggal_pembelian\": \"2025-01-01T00:00:00.000000Z\"}', '127.0.0.1', 'Symfony', '2025-12-29 02:07:13', '2025-12-29 02:07:13');
INSERT INTO `log_aktivitas` VALUES ('58', NULL, 'create', 'barang', '46', 'Menambahkan barang baru: quibusdam similique esse (BRG000046)', '{\"id\": 46, \"merk\": \"Samsung\", \"satuan\": \"unit\", \"status\": \"hilang\", \"deskripsi\": \"Totam id ut aperiam recusandae voluptatem dolorum ad ut.\", \"lokasi_id\": 4, \"created_at\": \"2025-12-29T02:07:13.000000Z\", \"updated_at\": \"2025-12-29T02:07:13.000000Z\", \"jumlah_stok\": 75, \"kategori_id\": 5, \"kode_barang\": \"BRG000046\", \"nama_barang\": \"quibusdam similique esse\", \"harga_satuan\": \"180567.00\", \"reorder_point\": 18, \"tanggal_pembelian\": \"2024-04-04T00:00:00.000000Z\"}', '127.0.0.1', 'Symfony', '2025-12-29 02:07:13', '2025-12-29 02:07:13');
INSERT INTO `log_aktivitas` VALUES ('59', NULL, 'create', 'barang', '47', 'Menambahkan barang baru: voluptatem aliquam deserunt (BRG000047)', '{\"id\": 47, \"merk\": \"Epson\", \"satuan\": \"meter\", \"status\": \"baik\", \"deskripsi\": \"Optio nihil enim a numquam quos ab.\", \"lokasi_id\": 3, \"created_at\": \"2025-12-29T02:07:13.000000Z\", \"updated_at\": \"2025-12-29T02:07:13.000000Z\", \"jumlah_stok\": 150, \"kategori_id\": 1, \"kode_barang\": \"BRG000047\", \"nama_barang\": \"voluptatem aliquam deserunt\", \"harga_satuan\": \"192140.00\", \"reorder_point\": 18, \"tanggal_pembelian\": \"2024-08-14T00:00:00.000000Z\"}', '127.0.0.1', 'Symfony', '2025-12-29 02:07:13', '2025-12-29 02:07:13');
INSERT INTO `log_aktivitas` VALUES ('60', NULL, 'create', 'barang', '48', 'Menambahkan barang baru: aut sit aut (BRG000048)', '{\"id\": 48, \"merk\": \"Canon\", \"satuan\": \"kg\", \"status\": \"baik\", \"deskripsi\": \"Ut et voluptas suscipit quos.\", \"lokasi_id\": 4, \"created_at\": \"2025-12-29T02:07:13.000000Z\", \"updated_at\": \"2025-12-29T02:07:13.000000Z\", \"jumlah_stok\": 26, \"kategori_id\": 7, \"kode_barang\": \"BRG000048\", \"nama_barang\": \"aut sit aut\", \"harga_satuan\": \"260243.00\", \"reorder_point\": 7, \"tanggal_pembelian\": \"2025-10-03T00:00:00.000000Z\"}', '127.0.0.1', 'Symfony', '2025-12-29 02:07:13', '2025-12-29 02:07:13');
INSERT INTO `log_aktivitas` VALUES ('61', NULL, 'create', 'barang', '49', 'Menambahkan barang baru: ut vel vel (BRG000049)', '{\"id\": 49, \"merk\": \"Epson\", \"satuan\": \"box\", \"status\": \"baik\", \"deskripsi\": \"Omnis sunt autem delectus est voluptas deleniti.\", \"lokasi_id\": 2, \"created_at\": \"2025-12-29T02:07:13.000000Z\", \"updated_at\": \"2025-12-29T02:07:13.000000Z\", \"jumlah_stok\": 54, \"kategori_id\": 1, \"kode_barang\": \"BRG000049\", \"nama_barang\": \"ut vel vel\", \"harga_satuan\": \"120593.00\", \"reorder_point\": 14, \"tanggal_pembelian\": \"2024-01-25T00:00:00.000000Z\"}', '127.0.0.1', 'Symfony', '2025-12-29 02:07:13', '2025-12-29 02:07:13');
INSERT INTO `log_aktivitas` VALUES ('62', NULL, 'create', 'barang', '50', 'Menambahkan barang baru: et ut eaque (BRG000050)', '{\"id\": 50, \"merk\": \"Canon\", \"satuan\": \"box\", \"status\": \"hilang\", \"deskripsi\": \"Id aspernatur similique est quod non id.\", \"lokasi_id\": 3, \"created_at\": \"2025-12-29T02:07:13.000000Z\", \"updated_at\": \"2025-12-29T02:07:13.000000Z\", \"jumlah_stok\": 58, \"kategori_id\": 6, \"kode_barang\": \"BRG000050\", \"nama_barang\": \"et ut eaque\", \"harga_satuan\": \"354526.00\", \"reorder_point\": 15, \"tanggal_pembelian\": \"2024-09-09T00:00:00.000000Z\"}', '127.0.0.1', 'Symfony', '2025-12-29 02:07:13', '2025-12-29 02:07:13');
INSERT INTO `log_aktivitas` VALUES ('63', NULL, 'update', 'barang', '1', 'Mengubah data barang: esse ducimus doloremque (BRG000001)', '{\"after\": {\"id\": 1, \"merk\": \"HP\", \"satuan\": \"kg\", \"status\": \"rusak\", \"deskripsi\": \"Est reiciendis dolor totam mollitia.\", \"lokasi_id\": 5, \"created_at\": \"2025-12-29 02:07:12\", \"deleted_at\": null, \"updated_at\": \"2025-12-29 02:07:12\", \"jumlah_stok\": 132, \"kategori_id\": 3, \"kode_barang\": \"BRG000001\", \"nama_barang\": \"esse ducimus doloremque\", \"harga_satuan\": \"320770.00\", \"reorder_point\": 6, \"tanggal_pembelian\": \"2025-03-16\"}, \"before\": {\"id\": 1, \"merk\": \"HP\", \"satuan\": \"kg\", \"status\": \"rusak\", \"deskripsi\": \"Est reiciendis dolor totam mollitia.\", \"lokasi_id\": 5, \"created_at\": \"2025-12-29T02:07:12.000000Z\", \"deleted_at\": null, \"updated_at\": \"2025-12-29T02:07:12.000000Z\", \"jumlah_stok\": 32, \"kategori_id\": 3, \"kode_barang\": \"BRG000001\", \"nama_barang\": \"esse ducimus doloremque\", \"harga_satuan\": \"320770.00\", \"reorder_point\": 6, \"tanggal_pembelian\": \"2025-03-16T00:00:00.000000Z\"}}', '127.0.0.1', 'Symfony', '2025-12-29 02:07:13', '2025-12-29 02:07:13');
INSERT INTO `log_aktivitas` VALUES ('64', '3', 'create', 'transaksi_barang', '1', 'Transaksi masuk barang esse ducimus doloremque sejumlah 100 kg', '{\"id\": 1, \"barang\": {\"id\": 1, \"merk\": \"HP\", \"satuan\": \"kg\", \"status\": \"rusak\", \"deskripsi\": \"Est reiciendis dolor totam mollitia.\", \"lokasi_id\": 5, \"created_at\": \"2025-12-29T02:07:12.000000Z\", \"deleted_at\": null, \"updated_at\": \"2025-12-29T02:07:12.000000Z\", \"jumlah_stok\": 132, \"kategori_id\": 3, \"kode_barang\": \"BRG000001\", \"nama_barang\": \"esse ducimus doloremque\", \"harga_satuan\": \"320770.00\", \"reorder_point\": 6, \"tanggal_pembelian\": \"2025-03-16T00:00:00.000000Z\"}, \"jumlah\": 100, \"user_id\": 3, \"barang_id\": 1, \"created_at\": \"2025-12-29T02:07:13.000000Z\", \"keterangan\": \"Pengadaan barang dari supplier\", \"updated_at\": \"2025-12-29T02:07:13.000000Z\", \"approved_at\": \"2025-09-29T02:07:13.000000Z\", \"approved_by\": 3, \"kode_transaksi\": \"TRX-IN-000001\", \"tipe_transaksi\": \"masuk\", \"approval_status\": \"approved\", \"penanggung_jawab\": \"Supplier Utama\", \"tanggal_transaksi\": \"2025-09-29T00:00:00.000000Z\"}', '127.0.0.1', 'Symfony', '2025-12-29 02:07:13', '2025-12-29 02:07:13');
INSERT INTO `log_aktivitas` VALUES ('65', NULL, 'update', 'barang', '2', 'Mengubah data barang: rerum minus aut (BRG000002)', '{\"after\": {\"id\": 2, \"merk\": \"LG\", \"satuan\": \"dus\", \"status\": \"rusak\", \"deskripsi\": \"Est architecto sunt nihil animi et.\", \"lokasi_id\": 5, \"created_at\": \"2025-12-29 02:07:12\", \"deleted_at\": null, \"updated_at\": \"2025-12-29 02:07:12\", \"jumlah_stok\": 254, \"kategori_id\": 5, \"kode_barang\": \"BRG000002\", \"nama_barang\": \"rerum minus aut\", \"harga_satuan\": \"400022.00\", \"reorder_point\": 8, \"tanggal_pembelian\": \"2024-06-15\"}, \"before\": {\"id\": 2, \"merk\": \"LG\", \"satuan\": \"dus\", \"status\": \"rusak\", \"deskripsi\": \"Est architecto sunt nihil animi et.\", \"lokasi_id\": 5, \"created_at\": \"2025-12-29T02:07:12.000000Z\", \"deleted_at\": null, \"updated_at\": \"2025-12-29T02:07:12.000000Z\", \"jumlah_stok\": 154, \"kategori_id\": 5, \"kode_barang\": \"BRG000002\", \"nama_barang\": \"rerum minus aut\", \"harga_satuan\": \"400022.00\", \"reorder_point\": 8, \"tanggal_pembelian\": \"2024-06-15T00:00:00.000000Z\"}}', '127.0.0.1', 'Symfony', '2025-12-29 02:07:13', '2025-12-29 02:07:13');
INSERT INTO `log_aktivitas` VALUES ('66', '1', 'create', 'transaksi_barang', '2', 'Transaksi masuk barang rerum minus aut sejumlah 100 dus', '{\"id\": 2, \"barang\": {\"id\": 2, \"merk\": \"LG\", \"satuan\": \"dus\", \"status\": \"rusak\", \"deskripsi\": \"Est architecto sunt nihil animi et.\", \"lokasi_id\": 5, \"created_at\": \"2025-12-29T02:07:12.000000Z\", \"deleted_at\": null, \"updated_at\": \"2025-12-29T02:07:12.000000Z\", \"jumlah_stok\": 254, \"kategori_id\": 5, \"kode_barang\": \"BRG000002\", \"nama_barang\": \"rerum minus aut\", \"harga_satuan\": \"400022.00\", \"reorder_point\": 8, \"tanggal_pembelian\": \"2024-06-15T00:00:00.000000Z\"}, \"jumlah\": 100, \"user_id\": 1, \"barang_id\": 2, \"created_at\": \"2025-12-29T02:07:13.000000Z\", \"keterangan\": \"Pengadaan barang dari supplier\", \"updated_at\": \"2025-12-29T02:07:13.000000Z\", \"approved_at\": \"2025-09-29T02:07:13.000000Z\", \"approved_by\": 3, \"kode_transaksi\": \"TRX-IN-000002\", \"tipe_transaksi\": \"masuk\", \"approval_status\": \"approved\", \"penanggung_jawab\": \"Supplier Utama\", \"tanggal_transaksi\": \"2025-09-29T00:00:00.000000Z\"}', '127.0.0.1', 'Symfony', '2025-12-29 02:07:13', '2025-12-29 02:07:13');
INSERT INTO `log_aktivitas` VALUES ('67', NULL, 'update', 'barang', '3', 'Mengubah data barang: quas facere earum (BRG000003)', '{\"after\": {\"id\": 3, \"merk\": \"HP\", \"satuan\": \"pcs\", \"status\": \"baik\", \"deskripsi\": \"Blanditiis dignissimos nemo eaque doloribus.\", \"lokasi_id\": 4, \"created_at\": \"2025-12-29 02:07:12\", \"deleted_at\": null, \"updated_at\": \"2025-12-29 02:07:12\", \"jumlah_stok\": 159, \"kategori_id\": 1, \"kode_barang\": \"BRG000003\", \"nama_barang\": \"quas facere earum\", \"harga_satuan\": \"158855.00\", \"reorder_point\": 14, \"tanggal_pembelian\": \"2025-09-06\"}, \"before\": {\"id\": 3, \"merk\": \"HP\", \"satuan\": \"pcs\", \"status\": \"baik\", \"deskripsi\": \"Blanditiis dignissimos nemo eaque doloribus.\", \"lokasi_id\": 4, \"created_at\": \"2025-12-29T02:07:12.000000Z\", \"deleted_at\": null, \"updated_at\": \"2025-12-29T02:07:12.000000Z\", \"jumlah_stok\": 59, \"kategori_id\": 1, \"kode_barang\": \"BRG000003\", \"nama_barang\": \"quas facere earum\", \"harga_satuan\": \"158855.00\", \"reorder_point\": 14, \"tanggal_pembelian\": \"2025-09-06T00:00:00.000000Z\"}}', '127.0.0.1', 'Symfony', '2025-12-29 02:07:13', '2025-12-29 02:07:13');
INSERT INTO `log_aktivitas` VALUES ('68', '2', 'create', 'transaksi_barang', '3', 'Transaksi masuk barang quas facere earum sejumlah 100 pcs', '{\"id\": 3, \"barang\": {\"id\": 3, \"merk\": \"HP\", \"satuan\": \"pcs\", \"status\": \"baik\", \"deskripsi\": \"Blanditiis dignissimos nemo eaque doloribus.\", \"lokasi_id\": 4, \"created_at\": \"2025-12-29T02:07:12.000000Z\", \"deleted_at\": null, \"updated_at\": \"2025-12-29T02:07:12.000000Z\", \"jumlah_stok\": 159, \"kategori_id\": 1, \"kode_barang\": \"BRG000003\", \"nama_barang\": \"quas facere earum\", \"harga_satuan\": \"158855.00\", \"reorder_point\": 14, \"tanggal_pembelian\": \"2025-09-06T00:00:00.000000Z\"}, \"jumlah\": 100, \"user_id\": 2, \"barang_id\": 3, \"created_at\": \"2025-12-29T02:07:13.000000Z\", \"keterangan\": \"Pengadaan barang dari supplier\", \"updated_at\": \"2025-12-29T02:07:13.000000Z\", \"approved_at\": \"2025-09-29T02:07:13.000000Z\", \"approved_by\": 2, \"kode_transaksi\": \"TRX-IN-000003\", \"tipe_transaksi\": \"masuk\", \"approval_status\": \"approved\", \"penanggung_jawab\": \"Supplier Utama\", \"tanggal_transaksi\": \"2025-09-29T00:00:00.000000Z\"}', '127.0.0.1', 'Symfony', '2025-12-29 02:07:13', '2025-12-29 02:07:13');
INSERT INTO `log_aktivitas` VALUES ('69', NULL, 'update', 'barang', '4', 'Mengubah data barang: at a nihil (BRG000004)', '{\"after\": {\"id\": 4, \"merk\": \"Samsung\", \"satuan\": \"box\", \"status\": \"hilang\", \"deskripsi\": \"At sit omnis sed quis.\", \"lokasi_id\": 4, \"created_at\": \"2025-12-29 02:07:12\", \"deleted_at\": null, \"updated_at\": \"2025-12-29 02:07:12\", \"jumlah_stok\": 206, \"kategori_id\": 5, \"kode_barang\": \"BRG000004\", \"nama_barang\": \"at a nihil\", \"harga_satuan\": \"182989.00\", \"reorder_point\": 8, \"tanggal_pembelian\": \"2025-07-22\"}, \"before\": {\"id\": 4, \"merk\": \"Samsung\", \"satuan\": \"box\", \"status\": \"hilang\", \"deskripsi\": \"At sit omnis sed quis.\", \"lokasi_id\": 4, \"created_at\": \"2025-12-29T02:07:12.000000Z\", \"deleted_at\": null, \"updated_at\": \"2025-12-29T02:07:12.000000Z\", \"jumlah_stok\": 106, \"kategori_id\": 5, \"kode_barang\": \"BRG000004\", \"nama_barang\": \"at a nihil\", \"harga_satuan\": \"182989.00\", \"reorder_point\": 8, \"tanggal_pembelian\": \"2025-07-22T00:00:00.000000Z\"}}', '127.0.0.1', 'Symfony', '2025-12-29 02:07:13', '2025-12-29 02:07:13');
INSERT INTO `log_aktivitas` VALUES ('70', '3', 'create', 'transaksi_barang', '4', 'Transaksi masuk barang at a nihil sejumlah 100 box', '{\"id\": 4, \"barang\": {\"id\": 4, \"merk\": \"Samsung\", \"satuan\": \"box\", \"status\": \"hilang\", \"deskripsi\": \"At sit omnis sed quis.\", \"lokasi_id\": 4, \"created_at\": \"2025-12-29T02:07:12.000000Z\", \"deleted_at\": null, \"updated_at\": \"2025-12-29T02:07:12.000000Z\", \"jumlah_stok\": 206, \"kategori_id\": 5, \"kode_barang\": \"BRG000004\", \"nama_barang\": \"at a nihil\", \"harga_satuan\": \"182989.00\", \"reorder_point\": 8, \"tanggal_pembelian\": \"2025-07-22T00:00:00.000000Z\"}, \"jumlah\": 100, \"user_id\": 3, \"barang_id\": 4, \"created_at\": \"2025-12-29T02:07:13.000000Z\", \"keterangan\": \"Pengadaan barang dari supplier\", \"updated_at\": \"2025-12-29T02:07:13.000000Z\", \"approved_at\": \"2025-09-29T02:07:13.000000Z\", \"approved_by\": 1, \"kode_transaksi\": \"TRX-IN-000004\", \"tipe_transaksi\": \"masuk\", \"approval_status\": \"approved\", \"penanggung_jawab\": \"Supplier Utama\", \"tanggal_transaksi\": \"2025-09-29T00:00:00.000000Z\"}', '127.0.0.1', 'Symfony', '2025-12-29 02:07:13', '2025-12-29 02:07:13');
INSERT INTO `log_aktivitas` VALUES ('71', NULL, 'update', 'barang', '5', 'Mengubah data barang: excepturi qui tempore (BRG000005)', '{\"after\": {\"id\": 5, \"merk\": \"Canon\", \"satuan\": \"box\", \"status\": \"rusak\", \"deskripsi\": \"Quas alias nihil iste atque sint delectus magnam.\", \"lokasi_id\": 3, \"created_at\": \"2025-12-29 02:07:12\", \"deleted_at\": null, \"updated_at\": \"2025-12-29 02:07:12\", \"jumlah_stok\": 128, \"kategori_id\": 5, \"kode_barang\": \"BRG000005\", \"nama_barang\": \"excepturi qui tempore\", \"harga_satuan\": \"264568.00\", \"reorder_point\": 19, \"tanggal_pembelian\": \"2025-05-26\"}, \"before\": {\"id\": 5, \"merk\": \"Canon\", \"satuan\": \"box\", \"status\": \"rusak\", \"deskripsi\": \"Quas alias nihil iste atque sint delectus magnam.\", \"lokasi_id\": 3, \"created_at\": \"2025-12-29T02:07:12.000000Z\", \"deleted_at\": null, \"updated_at\": \"2025-12-29T02:07:12.000000Z\", \"jumlah_stok\": 28, \"kategori_id\": 5, \"kode_barang\": \"BRG000005\", \"nama_barang\": \"excepturi qui tempore\", \"harga_satuan\": \"264568.00\", \"reorder_point\": 19, \"tanggal_pembelian\": \"2025-05-26T00:00:00.000000Z\"}}', '127.0.0.1', 'Symfony', '2025-12-29 02:07:13', '2025-12-29 02:07:13');
INSERT INTO `log_aktivitas` VALUES ('72', '2', 'create', 'transaksi_barang', '5', 'Transaksi masuk barang excepturi qui tempore sejumlah 100 box', '{\"id\": 5, \"barang\": {\"id\": 5, \"merk\": \"Canon\", \"satuan\": \"box\", \"status\": \"rusak\", \"deskripsi\": \"Quas alias nihil iste atque sint delectus magnam.\", \"lokasi_id\": 3, \"created_at\": \"2025-12-29T02:07:12.000000Z\", \"deleted_at\": null, \"updated_at\": \"2025-12-29T02:07:12.000000Z\", \"jumlah_stok\": 128, \"kategori_id\": 5, \"kode_barang\": \"BRG000005\", \"nama_barang\": \"excepturi qui tempore\", \"harga_satuan\": \"264568.00\", \"reorder_point\": 19, \"tanggal_pembelian\": \"2025-05-26T00:00:00.000000Z\"}, \"jumlah\": 100, \"user_id\": 2, \"barang_id\": 5, \"created_at\": \"2025-12-29T02:07:13.000000Z\", \"keterangan\": \"Pengadaan barang dari supplier\", \"updated_at\": \"2025-12-29T02:07:13.000000Z\", \"approved_at\": \"2025-09-29T02:07:13.000000Z\", \"approved_by\": 1, \"kode_transaksi\": \"TRX-IN-000005\", \"tipe_transaksi\": \"masuk\", \"approval_status\": \"approved\", \"penanggung_jawab\": \"Supplier Utama\", \"tanggal_transaksi\": \"2025-09-29T00:00:00.000000Z\"}', '127.0.0.1', 'Symfony', '2025-12-29 02:07:13', '2025-12-29 02:07:13');
INSERT INTO `log_aktivitas` VALUES ('73', NULL, 'update', 'barang', '6', 'Mengubah data barang: vero illo consequatur (BRG000006)', '{\"after\": {\"id\": 6, \"merk\": \"Samsung\", \"satuan\": \"dus\", \"status\": \"hilang\", \"deskripsi\": \"Est quod minus optio omnis non.\", \"lokasi_id\": 5, \"created_at\": \"2025-12-29 02:07:12\", \"deleted_at\": null, \"updated_at\": \"2025-12-29 02:07:12\", \"jumlah_stok\": 242, \"kategori_id\": 3, \"kode_barang\": \"BRG000006\", \"nama_barang\": \"vero illo consequatur\", \"harga_satuan\": \"100369.00\", \"reorder_point\": 6, \"tanggal_pembelian\": \"2025-07-06\"}, \"before\": {\"id\": 6, \"merk\": \"Samsung\", \"satuan\": \"dus\", \"status\": \"hilang\", \"deskripsi\": \"Est quod minus optio omnis non.\", \"lokasi_id\": 5, \"created_at\": \"2025-12-29T02:07:12.000000Z\", \"deleted_at\": null, \"updated_at\": \"2025-12-29T02:07:12.000000Z\", \"jumlah_stok\": 142, \"kategori_id\": 3, \"kode_barang\": \"BRG000006\", \"nama_barang\": \"vero illo consequatur\", \"harga_satuan\": \"100369.00\", \"reorder_point\": 6, \"tanggal_pembelian\": \"2025-07-06T00:00:00.000000Z\"}}', '127.0.0.1', 'Symfony', '2025-12-29 02:07:13', '2025-12-29 02:07:13');
INSERT INTO `log_aktivitas` VALUES ('74', '3', 'create', 'transaksi_barang', '6', 'Transaksi masuk barang vero illo consequatur sejumlah 100 dus', '{\"id\": 6, \"barang\": {\"id\": 6, \"merk\": \"Samsung\", \"satuan\": \"dus\", \"status\": \"hilang\", \"deskripsi\": \"Est quod minus optio omnis non.\", \"lokasi_id\": 5, \"created_at\": \"2025-12-29T02:07:12.000000Z\", \"deleted_at\": null, \"updated_at\": \"2025-12-29T02:07:12.000000Z\", \"jumlah_stok\": 242, \"kategori_id\": 3, \"kode_barang\": \"BRG000006\", \"nama_barang\": \"vero illo consequatur\", \"harga_satuan\": \"100369.00\", \"reorder_point\": 6, \"tanggal_pembelian\": \"2025-07-06T00:00:00.000000Z\"}, \"jumlah\": 100, \"user_id\": 3, \"barang_id\": 6, \"created_at\": \"2025-12-29T02:07:13.000000Z\", \"keterangan\": \"Pengadaan barang dari supplier\", \"updated_at\": \"2025-12-29T02:07:13.000000Z\", \"approved_at\": \"2025-09-29T02:07:13.000000Z\", \"approved_by\": 1, \"kode_transaksi\": \"TRX-IN-000006\", \"tipe_transaksi\": \"masuk\", \"approval_status\": \"approved\", \"penanggung_jawab\": \"Supplier Utama\", \"tanggal_transaksi\": \"2025-09-29T00:00:00.000000Z\"}', '127.0.0.1', 'Symfony', '2025-12-29 02:07:13', '2025-12-29 02:07:13');
INSERT INTO `log_aktivitas` VALUES ('75', NULL, 'update', 'barang', '7', 'Mengubah data barang: sit odio sint (BRG000007)', '{\"after\": {\"id\": 7, \"merk\": \"HP\", \"satuan\": \"dus\", \"status\": \"hilang\", \"deskripsi\": \"Omnis est saepe et maxime qui et cupiditate.\", \"lokasi_id\": 5, \"created_at\": \"2025-12-29 02:07:12\", \"deleted_at\": null, \"updated_at\": \"2025-12-29 02:07:12\", \"jumlah_stok\": 122, \"kategori_id\": 7, \"kode_barang\": \"BRG000007\", \"nama_barang\": \"sit odio sint\", \"harga_satuan\": \"216811.00\", \"reorder_point\": 6, \"tanggal_pembelian\": \"2025-04-05\"}, \"before\": {\"id\": 7, \"merk\": \"HP\", \"satuan\": \"dus\", \"status\": \"hilang\", \"deskripsi\": \"Omnis est saepe et maxime qui et cupiditate.\", \"lokasi_id\": 5, \"created_at\": \"2025-12-29T02:07:12.000000Z\", \"deleted_at\": null, \"updated_at\": \"2025-12-29T02:07:12.000000Z\", \"jumlah_stok\": 22, \"kategori_id\": 7, \"kode_barang\": \"BRG000007\", \"nama_barang\": \"sit odio sint\", \"harga_satuan\": \"216811.00\", \"reorder_point\": 6, \"tanggal_pembelian\": \"2025-04-05T00:00:00.000000Z\"}}', '127.0.0.1', 'Symfony', '2025-12-29 02:07:13', '2025-12-29 02:07:13');
INSERT INTO `log_aktivitas` VALUES ('76', '3', 'create', 'transaksi_barang', '7', 'Transaksi masuk barang sit odio sint sejumlah 100 dus', '{\"id\": 7, \"barang\": {\"id\": 7, \"merk\": \"HP\", \"satuan\": \"dus\", \"status\": \"hilang\", \"deskripsi\": \"Omnis est saepe et maxime qui et cupiditate.\", \"lokasi_id\": 5, \"created_at\": \"2025-12-29T02:07:12.000000Z\", \"deleted_at\": null, \"updated_at\": \"2025-12-29T02:07:12.000000Z\", \"jumlah_stok\": 122, \"kategori_id\": 7, \"kode_barang\": \"BRG000007\", \"nama_barang\": \"sit odio sint\", \"harga_satuan\": \"216811.00\", \"reorder_point\": 6, \"tanggal_pembelian\": \"2025-04-05T00:00:00.000000Z\"}, \"jumlah\": 100, \"user_id\": 3, \"barang_id\": 7, \"created_at\": \"2025-12-29T02:07:13.000000Z\", \"keterangan\": \"Pengadaan barang dari supplier\", \"updated_at\": \"2025-12-29T02:07:13.000000Z\", \"approved_at\": \"2025-09-29T02:07:13.000000Z\", \"approved_by\": 3, \"kode_transaksi\": \"TRX-IN-000007\", \"tipe_transaksi\": \"masuk\", \"approval_status\": \"approved\", \"penanggung_jawab\": \"Supplier Utama\", \"tanggal_transaksi\": \"2025-09-29T00:00:00.000000Z\"}', '127.0.0.1', 'Symfony', '2025-12-29 02:07:13', '2025-12-29 02:07:13');
INSERT INTO `log_aktivitas` VALUES ('77', NULL, 'update', 'barang', '8', 'Mengubah data barang: nobis fugiat sint (BRG000008)', '{\"after\": {\"id\": 8, \"merk\": \"Epson\", \"satuan\": \"dus\", \"status\": \"rusak\", \"deskripsi\": \"Eveniet eius odio necessitatibus quisquam.\", \"lokasi_id\": 5, \"created_at\": \"2025-12-29 02:07:12\", \"deleted_at\": null, \"updated_at\": \"2025-12-29 02:07:12\", \"jumlah_stok\": 169, \"kategori_id\": 2, \"kode_barang\": \"BRG000008\", \"nama_barang\": \"nobis fugiat sint\", \"harga_satuan\": \"204025.00\", \"reorder_point\": 18, \"tanggal_pembelian\": \"2024-03-16\"}, \"before\": {\"id\": 8, \"merk\": \"Epson\", \"satuan\": \"dus\", \"status\": \"rusak\", \"deskripsi\": \"Eveniet eius odio necessitatibus quisquam.\", \"lokasi_id\": 5, \"created_at\": \"2025-12-29T02:07:12.000000Z\", \"deleted_at\": null, \"updated_at\": \"2025-12-29T02:07:12.000000Z\", \"jumlah_stok\": 69, \"kategori_id\": 2, \"kode_barang\": \"BRG000008\", \"nama_barang\": \"nobis fugiat sint\", \"harga_satuan\": \"204025.00\", \"reorder_point\": 18, \"tanggal_pembelian\": \"2024-03-16T00:00:00.000000Z\"}}', '127.0.0.1', 'Symfony', '2025-12-29 02:07:13', '2025-12-29 02:07:13');
INSERT INTO `log_aktivitas` VALUES ('78', '1', 'create', 'transaksi_barang', '8', 'Transaksi masuk barang nobis fugiat sint sejumlah 100 dus', '{\"id\": 8, \"barang\": {\"id\": 8, \"merk\": \"Epson\", \"satuan\": \"dus\", \"status\": \"rusak\", \"deskripsi\": \"Eveniet eius odio necessitatibus quisquam.\", \"lokasi_id\": 5, \"created_at\": \"2025-12-29T02:07:12.000000Z\", \"deleted_at\": null, \"updated_at\": \"2025-12-29T02:07:12.000000Z\", \"jumlah_stok\": 169, \"kategori_id\": 2, \"kode_barang\": \"BRG000008\", \"nama_barang\": \"nobis fugiat sint\", \"harga_satuan\": \"204025.00\", \"reorder_point\": 18, \"tanggal_pembelian\": \"2024-03-16T00:00:00.000000Z\"}, \"jumlah\": 100, \"user_id\": 1, \"barang_id\": 8, \"created_at\": \"2025-12-29T02:07:13.000000Z\", \"keterangan\": \"Pengadaan barang dari supplier\", \"updated_at\": \"2025-12-29T02:07:13.000000Z\", \"approved_at\": \"2025-09-29T02:07:13.000000Z\", \"approved_by\": 1, \"kode_transaksi\": \"TRX-IN-000008\", \"tipe_transaksi\": \"masuk\", \"approval_status\": \"approved\", \"penanggung_jawab\": \"Supplier Utama\", \"tanggal_transaksi\": \"2025-09-29T00:00:00.000000Z\"}', '127.0.0.1', 'Symfony', '2025-12-29 02:07:13', '2025-12-29 02:07:13');
INSERT INTO `log_aktivitas` VALUES ('79', NULL, 'update', 'barang', '9', 'Mengubah data barang: eligendi provident neque (BRG000009)', '{\"after\": {\"id\": 9, \"merk\": \"Canon\", \"satuan\": \"rim\", \"status\": \"baik\", \"deskripsi\": \"Repellendus quia voluptas sed aut nostrum.\", \"lokasi_id\": 4, \"created_at\": \"2025-12-29 02:07:12\", \"deleted_at\": null, \"updated_at\": \"2025-12-29 02:07:12\", \"jumlah_stok\": 227, \"kategori_id\": 4, \"kode_barang\": \"BRG000009\", \"nama_barang\": \"eligendi provident neque\", \"harga_satuan\": \"441453.00\", \"reorder_point\": 14, \"tanggal_pembelian\": \"2024-06-24\"}, \"before\": {\"id\": 9, \"merk\": \"Canon\", \"satuan\": \"rim\", \"status\": \"baik\", \"deskripsi\": \"Repellendus quia voluptas sed aut nostrum.\", \"lokasi_id\": 4, \"created_at\": \"2025-12-29T02:07:12.000000Z\", \"deleted_at\": null, \"updated_at\": \"2025-12-29T02:07:12.000000Z\", \"jumlah_stok\": 127, \"kategori_id\": 4, \"kode_barang\": \"BRG000009\", \"nama_barang\": \"eligendi provident neque\", \"harga_satuan\": \"441453.00\", \"reorder_point\": 14, \"tanggal_pembelian\": \"2024-06-24T00:00:00.000000Z\"}}', '127.0.0.1', 'Symfony', '2025-12-29 02:07:13', '2025-12-29 02:07:13');
INSERT INTO `log_aktivitas` VALUES ('80', '1', 'create', 'transaksi_barang', '9', 'Transaksi masuk barang eligendi provident neque sejumlah 100 rim', '{\"id\": 9, \"barang\": {\"id\": 9, \"merk\": \"Canon\", \"satuan\": \"rim\", \"status\": \"baik\", \"deskripsi\": \"Repellendus quia voluptas sed aut nostrum.\", \"lokasi_id\": 4, \"created_at\": \"2025-12-29T02:07:12.000000Z\", \"deleted_at\": null, \"updated_at\": \"2025-12-29T02:07:12.000000Z\", \"jumlah_stok\": 227, \"kategori_id\": 4, \"kode_barang\": \"BRG000009\", \"nama_barang\": \"eligendi provident neque\", \"harga_satuan\": \"441453.00\", \"reorder_point\": 14, \"tanggal_pembelian\": \"2024-06-24T00:00:00.000000Z\"}, \"jumlah\": 100, \"user_id\": 1, \"barang_id\": 9, \"created_at\": \"2025-12-29T02:07:13.000000Z\", \"keterangan\": \"Pengadaan barang dari supplier\", \"updated_at\": \"2025-12-29T02:07:13.000000Z\", \"approved_at\": \"2025-09-29T02:07:13.000000Z\", \"approved_by\": 2, \"kode_transaksi\": \"TRX-IN-000009\", \"tipe_transaksi\": \"masuk\", \"approval_status\": \"approved\", \"penanggung_jawab\": \"Supplier Utama\", \"tanggal_transaksi\": \"2025-09-29T00:00:00.000000Z\"}', '127.0.0.1', 'Symfony', '2025-12-29 02:07:13', '2025-12-29 02:07:13');
INSERT INTO `log_aktivitas` VALUES ('81', NULL, 'update', 'barang', '10', 'Mengubah data barang: delectus omnis molestiae (BRG000010)', '{\"after\": {\"id\": 10, \"merk\": \"HP\", \"satuan\": \"rim\", \"status\": \"baik\", \"deskripsi\": \"Et adipisci consequatur minus minus omnis.\", \"lokasi_id\": 2, \"created_at\": \"2025-12-29 02:07:12\", \"deleted_at\": null, \"updated_at\": \"2025-12-29 02:07:12\", \"jumlah_stok\": 207, \"kategori_id\": 6, \"kode_barang\": \"BRG000010\", \"nama_barang\": \"delectus omnis molestiae\", \"harga_satuan\": \"230047.00\", \"reorder_point\": 6, \"tanggal_pembelian\": \"2025-05-28\"}, \"before\": {\"id\": 10, \"merk\": \"HP\", \"satuan\": \"rim\", \"status\": \"baik\", \"deskripsi\": \"Et adipisci consequatur minus minus omnis.\", \"lokasi_id\": 2, \"created_at\": \"2025-12-29T02:07:12.000000Z\", \"deleted_at\": null, \"updated_at\": \"2025-12-29T02:07:12.000000Z\", \"jumlah_stok\": 107, \"kategori_id\": 6, \"kode_barang\": \"BRG000010\", \"nama_barang\": \"delectus omnis molestiae\", \"harga_satuan\": \"230047.00\", \"reorder_point\": 6, \"tanggal_pembelian\": \"2025-05-28T00:00:00.000000Z\"}}', '127.0.0.1', 'Symfony', '2025-12-29 02:07:13', '2025-12-29 02:07:13');
INSERT INTO `log_aktivitas` VALUES ('82', '3', 'create', 'transaksi_barang', '10', 'Transaksi masuk barang delectus omnis molestiae sejumlah 100 rim', '{\"id\": 10, \"barang\": {\"id\": 10, \"merk\": \"HP\", \"satuan\": \"rim\", \"status\": \"baik\", \"deskripsi\": \"Et adipisci consequatur minus minus omnis.\", \"lokasi_id\": 2, \"created_at\": \"2025-12-29T02:07:12.000000Z\", \"deleted_at\": null, \"updated_at\": \"2025-12-29T02:07:12.000000Z\", \"jumlah_stok\": 207, \"kategori_id\": 6, \"kode_barang\": \"BRG000010\", \"nama_barang\": \"delectus omnis molestiae\", \"harga_satuan\": \"230047.00\", \"reorder_point\": 6, \"tanggal_pembelian\": \"2025-05-28T00:00:00.000000Z\"}, \"jumlah\": 100, \"user_id\": 3, \"barang_id\": 10, \"created_at\": \"2025-12-29T02:07:13.000000Z\", \"keterangan\": \"Pengadaan barang dari supplier\", \"updated_at\": \"2025-12-29T02:07:13.000000Z\", \"approved_at\": \"2025-09-29T02:07:13.000000Z\", \"approved_by\": 3, \"kode_transaksi\": \"TRX-IN-000010\", \"tipe_transaksi\": \"masuk\", \"approval_status\": \"approved\", \"penanggung_jawab\": \"Supplier Utama\", \"tanggal_transaksi\": \"2025-09-29T00:00:00.000000Z\"}', '127.0.0.1', 'Symfony', '2025-12-29 02:07:13', '2025-12-29 02:07:13');
INSERT INTO `log_aktivitas` VALUES ('83', NULL, 'update', 'barang', '11', 'Mengubah data barang: sunt odio esse (BRG000011)', '{\"after\": {\"id\": 11, \"merk\": \"Brother\", \"satuan\": \"pcs\", \"status\": \"rusak\", \"deskripsi\": \"Earum neque vero voluptatem consequatur adipisci eligendi ipsum in.\", \"lokasi_id\": 1, \"created_at\": \"2025-12-29 02:07:12\", \"deleted_at\": null, \"updated_at\": \"2025-12-29 02:07:12\", \"jumlah_stok\": 252, \"kategori_id\": 5, \"kode_barang\": \"BRG000011\", \"nama_barang\": \"sunt odio esse\", \"harga_satuan\": \"409524.00\", \"reorder_point\": 14, \"tanggal_pembelian\": \"2025-10-30\"}, \"before\": {\"id\": 11, \"merk\": \"Brother\", \"satuan\": \"pcs\", \"status\": \"rusak\", \"deskripsi\": \"Earum neque vero voluptatem consequatur adipisci eligendi ipsum in.\", \"lokasi_id\": 1, \"created_at\": \"2025-12-29T02:07:12.000000Z\", \"deleted_at\": null, \"updated_at\": \"2025-12-29T02:07:12.000000Z\", \"jumlah_stok\": 152, \"kategori_id\": 5, \"kode_barang\": \"BRG000011\", \"nama_barang\": \"sunt odio esse\", \"harga_satuan\": \"409524.00\", \"reorder_point\": 14, \"tanggal_pembelian\": \"2025-10-30T00:00:00.000000Z\"}}', '127.0.0.1', 'Symfony', '2025-12-29 02:07:13', '2025-12-29 02:07:13');
INSERT INTO `log_aktivitas` VALUES ('84', '1', 'create', 'transaksi_barang', '11', 'Transaksi masuk barang sunt odio esse sejumlah 100 pcs', '{\"id\": 11, \"barang\": {\"id\": 11, \"merk\": \"Brother\", \"satuan\": \"pcs\", \"status\": \"rusak\", \"deskripsi\": \"Earum neque vero voluptatem consequatur adipisci eligendi ipsum in.\", \"lokasi_id\": 1, \"created_at\": \"2025-12-29T02:07:12.000000Z\", \"deleted_at\": null, \"updated_at\": \"2025-12-29T02:07:12.000000Z\", \"jumlah_stok\": 252, \"kategori_id\": 5, \"kode_barang\": \"BRG000011\", \"nama_barang\": \"sunt odio esse\", \"harga_satuan\": \"409524.00\", \"reorder_point\": 14, \"tanggal_pembelian\": \"2025-10-30T00:00:00.000000Z\"}, \"jumlah\": 100, \"user_id\": 1, \"barang_id\": 11, \"created_at\": \"2025-12-29T02:07:13.000000Z\", \"keterangan\": \"Pengadaan barang dari supplier\", \"updated_at\": \"2025-12-29T02:07:13.000000Z\", \"approved_at\": \"2025-09-29T02:07:13.000000Z\", \"approved_by\": 1, \"kode_transaksi\": \"TRX-IN-000011\", \"tipe_transaksi\": \"masuk\", \"approval_status\": \"approved\", \"penanggung_jawab\": \"Supplier Utama\", \"tanggal_transaksi\": \"2025-09-29T00:00:00.000000Z\"}', '127.0.0.1', 'Symfony', '2025-12-29 02:07:13', '2025-12-29 02:07:13');
INSERT INTO `log_aktivitas` VALUES ('85', NULL, 'update', 'barang', '12', 'Mengubah data barang: quis sit inventore (BRG000012)', '{\"after\": {\"id\": 12, \"merk\": \"Brother\", \"satuan\": \"dus\", \"status\": \"rusak\", \"deskripsi\": \"Ratione repellendus fuga doloribus ullam vel voluptatibus.\", \"lokasi_id\": 5, \"created_at\": \"2025-12-29 02:07:12\", \"deleted_at\": null, \"updated_at\": \"2025-12-29 02:07:12\", \"jumlah_stok\": 293, \"kategori_id\": 4, \"kode_barang\": \"BRG000012\", \"nama_barang\": \"quis sit inventore\", \"harga_satuan\": \"497100.00\", \"reorder_point\": 18, \"tanggal_pembelian\": \"2024-04-01\"}, \"before\": {\"id\": 12, \"merk\": \"Brother\", \"satuan\": \"dus\", \"status\": \"rusak\", \"deskripsi\": \"Ratione repellendus fuga doloribus ullam vel voluptatibus.\", \"lokasi_id\": 5, \"created_at\": \"2025-12-29T02:07:12.000000Z\", \"deleted_at\": null, \"updated_at\": \"2025-12-29T02:07:12.000000Z\", \"jumlah_stok\": 193, \"kategori_id\": 4, \"kode_barang\": \"BRG000012\", \"nama_barang\": \"quis sit inventore\", \"harga_satuan\": \"497100.00\", \"reorder_point\": 18, \"tanggal_pembelian\": \"2024-04-01T00:00:00.000000Z\"}}', '127.0.0.1', 'Symfony', '2025-12-29 02:07:13', '2025-12-29 02:07:13');
INSERT INTO `log_aktivitas` VALUES ('86', '2', 'create', 'transaksi_barang', '12', 'Transaksi masuk barang quis sit inventore sejumlah 100 dus', '{\"id\": 12, \"barang\": {\"id\": 12, \"merk\": \"Brother\", \"satuan\": \"dus\", \"status\": \"rusak\", \"deskripsi\": \"Ratione repellendus fuga doloribus ullam vel voluptatibus.\", \"lokasi_id\": 5, \"created_at\": \"2025-12-29T02:07:12.000000Z\", \"deleted_at\": null, \"updated_at\": \"2025-12-29T02:07:12.000000Z\", \"jumlah_stok\": 293, \"kategori_id\": 4, \"kode_barang\": \"BRG000012\", \"nama_barang\": \"quis sit inventore\", \"harga_satuan\": \"497100.00\", \"reorder_point\": 18, \"tanggal_pembelian\": \"2024-04-01T00:00:00.000000Z\"}, \"jumlah\": 100, \"user_id\": 2, \"barang_id\": 12, \"created_at\": \"2025-12-29T02:07:13.000000Z\", \"keterangan\": \"Pengadaan barang dari supplier\", \"updated_at\": \"2025-12-29T02:07:13.000000Z\", \"approved_at\": \"2025-09-29T02:07:13.000000Z\", \"approved_by\": 3, \"kode_transaksi\": \"TRX-IN-000012\", \"tipe_transaksi\": \"masuk\", \"approval_status\": \"approved\", \"penanggung_jawab\": \"Supplier Utama\", \"tanggal_transaksi\": \"2025-09-29T00:00:00.000000Z\"}', '127.0.0.1', 'Symfony', '2025-12-29 02:07:13', '2025-12-29 02:07:13');
INSERT INTO `log_aktivitas` VALUES ('87', NULL, 'update', 'barang', '13', 'Mengubah data barang: optio reprehenderit necessitatibus (BRG000013)', '{\"after\": {\"id\": 13, \"merk\": \"Epson\", \"satuan\": \"unit\", \"status\": \"hilang\", \"deskripsi\": \"Ut nostrum voluptatem dolore labore sunt occaecati sed.\", \"lokasi_id\": 2, \"created_at\": \"2025-12-29 02:07:12\", \"deleted_at\": null, \"updated_at\": \"2025-12-29 02:07:12\", \"jumlah_stok\": 287, \"kategori_id\": 1, \"kode_barang\": \"BRG000013\", \"nama_barang\": \"optio reprehenderit necessitatibus\", \"harga_satuan\": \"423121.00\", \"reorder_point\": 13, \"tanggal_pembelian\": \"2025-11-10\"}, \"before\": {\"id\": 13, \"merk\": \"Epson\", \"satuan\": \"unit\", \"status\": \"hilang\", \"deskripsi\": \"Ut nostrum voluptatem dolore labore sunt occaecati sed.\", \"lokasi_id\": 2, \"created_at\": \"2025-12-29T02:07:12.000000Z\", \"deleted_at\": null, \"updated_at\": \"2025-12-29T02:07:12.000000Z\", \"jumlah_stok\": 187, \"kategori_id\": 1, \"kode_barang\": \"BRG000013\", \"nama_barang\": \"optio reprehenderit necessitatibus\", \"harga_satuan\": \"423121.00\", \"reorder_point\": 13, \"tanggal_pembelian\": \"2025-11-10T00:00:00.000000Z\"}}', '127.0.0.1', 'Symfony', '2025-12-29 02:07:13', '2025-12-29 02:07:13');
INSERT INTO `log_aktivitas` VALUES ('88', '1', 'create', 'transaksi_barang', '13', 'Transaksi masuk barang optio reprehenderit necessitatibus sejumlah 100 unit', '{\"id\": 13, \"barang\": {\"id\": 13, \"merk\": \"Epson\", \"satuan\": \"unit\", \"status\": \"hilang\", \"deskripsi\": \"Ut nostrum voluptatem dolore labore sunt occaecati sed.\", \"lokasi_id\": 2, \"created_at\": \"2025-12-29T02:07:12.000000Z\", \"deleted_at\": null, \"updated_at\": \"2025-12-29T02:07:12.000000Z\", \"jumlah_stok\": 287, \"kategori_id\": 1, \"kode_barang\": \"BRG000013\", \"nama_barang\": \"optio reprehenderit necessitatibus\", \"harga_satuan\": \"423121.00\", \"reorder_point\": 13, \"tanggal_pembelian\": \"2025-11-10T00:00:00.000000Z\"}, \"jumlah\": 100, \"user_id\": 1, \"barang_id\": 13, \"created_at\": \"2025-12-29T02:07:13.000000Z\", \"keterangan\": \"Pengadaan barang dari supplier\", \"updated_at\": \"2025-12-29T02:07:13.000000Z\", \"approved_at\": \"2025-09-29T02:07:13.000000Z\", \"approved_by\": 2, \"kode_transaksi\": \"TRX-IN-000013\", \"tipe_transaksi\": \"masuk\", \"approval_status\": \"approved\", \"penanggung_jawab\": \"Supplier Utama\", \"tanggal_transaksi\": \"2025-09-29T00:00:00.000000Z\"}', '127.0.0.1', 'Symfony', '2025-12-29 02:07:13', '2025-12-29 02:07:13');
INSERT INTO `log_aktivitas` VALUES ('89', NULL, 'update', 'barang', '14', 'Mengubah data barang: commodi maxime fugiat (BRG000014)', '{\"after\": {\"id\": 14, \"merk\": \"Canon\", \"satuan\": \"box\", \"status\": \"hilang\", \"deskripsi\": \"Enim natus reprehenderit id est delectus eaque qui quo.\", \"lokasi_id\": 4, \"created_at\": \"2025-12-29 02:07:12\", \"deleted_at\": null, \"updated_at\": \"2025-12-29 02:07:12\", \"jumlah_stok\": 241, \"kategori_id\": 6, \"kode_barang\": \"BRG000014\", \"nama_barang\": \"commodi maxime fugiat\", \"harga_satuan\": \"339423.00\", \"reorder_point\": 11, \"tanggal_pembelian\": \"2024-12-21\"}, \"before\": {\"id\": 14, \"merk\": \"Canon\", \"satuan\": \"box\", \"status\": \"hilang\", \"deskripsi\": \"Enim natus reprehenderit id est delectus eaque qui quo.\", \"lokasi_id\": 4, \"created_at\": \"2025-12-29T02:07:12.000000Z\", \"deleted_at\": null, \"updated_at\": \"2025-12-29T02:07:12.000000Z\", \"jumlah_stok\": 141, \"kategori_id\": 6, \"kode_barang\": \"BRG000014\", \"nama_barang\": \"commodi maxime fugiat\", \"harga_satuan\": \"339423.00\", \"reorder_point\": 11, \"tanggal_pembelian\": \"2024-12-21T00:00:00.000000Z\"}}', '127.0.0.1', 'Symfony', '2025-12-29 02:07:13', '2025-12-29 02:07:13');
INSERT INTO `log_aktivitas` VALUES ('90', '2', 'create', 'transaksi_barang', '14', 'Transaksi masuk barang commodi maxime fugiat sejumlah 100 box', '{\"id\": 14, \"barang\": {\"id\": 14, \"merk\": \"Canon\", \"satuan\": \"box\", \"status\": \"hilang\", \"deskripsi\": \"Enim natus reprehenderit id est delectus eaque qui quo.\", \"lokasi_id\": 4, \"created_at\": \"2025-12-29T02:07:12.000000Z\", \"deleted_at\": null, \"updated_at\": \"2025-12-29T02:07:12.000000Z\", \"jumlah_stok\": 241, \"kategori_id\": 6, \"kode_barang\": \"BRG000014\", \"nama_barang\": \"commodi maxime fugiat\", \"harga_satuan\": \"339423.00\", \"reorder_point\": 11, \"tanggal_pembelian\": \"2024-12-21T00:00:00.000000Z\"}, \"jumlah\": 100, \"user_id\": 2, \"barang_id\": 14, \"created_at\": \"2025-12-29T02:07:13.000000Z\", \"keterangan\": \"Pengadaan barang dari supplier\", \"updated_at\": \"2025-12-29T02:07:13.000000Z\", \"approved_at\": \"2025-09-29T02:07:13.000000Z\", \"approved_by\": 1, \"kode_transaksi\": \"TRX-IN-000014\", \"tipe_transaksi\": \"masuk\", \"approval_status\": \"approved\", \"penanggung_jawab\": \"Supplier Utama\", \"tanggal_transaksi\": \"2025-09-29T00:00:00.000000Z\"}', '127.0.0.1', 'Symfony', '2025-12-29 02:07:13', '2025-12-29 02:07:13');
INSERT INTO `log_aktivitas` VALUES ('91', NULL, 'update', 'barang', '15', 'Mengubah data barang: suscipit enim modi (BRG000015)', '{\"after\": {\"id\": 15, \"merk\": \"Brother\", \"satuan\": \"unit\", \"status\": \"rusak\", \"deskripsi\": \"Vel voluptas ut consequatur.\", \"lokasi_id\": 1, \"created_at\": \"2025-12-29 02:07:12\", \"deleted_at\": null, \"updated_at\": \"2025-12-29 02:07:12\", \"jumlah_stok\": 140, \"kategori_id\": 2, \"kode_barang\": \"BRG000015\", \"nama_barang\": \"suscipit enim modi\", \"harga_satuan\": \"14251.00\", \"reorder_point\": 18, \"tanggal_pembelian\": \"2024-04-29\"}, \"before\": {\"id\": 15, \"merk\": \"Brother\", \"satuan\": \"unit\", \"status\": \"rusak\", \"deskripsi\": \"Vel voluptas ut consequatur.\", \"lokasi_id\": 1, \"created_at\": \"2025-12-29T02:07:12.000000Z\", \"deleted_at\": null, \"updated_at\": \"2025-12-29T02:07:12.000000Z\", \"jumlah_stok\": 40, \"kategori_id\": 2, \"kode_barang\": \"BRG000015\", \"nama_barang\": \"suscipit enim modi\", \"harga_satuan\": \"14251.00\", \"reorder_point\": 18, \"tanggal_pembelian\": \"2024-04-29T00:00:00.000000Z\"}}', '127.0.0.1', 'Symfony', '2025-12-29 02:07:13', '2025-12-29 02:07:13');
INSERT INTO `log_aktivitas` VALUES ('92', '3', 'create', 'transaksi_barang', '15', 'Transaksi masuk barang suscipit enim modi sejumlah 100 unit', '{\"id\": 15, \"barang\": {\"id\": 15, \"merk\": \"Brother\", \"satuan\": \"unit\", \"status\": \"rusak\", \"deskripsi\": \"Vel voluptas ut consequatur.\", \"lokasi_id\": 1, \"created_at\": \"2025-12-29T02:07:12.000000Z\", \"deleted_at\": null, \"updated_at\": \"2025-12-29T02:07:12.000000Z\", \"jumlah_stok\": 140, \"kategori_id\": 2, \"kode_barang\": \"BRG000015\", \"nama_barang\": \"suscipit enim modi\", \"harga_satuan\": \"14251.00\", \"reorder_point\": 18, \"tanggal_pembelian\": \"2024-04-29T00:00:00.000000Z\"}, \"jumlah\": 100, \"user_id\": 3, \"barang_id\": 15, \"created_at\": \"2025-12-29T02:07:13.000000Z\", \"keterangan\": \"Pengadaan barang dari supplier\", \"updated_at\": \"2025-12-29T02:07:13.000000Z\", \"approved_at\": \"2025-09-29T02:07:13.000000Z\", \"approved_by\": 1, \"kode_transaksi\": \"TRX-IN-000015\", \"tipe_transaksi\": \"masuk\", \"approval_status\": \"approved\", \"penanggung_jawab\": \"Supplier Utama\", \"tanggal_transaksi\": \"2025-09-29T00:00:00.000000Z\"}', '127.0.0.1', 'Symfony', '2025-12-29 02:07:13', '2025-12-29 02:07:13');
INSERT INTO `log_aktivitas` VALUES ('93', NULL, 'update', 'barang', '1', 'Mengubah data barang: esse ducimus doloremque (BRG000001)', '{\"after\": {\"id\": 1, \"merk\": \"HP\", \"satuan\": \"kg\", \"status\": \"rusak\", \"deskripsi\": \"Est reiciendis dolor totam mollitia.\", \"lokasi_id\": 5, \"created_at\": \"2025-12-29 02:07:12\", \"deleted_at\": null, \"updated_at\": \"2025-12-29 02:07:13\", \"jumlah_stok\": 117, \"kategori_id\": 3, \"kode_barang\": \"BRG000001\", \"nama_barang\": \"esse ducimus doloremque\", \"harga_satuan\": \"320770.00\", \"reorder_point\": 6, \"tanggal_pembelian\": \"2025-03-16\"}, \"before\": {\"id\": 1, \"merk\": \"HP\", \"satuan\": \"kg\", \"status\": \"rusak\", \"deskripsi\": \"Est reiciendis dolor totam mollitia.\", \"lokasi_id\": 5, \"created_at\": \"2025-12-29T02:07:12.000000Z\", \"deleted_at\": null, \"updated_at\": \"2025-12-29T02:07:13.000000Z\", \"jumlah_stok\": 132, \"kategori_id\": 3, \"kode_barang\": \"BRG000001\", \"nama_barang\": \"esse ducimus doloremque\", \"harga_satuan\": \"320770.00\", \"reorder_point\": 6, \"tanggal_pembelian\": \"2025-03-16T00:00:00.000000Z\"}}', '127.0.0.1', 'Symfony', '2025-12-29 02:07:13', '2025-12-29 02:07:13');
INSERT INTO `log_aktivitas` VALUES ('94', '3', 'create', 'transaksi_barang', '16', 'Transaksi keluar barang esse ducimus doloremque sejumlah 15 kg', '{\"id\": 16, \"barang\": {\"id\": 1, \"merk\": \"HP\", \"satuan\": \"kg\", \"status\": \"rusak\", \"deskripsi\": \"Est reiciendis dolor totam mollitia.\", \"lokasi_id\": 5, \"created_at\": \"2025-12-29T02:07:12.000000Z\", \"deleted_at\": null, \"updated_at\": \"2025-12-29T02:07:13.000000Z\", \"jumlah_stok\": 117, \"kategori_id\": 3, \"kode_barang\": \"BRG000001\", \"nama_barang\": \"esse ducimus doloremque\", \"harga_satuan\": \"320770.00\", \"reorder_point\": 6, \"tanggal_pembelian\": \"2025-03-16T00:00:00.000000Z\"}, \"jumlah\": 15, \"user_id\": 3, \"barang_id\": 1, \"created_at\": \"2025-12-29T02:07:13.000000Z\", \"keterangan\": \"Pengeluaran barang untuk kegiatan\", \"updated_at\": \"2025-12-29T02:07:13.000000Z\", \"approved_at\": \"2025-10-29T02:07:13.000000Z\", \"approved_by\": 3, \"kode_transaksi\": \"TRX-OUT-000001\", \"tipe_transaksi\": \"keluar\", \"approval_status\": \"approved\", \"penanggung_jawab\": \"Petugas Inventaris\", \"tanggal_transaksi\": \"2025-10-29T00:00:00.000000Z\"}', '127.0.0.1', 'Symfony', '2025-12-29 02:07:13', '2025-12-29 02:07:13');
INSERT INTO `log_aktivitas` VALUES ('95', NULL, 'update', 'barang', '2', 'Mengubah data barang: rerum minus aut (BRG000002)', '{\"after\": {\"id\": 2, \"merk\": \"LG\", \"satuan\": \"dus\", \"status\": \"rusak\", \"deskripsi\": \"Est architecto sunt nihil animi et.\", \"lokasi_id\": 5, \"created_at\": \"2025-12-29 02:07:12\", \"deleted_at\": null, \"updated_at\": \"2025-12-29 02:07:13\", \"jumlah_stok\": 239, \"kategori_id\": 5, \"kode_barang\": \"BRG000002\", \"nama_barang\": \"rerum minus aut\", \"harga_satuan\": \"400022.00\", \"reorder_point\": 8, \"tanggal_pembelian\": \"2024-06-15\"}, \"before\": {\"id\": 2, \"merk\": \"LG\", \"satuan\": \"dus\", \"status\": \"rusak\", \"deskripsi\": \"Est architecto sunt nihil animi et.\", \"lokasi_id\": 5, \"created_at\": \"2025-12-29T02:07:12.000000Z\", \"deleted_at\": null, \"updated_at\": \"2025-12-29T02:07:13.000000Z\", \"jumlah_stok\": 254, \"kategori_id\": 5, \"kode_barang\": \"BRG000002\", \"nama_barang\": \"rerum minus aut\", \"harga_satuan\": \"400022.00\", \"reorder_point\": 8, \"tanggal_pembelian\": \"2024-06-15T00:00:00.000000Z\"}}', '127.0.0.1', 'Symfony', '2025-12-29 02:07:13', '2025-12-29 02:07:13');
INSERT INTO `log_aktivitas` VALUES ('96', '2', 'create', 'transaksi_barang', '17', 'Transaksi keluar barang rerum minus aut sejumlah 15 dus', '{\"id\": 17, \"barang\": {\"id\": 2, \"merk\": \"LG\", \"satuan\": \"dus\", \"status\": \"rusak\", \"deskripsi\": \"Est architecto sunt nihil animi et.\", \"lokasi_id\": 5, \"created_at\": \"2025-12-29T02:07:12.000000Z\", \"deleted_at\": null, \"updated_at\": \"2025-12-29T02:07:13.000000Z\", \"jumlah_stok\": 239, \"kategori_id\": 5, \"kode_barang\": \"BRG000002\", \"nama_barang\": \"rerum minus aut\", \"harga_satuan\": \"400022.00\", \"reorder_point\": 8, \"tanggal_pembelian\": \"2024-06-15T00:00:00.000000Z\"}, \"jumlah\": 15, \"user_id\": 2, \"barang_id\": 2, \"created_at\": \"2025-12-29T02:07:13.000000Z\", \"keterangan\": \"Pengeluaran barang untuk kegiatan\", \"updated_at\": \"2025-12-29T02:07:13.000000Z\", \"approved_at\": \"2025-10-29T02:07:13.000000Z\", \"approved_by\": 2, \"kode_transaksi\": \"TRX-OUT-000002\", \"tipe_transaksi\": \"keluar\", \"approval_status\": \"approved\", \"penanggung_jawab\": \"Petugas Inventaris\", \"tanggal_transaksi\": \"2025-10-29T00:00:00.000000Z\"}', '127.0.0.1', 'Symfony', '2025-12-29 02:07:13', '2025-12-29 02:07:13');
INSERT INTO `log_aktivitas` VALUES ('97', NULL, 'update', 'barang', '3', 'Mengubah data barang: quas facere earum (BRG000003)', '{\"after\": {\"id\": 3, \"merk\": \"HP\", \"satuan\": \"pcs\", \"status\": \"baik\", \"deskripsi\": \"Blanditiis dignissimos nemo eaque doloribus.\", \"lokasi_id\": 4, \"created_at\": \"2025-12-29 02:07:12\", \"deleted_at\": null, \"updated_at\": \"2025-12-29 02:07:13\", \"jumlah_stok\": 144, \"kategori_id\": 1, \"kode_barang\": \"BRG000003\", \"nama_barang\": \"quas facere earum\", \"harga_satuan\": \"158855.00\", \"reorder_point\": 14, \"tanggal_pembelian\": \"2025-09-06\"}, \"before\": {\"id\": 3, \"merk\": \"HP\", \"satuan\": \"pcs\", \"status\": \"baik\", \"deskripsi\": \"Blanditiis dignissimos nemo eaque doloribus.\", \"lokasi_id\": 4, \"created_at\": \"2025-12-29T02:07:12.000000Z\", \"deleted_at\": null, \"updated_at\": \"2025-12-29T02:07:13.000000Z\", \"jumlah_stok\": 159, \"kategori_id\": 1, \"kode_barang\": \"BRG000003\", \"nama_barang\": \"quas facere earum\", \"harga_satuan\": \"158855.00\", \"reorder_point\": 14, \"tanggal_pembelian\": \"2025-09-06T00:00:00.000000Z\"}}', '127.0.0.1', 'Symfony', '2025-12-29 02:07:13', '2025-12-29 02:07:13');
INSERT INTO `log_aktivitas` VALUES ('98', '1', 'create', 'transaksi_barang', '18', 'Transaksi keluar barang quas facere earum sejumlah 15 pcs', '{\"id\": 18, \"barang\": {\"id\": 3, \"merk\": \"HP\", \"satuan\": \"pcs\", \"status\": \"baik\", \"deskripsi\": \"Blanditiis dignissimos nemo eaque doloribus.\", \"lokasi_id\": 4, \"created_at\": \"2025-12-29T02:07:12.000000Z\", \"deleted_at\": null, \"updated_at\": \"2025-12-29T02:07:13.000000Z\", \"jumlah_stok\": 144, \"kategori_id\": 1, \"kode_barang\": \"BRG000003\", \"nama_barang\": \"quas facere earum\", \"harga_satuan\": \"158855.00\", \"reorder_point\": 14, \"tanggal_pembelian\": \"2025-09-06T00:00:00.000000Z\"}, \"jumlah\": 15, \"user_id\": 1, \"barang_id\": 3, \"created_at\": \"2025-12-29T02:07:13.000000Z\", \"keterangan\": \"Pengeluaran barang untuk kegiatan\", \"updated_at\": \"2025-12-29T02:07:13.000000Z\", \"approved_at\": \"2025-10-29T02:07:13.000000Z\", \"approved_by\": 1, \"kode_transaksi\": \"TRX-OUT-000003\", \"tipe_transaksi\": \"keluar\", \"approval_status\": \"approved\", \"penanggung_jawab\": \"Petugas Inventaris\", \"tanggal_transaksi\": \"2025-10-29T00:00:00.000000Z\"}', '127.0.0.1', 'Symfony', '2025-12-29 02:07:13', '2025-12-29 02:07:13');
INSERT INTO `log_aktivitas` VALUES ('99', NULL, 'update', 'barang', '4', 'Mengubah data barang: at a nihil (BRG000004)', '{\"after\": {\"id\": 4, \"merk\": \"Samsung\", \"satuan\": \"box\", \"status\": \"hilang\", \"deskripsi\": \"At sit omnis sed quis.\", \"lokasi_id\": 4, \"created_at\": \"2025-12-29 02:07:12\", \"deleted_at\": null, \"updated_at\": \"2025-12-29 02:07:13\", \"jumlah_stok\": 191, \"kategori_id\": 5, \"kode_barang\": \"BRG000004\", \"nama_barang\": \"at a nihil\", \"harga_satuan\": \"182989.00\", \"reorder_point\": 8, \"tanggal_pembelian\": \"2025-07-22\"}, \"before\": {\"id\": 4, \"merk\": \"Samsung\", \"satuan\": \"box\", \"status\": \"hilang\", \"deskripsi\": \"At sit omnis sed quis.\", \"lokasi_id\": 4, \"created_at\": \"2025-12-29T02:07:12.000000Z\", \"deleted_at\": null, \"updated_at\": \"2025-12-29T02:07:13.000000Z\", \"jumlah_stok\": 206, \"kategori_id\": 5, \"kode_barang\": \"BRG000004\", \"nama_barang\": \"at a nihil\", \"harga_satuan\": \"182989.00\", \"reorder_point\": 8, \"tanggal_pembelian\": \"2025-07-22T00:00:00.000000Z\"}}', '127.0.0.1', 'Symfony', '2025-12-29 02:07:13', '2025-12-29 02:07:13');
INSERT INTO `log_aktivitas` VALUES ('100', '1', 'create', 'transaksi_barang', '19', 'Transaksi keluar barang at a nihil sejumlah 15 box', '{\"id\": 19, \"barang\": {\"id\": 4, \"merk\": \"Samsung\", \"satuan\": \"box\", \"status\": \"hilang\", \"deskripsi\": \"At sit omnis sed quis.\", \"lokasi_id\": 4, \"created_at\": \"2025-12-29T02:07:12.000000Z\", \"deleted_at\": null, \"updated_at\": \"2025-12-29T02:07:13.000000Z\", \"jumlah_stok\": 191, \"kategori_id\": 5, \"kode_barang\": \"BRG000004\", \"nama_barang\": \"at a nihil\", \"harga_satuan\": \"182989.00\", \"reorder_point\": 8, \"tanggal_pembelian\": \"2025-07-22T00:00:00.000000Z\"}, \"jumlah\": 15, \"user_id\": 1, \"barang_id\": 4, \"created_at\": \"2025-12-29T02:07:13.000000Z\", \"keterangan\": \"Pengeluaran barang untuk kegiatan\", \"updated_at\": \"2025-12-29T02:07:13.000000Z\", \"approved_at\": \"2025-10-29T02:07:13.000000Z\", \"approved_by\": 2, \"kode_transaksi\": \"TRX-OUT-000004\", \"tipe_transaksi\": \"keluar\", \"approval_status\": \"approved\", \"penanggung_jawab\": \"Petugas Inventaris\", \"tanggal_transaksi\": \"2025-10-29T00:00:00.000000Z\"}', '127.0.0.1', 'Symfony', '2025-12-29 02:07:13', '2025-12-29 02:07:13');
INSERT INTO `log_aktivitas` VALUES ('101', NULL, 'update', 'barang', '5', 'Mengubah data barang: excepturi qui tempore (BRG000005)', '{\"after\": {\"id\": 5, \"merk\": \"Canon\", \"satuan\": \"box\", \"status\": \"rusak\", \"deskripsi\": \"Quas alias nihil iste atque sint delectus magnam.\", \"lokasi_id\": 3, \"created_at\": \"2025-12-29 02:07:12\", \"deleted_at\": null, \"updated_at\": \"2025-12-29 02:07:13\", \"jumlah_stok\": 113, \"kategori_id\": 5, \"kode_barang\": \"BRG000005\", \"nama_barang\": \"excepturi qui tempore\", \"harga_satuan\": \"264568.00\", \"reorder_point\": 19, \"tanggal_pembelian\": \"2025-05-26\"}, \"before\": {\"id\": 5, \"merk\": \"Canon\", \"satuan\": \"box\", \"status\": \"rusak\", \"deskripsi\": \"Quas alias nihil iste atque sint delectus magnam.\", \"lokasi_id\": 3, \"created_at\": \"2025-12-29T02:07:12.000000Z\", \"deleted_at\": null, \"updated_at\": \"2025-12-29T02:07:13.000000Z\", \"jumlah_stok\": 128, \"kategori_id\": 5, \"kode_barang\": \"BRG000005\", \"nama_barang\": \"excepturi qui tempore\", \"harga_satuan\": \"264568.00\", \"reorder_point\": 19, \"tanggal_pembelian\": \"2025-05-26T00:00:00.000000Z\"}}', '127.0.0.1', 'Symfony', '2025-12-29 02:07:13', '2025-12-29 02:07:13');
INSERT INTO `log_aktivitas` VALUES ('102', '3', 'create', 'transaksi_barang', '20', 'Transaksi keluar barang excepturi qui tempore sejumlah 15 box', '{\"id\": 20, \"barang\": {\"id\": 5, \"merk\": \"Canon\", \"satuan\": \"box\", \"status\": \"rusak\", \"deskripsi\": \"Quas alias nihil iste atque sint delectus magnam.\", \"lokasi_id\": 3, \"created_at\": \"2025-12-29T02:07:12.000000Z\", \"deleted_at\": null, \"updated_at\": \"2025-12-29T02:07:13.000000Z\", \"jumlah_stok\": 113, \"kategori_id\": 5, \"kode_barang\": \"BRG000005\", \"nama_barang\": \"excepturi qui tempore\", \"harga_satuan\": \"264568.00\", \"reorder_point\": 19, \"tanggal_pembelian\": \"2025-05-26T00:00:00.000000Z\"}, \"jumlah\": 15, \"user_id\": 3, \"barang_id\": 5, \"created_at\": \"2025-12-29T02:07:13.000000Z\", \"keterangan\": \"Pengeluaran barang untuk kegiatan\", \"updated_at\": \"2025-12-29T02:07:13.000000Z\", \"approved_at\": \"2025-10-29T02:07:13.000000Z\", \"approved_by\": 1, \"kode_transaksi\": \"TRX-OUT-000005\", \"tipe_transaksi\": \"keluar\", \"approval_status\": \"approved\", \"penanggung_jawab\": \"Petugas Inventaris\", \"tanggal_transaksi\": \"2025-10-29T00:00:00.000000Z\"}', '127.0.0.1', 'Symfony', '2025-12-29 02:07:13', '2025-12-29 02:07:13');
INSERT INTO `log_aktivitas` VALUES ('103', NULL, 'update', 'barang', '6', 'Mengubah data barang: vero illo consequatur (BRG000006)', '{\"after\": {\"id\": 6, \"merk\": \"Samsung\", \"satuan\": \"dus\", \"status\": \"hilang\", \"deskripsi\": \"Est quod minus optio omnis non.\", \"lokasi_id\": 5, \"created_at\": \"2025-12-29 02:07:12\", \"deleted_at\": null, \"updated_at\": \"2025-12-29 02:07:13\", \"jumlah_stok\": 227, \"kategori_id\": 3, \"kode_barang\": \"BRG000006\", \"nama_barang\": \"vero illo consequatur\", \"harga_satuan\": \"100369.00\", \"reorder_point\": 6, \"tanggal_pembelian\": \"2025-07-06\"}, \"before\": {\"id\": 6, \"merk\": \"Samsung\", \"satuan\": \"dus\", \"status\": \"hilang\", \"deskripsi\": \"Est quod minus optio omnis non.\", \"lokasi_id\": 5, \"created_at\": \"2025-12-29T02:07:12.000000Z\", \"deleted_at\": null, \"updated_at\": \"2025-12-29T02:07:13.000000Z\", \"jumlah_stok\": 242, \"kategori_id\": 3, \"kode_barang\": \"BRG000006\", \"nama_barang\": \"vero illo consequatur\", \"harga_satuan\": \"100369.00\", \"reorder_point\": 6, \"tanggal_pembelian\": \"2025-07-06T00:00:00.000000Z\"}}', '127.0.0.1', 'Symfony', '2025-12-29 02:07:13', '2025-12-29 02:07:13');
INSERT INTO `log_aktivitas` VALUES ('104', '3', 'create', 'transaksi_barang', '21', 'Transaksi keluar barang vero illo consequatur sejumlah 15 dus', '{\"id\": 21, \"barang\": {\"id\": 6, \"merk\": \"Samsung\", \"satuan\": \"dus\", \"status\": \"hilang\", \"deskripsi\": \"Est quod minus optio omnis non.\", \"lokasi_id\": 5, \"created_at\": \"2025-12-29T02:07:12.000000Z\", \"deleted_at\": null, \"updated_at\": \"2025-12-29T02:07:13.000000Z\", \"jumlah_stok\": 227, \"kategori_id\": 3, \"kode_barang\": \"BRG000006\", \"nama_barang\": \"vero illo consequatur\", \"harga_satuan\": \"100369.00\", \"reorder_point\": 6, \"tanggal_pembelian\": \"2025-07-06T00:00:00.000000Z\"}, \"jumlah\": 15, \"user_id\": 3, \"barang_id\": 6, \"created_at\": \"2025-12-29T02:07:13.000000Z\", \"keterangan\": \"Pengeluaran barang untuk kegiatan\", \"updated_at\": \"2025-12-29T02:07:13.000000Z\", \"approved_at\": \"2025-10-29T02:07:13.000000Z\", \"approved_by\": 1, \"kode_transaksi\": \"TRX-OUT-000006\", \"tipe_transaksi\": \"keluar\", \"approval_status\": \"approved\", \"penanggung_jawab\": \"Petugas Inventaris\", \"tanggal_transaksi\": \"2025-10-29T00:00:00.000000Z\"}', '127.0.0.1', 'Symfony', '2025-12-29 02:07:13', '2025-12-29 02:07:13');
INSERT INTO `log_aktivitas` VALUES ('105', NULL, 'update', 'barang', '7', 'Mengubah data barang: sit odio sint (BRG000007)', '{\"after\": {\"id\": 7, \"merk\": \"HP\", \"satuan\": \"dus\", \"status\": \"hilang\", \"deskripsi\": \"Omnis est saepe et maxime qui et cupiditate.\", \"lokasi_id\": 5, \"created_at\": \"2025-12-29 02:07:12\", \"deleted_at\": null, \"updated_at\": \"2025-12-29 02:07:13\", \"jumlah_stok\": 107, \"kategori_id\": 7, \"kode_barang\": \"BRG000007\", \"nama_barang\": \"sit odio sint\", \"harga_satuan\": \"216811.00\", \"reorder_point\": 6, \"tanggal_pembelian\": \"2025-04-05\"}, \"before\": {\"id\": 7, \"merk\": \"HP\", \"satuan\": \"dus\", \"status\": \"hilang\", \"deskripsi\": \"Omnis est saepe et maxime qui et cupiditate.\", \"lokasi_id\": 5, \"created_at\": \"2025-12-29T02:07:12.000000Z\", \"deleted_at\": null, \"updated_at\": \"2025-12-29T02:07:13.000000Z\", \"jumlah_stok\": 122, \"kategori_id\": 7, \"kode_barang\": \"BRG000007\", \"nama_barang\": \"sit odio sint\", \"harga_satuan\": \"216811.00\", \"reorder_point\": 6, \"tanggal_pembelian\": \"2025-04-05T00:00:00.000000Z\"}}', '127.0.0.1', 'Symfony', '2025-12-29 02:07:13', '2025-12-29 02:07:13');
INSERT INTO `log_aktivitas` VALUES ('106', '3', 'create', 'transaksi_barang', '22', 'Transaksi keluar barang sit odio sint sejumlah 15 dus', '{\"id\": 22, \"barang\": {\"id\": 7, \"merk\": \"HP\", \"satuan\": \"dus\", \"status\": \"hilang\", \"deskripsi\": \"Omnis est saepe et maxime qui et cupiditate.\", \"lokasi_id\": 5, \"created_at\": \"2025-12-29T02:07:12.000000Z\", \"deleted_at\": null, \"updated_at\": \"2025-12-29T02:07:13.000000Z\", \"jumlah_stok\": 107, \"kategori_id\": 7, \"kode_barang\": \"BRG000007\", \"nama_barang\": \"sit odio sint\", \"harga_satuan\": \"216811.00\", \"reorder_point\": 6, \"tanggal_pembelian\": \"2025-04-05T00:00:00.000000Z\"}, \"jumlah\": 15, \"user_id\": 3, \"barang_id\": 7, \"created_at\": \"2025-12-29T02:07:13.000000Z\", \"keterangan\": \"Pengeluaran barang untuk kegiatan\", \"updated_at\": \"2025-12-29T02:07:13.000000Z\", \"approved_at\": \"2025-10-29T02:07:13.000000Z\", \"approved_by\": 1, \"kode_transaksi\": \"TRX-OUT-000007\", \"tipe_transaksi\": \"keluar\", \"approval_status\": \"approved\", \"penanggung_jawab\": \"Petugas Inventaris\", \"tanggal_transaksi\": \"2025-10-29T00:00:00.000000Z\"}', '127.0.0.1', 'Symfony', '2025-12-29 02:07:13', '2025-12-29 02:07:13');
INSERT INTO `log_aktivitas` VALUES ('107', NULL, 'update', 'barang', '8', 'Mengubah data barang: nobis fugiat sint (BRG000008)', '{\"after\": {\"id\": 8, \"merk\": \"Epson\", \"satuan\": \"dus\", \"status\": \"rusak\", \"deskripsi\": \"Eveniet eius odio necessitatibus quisquam.\", \"lokasi_id\": 5, \"created_at\": \"2025-12-29 02:07:12\", \"deleted_at\": null, \"updated_at\": \"2025-12-29 02:07:13\", \"jumlah_stok\": 154, \"kategori_id\": 2, \"kode_barang\": \"BRG000008\", \"nama_barang\": \"nobis fugiat sint\", \"harga_satuan\": \"204025.00\", \"reorder_point\": 18, \"tanggal_pembelian\": \"2024-03-16\"}, \"before\": {\"id\": 8, \"merk\": \"Epson\", \"satuan\": \"dus\", \"status\": \"rusak\", \"deskripsi\": \"Eveniet eius odio necessitatibus quisquam.\", \"lokasi_id\": 5, \"created_at\": \"2025-12-29T02:07:12.000000Z\", \"deleted_at\": null, \"updated_at\": \"2025-12-29T02:07:13.000000Z\", \"jumlah_stok\": 169, \"kategori_id\": 2, \"kode_barang\": \"BRG000008\", \"nama_barang\": \"nobis fugiat sint\", \"harga_satuan\": \"204025.00\", \"reorder_point\": 18, \"tanggal_pembelian\": \"2024-03-16T00:00:00.000000Z\"}}', '127.0.0.1', 'Symfony', '2025-12-29 02:07:13', '2025-12-29 02:07:13');
INSERT INTO `log_aktivitas` VALUES ('108', '3', 'create', 'transaksi_barang', '23', 'Transaksi keluar barang nobis fugiat sint sejumlah 15 dus', '{\"id\": 23, \"barang\": {\"id\": 8, \"merk\": \"Epson\", \"satuan\": \"dus\", \"status\": \"rusak\", \"deskripsi\": \"Eveniet eius odio necessitatibus quisquam.\", \"lokasi_id\": 5, \"created_at\": \"2025-12-29T02:07:12.000000Z\", \"deleted_at\": null, \"updated_at\": \"2025-12-29T02:07:13.000000Z\", \"jumlah_stok\": 154, \"kategori_id\": 2, \"kode_barang\": \"BRG000008\", \"nama_barang\": \"nobis fugiat sint\", \"harga_satuan\": \"204025.00\", \"reorder_point\": 18, \"tanggal_pembelian\": \"2024-03-16T00:00:00.000000Z\"}, \"jumlah\": 15, \"user_id\": 3, \"barang_id\": 8, \"created_at\": \"2025-12-29T02:07:13.000000Z\", \"keterangan\": \"Pengeluaran barang untuk kegiatan\", \"updated_at\": \"2025-12-29T02:07:13.000000Z\", \"approved_at\": \"2025-10-29T02:07:13.000000Z\", \"approved_by\": 3, \"kode_transaksi\": \"TRX-OUT-000008\", \"tipe_transaksi\": \"keluar\", \"approval_status\": \"approved\", \"penanggung_jawab\": \"Petugas Inventaris\", \"tanggal_transaksi\": \"2025-10-29T00:00:00.000000Z\"}', '127.0.0.1', 'Symfony', '2025-12-29 02:07:13', '2025-12-29 02:07:13');
INSERT INTO `log_aktivitas` VALUES ('109', NULL, 'update', 'barang', '9', 'Mengubah data barang: eligendi provident neque (BRG000009)', '{\"after\": {\"id\": 9, \"merk\": \"Canon\", \"satuan\": \"rim\", \"status\": \"baik\", \"deskripsi\": \"Repellendus quia voluptas sed aut nostrum.\", \"lokasi_id\": 4, \"created_at\": \"2025-12-29 02:07:12\", \"deleted_at\": null, \"updated_at\": \"2025-12-29 02:07:13\", \"jumlah_stok\": 212, \"kategori_id\": 4, \"kode_barang\": \"BRG000009\", \"nama_barang\": \"eligendi provident neque\", \"harga_satuan\": \"441453.00\", \"reorder_point\": 14, \"tanggal_pembelian\": \"2024-06-24\"}, \"before\": {\"id\": 9, \"merk\": \"Canon\", \"satuan\": \"rim\", \"status\": \"baik\", \"deskripsi\": \"Repellendus quia voluptas sed aut nostrum.\", \"lokasi_id\": 4, \"created_at\": \"2025-12-29T02:07:12.000000Z\", \"deleted_at\": null, \"updated_at\": \"2025-12-29T02:07:13.000000Z\", \"jumlah_stok\": 227, \"kategori_id\": 4, \"kode_barang\": \"BRG000009\", \"nama_barang\": \"eligendi provident neque\", \"harga_satuan\": \"441453.00\", \"reorder_point\": 14, \"tanggal_pembelian\": \"2024-06-24T00:00:00.000000Z\"}}', '127.0.0.1', 'Symfony', '2025-12-29 02:07:13', '2025-12-29 02:07:13');
INSERT INTO `log_aktivitas` VALUES ('110', '2', 'create', 'transaksi_barang', '24', 'Transaksi keluar barang eligendi provident neque sejumlah 15 rim', '{\"id\": 24, \"barang\": {\"id\": 9, \"merk\": \"Canon\", \"satuan\": \"rim\", \"status\": \"baik\", \"deskripsi\": \"Repellendus quia voluptas sed aut nostrum.\", \"lokasi_id\": 4, \"created_at\": \"2025-12-29T02:07:12.000000Z\", \"deleted_at\": null, \"updated_at\": \"2025-12-29T02:07:13.000000Z\", \"jumlah_stok\": 212, \"kategori_id\": 4, \"kode_barang\": \"BRG000009\", \"nama_barang\": \"eligendi provident neque\", \"harga_satuan\": \"441453.00\", \"reorder_point\": 14, \"tanggal_pembelian\": \"2024-06-24T00:00:00.000000Z\"}, \"jumlah\": 15, \"user_id\": 2, \"barang_id\": 9, \"created_at\": \"2025-12-29T02:07:13.000000Z\", \"keterangan\": \"Pengeluaran barang untuk kegiatan\", \"updated_at\": \"2025-12-29T02:07:13.000000Z\", \"approved_at\": \"2025-10-29T02:07:13.000000Z\", \"approved_by\": 1, \"kode_transaksi\": \"TRX-OUT-000009\", \"tipe_transaksi\": \"keluar\", \"approval_status\": \"approved\", \"penanggung_jawab\": \"Petugas Inventaris\", \"tanggal_transaksi\": \"2025-10-29T00:00:00.000000Z\"}', '127.0.0.1', 'Symfony', '2025-12-29 02:07:13', '2025-12-29 02:07:13');
INSERT INTO `log_aktivitas` VALUES ('111', NULL, 'update', 'barang', '10', 'Mengubah data barang: delectus omnis molestiae (BRG000010)', '{\"after\": {\"id\": 10, \"merk\": \"HP\", \"satuan\": \"rim\", \"status\": \"baik\", \"deskripsi\": \"Et adipisci consequatur minus minus omnis.\", \"lokasi_id\": 2, \"created_at\": \"2025-12-29 02:07:12\", \"deleted_at\": null, \"updated_at\": \"2025-12-29 02:07:13\", \"jumlah_stok\": 192, \"kategori_id\": 6, \"kode_barang\": \"BRG000010\", \"nama_barang\": \"delectus omnis molestiae\", \"harga_satuan\": \"230047.00\", \"reorder_point\": 6, \"tanggal_pembelian\": \"2025-05-28\"}, \"before\": {\"id\": 10, \"merk\": \"HP\", \"satuan\": \"rim\", \"status\": \"baik\", \"deskripsi\": \"Et adipisci consequatur minus minus omnis.\", \"lokasi_id\": 2, \"created_at\": \"2025-12-29T02:07:12.000000Z\", \"deleted_at\": null, \"updated_at\": \"2025-12-29T02:07:13.000000Z\", \"jumlah_stok\": 207, \"kategori_id\": 6, \"kode_barang\": \"BRG000010\", \"nama_barang\": \"delectus omnis molestiae\", \"harga_satuan\": \"230047.00\", \"reorder_point\": 6, \"tanggal_pembelian\": \"2025-05-28T00:00:00.000000Z\"}}', '127.0.0.1', 'Symfony', '2025-12-29 02:07:13', '2025-12-29 02:07:13');
INSERT INTO `log_aktivitas` VALUES ('112', '3', 'create', 'transaksi_barang', '25', 'Transaksi keluar barang delectus omnis molestiae sejumlah 15 rim', '{\"id\": 25, \"barang\": {\"id\": 10, \"merk\": \"HP\", \"satuan\": \"rim\", \"status\": \"baik\", \"deskripsi\": \"Et adipisci consequatur minus minus omnis.\", \"lokasi_id\": 2, \"created_at\": \"2025-12-29T02:07:12.000000Z\", \"deleted_at\": null, \"updated_at\": \"2025-12-29T02:07:13.000000Z\", \"jumlah_stok\": 192, \"kategori_id\": 6, \"kode_barang\": \"BRG000010\", \"nama_barang\": \"delectus omnis molestiae\", \"harga_satuan\": \"230047.00\", \"reorder_point\": 6, \"tanggal_pembelian\": \"2025-05-28T00:00:00.000000Z\"}, \"jumlah\": 15, \"user_id\": 3, \"barang_id\": 10, \"created_at\": \"2025-12-29T02:07:13.000000Z\", \"keterangan\": \"Pengeluaran barang untuk kegiatan\", \"updated_at\": \"2025-12-29T02:07:13.000000Z\", \"approved_at\": \"2025-10-29T02:07:13.000000Z\", \"approved_by\": 3, \"kode_transaksi\": \"TRX-OUT-000010\", \"tipe_transaksi\": \"keluar\", \"approval_status\": \"approved\", \"penanggung_jawab\": \"Petugas Inventaris\", \"tanggal_transaksi\": \"2025-10-29T00:00:00.000000Z\"}', '127.0.0.1', 'Symfony', '2025-12-29 02:07:13', '2025-12-29 02:07:13');
INSERT INTO `log_aktivitas` VALUES ('113', '1', 'create', 'transaksi_barang', '26', 'Transaksi masuk barang esse ducimus doloremque sejumlah 50 kg (menunggu persetujuan)', '{\"id\": 26, \"barang\": {\"id\": 1, \"merk\": \"HP\", \"satuan\": \"kg\", \"status\": \"rusak\", \"deskripsi\": \"Est reiciendis dolor totam mollitia.\", \"lokasi_id\": 5, \"created_at\": \"2025-12-29T02:07:12.000000Z\", \"deleted_at\": null, \"updated_at\": \"2025-12-29T02:07:13.000000Z\", \"jumlah_stok\": 117, \"kategori_id\": 3, \"kode_barang\": \"BRG000001\", \"nama_barang\": \"esse ducimus doloremque\", \"harga_satuan\": \"320770.00\", \"reorder_point\": 6, \"tanggal_pembelian\": \"2025-03-16T00:00:00.000000Z\"}, \"jumlah\": 50, \"user_id\": 1, \"barang_id\": 1, \"created_at\": \"2025-12-29T02:07:13.000000Z\", \"keterangan\": \"Menunggu approval\", \"updated_at\": \"2025-12-29T02:07:13.000000Z\", \"kode_transaksi\": \"TRX-PND-000001\", \"tipe_transaksi\": \"masuk\", \"approval_status\": \"pending\", \"penanggung_jawab\": \"Supplier\", \"tanggal_transaksi\": \"2025-12-29T00:00:00.000000Z\"}', '127.0.0.1', 'Symfony', '2025-12-29 02:07:13', '2025-12-29 02:07:13');
INSERT INTO `log_aktivitas` VALUES ('114', '2', 'create', 'transaksi_barang', '27', 'Transaksi masuk barang rerum minus aut sejumlah 50 dus (menunggu persetujuan)', '{\"id\": 27, \"barang\": {\"id\": 2, \"merk\": \"LG\", \"satuan\": \"dus\", \"status\": \"rusak\", \"deskripsi\": \"Est architecto sunt nihil animi et.\", \"lokasi_id\": 5, \"created_at\": \"2025-12-29T02:07:12.000000Z\", \"deleted_at\": null, \"updated_at\": \"2025-12-29T02:07:13.000000Z\", \"jumlah_stok\": 239, \"kategori_id\": 5, \"kode_barang\": \"BRG000002\", \"nama_barang\": \"rerum minus aut\", \"harga_satuan\": \"400022.00\", \"reorder_point\": 8, \"tanggal_pembelian\": \"2024-06-15T00:00:00.000000Z\"}, \"jumlah\": 50, \"user_id\": 2, \"barang_id\": 2, \"created_at\": \"2025-12-29T02:07:13.000000Z\", \"keterangan\": \"Menunggu approval\", \"updated_at\": \"2025-12-29T02:07:13.000000Z\", \"kode_transaksi\": \"TRX-PND-000002\", \"tipe_transaksi\": \"masuk\", \"approval_status\": \"pending\", \"penanggung_jawab\": \"Supplier\", \"tanggal_transaksi\": \"2025-12-29T00:00:00.000000Z\"}', '127.0.0.1', 'Symfony', '2025-12-29 02:07:13', '2025-12-29 02:07:13');
INSERT INTO `log_aktivitas` VALUES ('115', '2', 'create', 'transaksi_barang', '28', 'Transaksi masuk barang quas facere earum sejumlah 50 pcs (menunggu persetujuan)', '{\"id\": 28, \"barang\": {\"id\": 3, \"merk\": \"HP\", \"satuan\": \"pcs\", \"status\": \"baik\", \"deskripsi\": \"Blanditiis dignissimos nemo eaque doloribus.\", \"lokasi_id\": 4, \"created_at\": \"2025-12-29T02:07:12.000000Z\", \"deleted_at\": null, \"updated_at\": \"2025-12-29T02:07:13.000000Z\", \"jumlah_stok\": 144, \"kategori_id\": 1, \"kode_barang\": \"BRG000003\", \"nama_barang\": \"quas facere earum\", \"harga_satuan\": \"158855.00\", \"reorder_point\": 14, \"tanggal_pembelian\": \"2025-09-06T00:00:00.000000Z\"}, \"jumlah\": 50, \"user_id\": 2, \"barang_id\": 3, \"created_at\": \"2025-12-29T02:07:13.000000Z\", \"keterangan\": \"Menunggu approval\", \"updated_at\": \"2025-12-29T02:07:13.000000Z\", \"kode_transaksi\": \"TRX-PND-000003\", \"tipe_transaksi\": \"masuk\", \"approval_status\": \"pending\", \"penanggung_jawab\": \"Supplier\", \"tanggal_transaksi\": \"2025-12-29T00:00:00.000000Z\"}', '127.0.0.1', 'Symfony', '2025-12-29 02:07:13', '2025-12-29 02:07:13');
INSERT INTO `log_aktivitas` VALUES ('116', '3', 'create', 'transaksi_barang', '29', 'Transaksi masuk barang at a nihil sejumlah 50 box (menunggu persetujuan)', '{\"id\": 29, \"barang\": {\"id\": 4, \"merk\": \"Samsung\", \"satuan\": \"box\", \"status\": \"hilang\", \"deskripsi\": \"At sit omnis sed quis.\", \"lokasi_id\": 4, \"created_at\": \"2025-12-29T02:07:12.000000Z\", \"deleted_at\": null, \"updated_at\": \"2025-12-29T02:07:13.000000Z\", \"jumlah_stok\": 191, \"kategori_id\": 5, \"kode_barang\": \"BRG000004\", \"nama_barang\": \"at a nihil\", \"harga_satuan\": \"182989.00\", \"reorder_point\": 8, \"tanggal_pembelian\": \"2025-07-22T00:00:00.000000Z\"}, \"jumlah\": 50, \"user_id\": 3, \"barang_id\": 4, \"created_at\": \"2025-12-29T02:07:13.000000Z\", \"keterangan\": \"Menunggu approval\", \"updated_at\": \"2025-12-29T02:07:13.000000Z\", \"kode_transaksi\": \"TRX-PND-000004\", \"tipe_transaksi\": \"masuk\", \"approval_status\": \"pending\", \"penanggung_jawab\": \"Supplier\", \"tanggal_transaksi\": \"2025-12-29T00:00:00.000000Z\"}', '127.0.0.1', 'Symfony', '2025-12-29 02:07:13', '2025-12-29 02:07:13');
INSERT INTO `log_aktivitas` VALUES ('117', '3', 'create', 'transaksi_barang', '30', 'Transaksi masuk barang excepturi qui tempore sejumlah 50 box (menunggu persetujuan)', '{\"id\": 30, \"barang\": {\"id\": 5, \"merk\": \"Canon\", \"satuan\": \"box\", \"status\": \"rusak\", \"deskripsi\": \"Quas alias nihil iste atque sint delectus magnam.\", \"lokasi_id\": 3, \"created_at\": \"2025-12-29T02:07:12.000000Z\", \"deleted_at\": null, \"updated_at\": \"2025-12-29T02:07:13.000000Z\", \"jumlah_stok\": 113, \"kategori_id\": 5, \"kode_barang\": \"BRG000005\", \"nama_barang\": \"excepturi qui tempore\", \"harga_satuan\": \"264568.00\", \"reorder_point\": 19, \"tanggal_pembelian\": \"2025-05-26T00:00:00.000000Z\"}, \"jumlah\": 50, \"user_id\": 3, \"barang_id\": 5, \"created_at\": \"2025-12-29T02:07:13.000000Z\", \"keterangan\": \"Menunggu approval\", \"updated_at\": \"2025-12-29T02:07:13.000000Z\", \"kode_transaksi\": \"TRX-PND-000005\", \"tipe_transaksi\": \"masuk\", \"approval_status\": \"pending\", \"penanggung_jawab\": \"Supplier\", \"tanggal_transaksi\": \"2025-12-29T00:00:00.000000Z\"}', '127.0.0.1', 'Symfony', '2025-12-29 02:07:13', '2025-12-29 02:07:13');
INSERT INTO `log_aktivitas` VALUES ('118', '3', 'login', 'user', NULL, 'Ratione voluptas eveniet ea saepe a voluptas aut.', '\"{\\\"old\\\":{\\\"nama\\\":\\\"sint qui\\\",\\\"status\\\":\\\"active\\\"},\\\"new\\\":{\\\"nama\\\":\\\"qui optio\\\",\\\"status\\\":\\\"inactive\\\"}}\"', '11.28.16.10', 'Mozilla/5.0 (iPhone; CPU iPhone OS 14_1 like Mac OS X) AppleWebKit/537.1 (KHTML, like Gecko) Version/15.0 EdgiOS/96.01039.24 Mobile/15E148 Safari/537.1', '2025-08-21 03:58:42', '2025-12-29 02:07:13');
INSERT INTO `log_aktivitas` VALUES ('119', '1', 'login', 'user', NULL, 'Et culpa in sapiente deserunt et.', '\"{\\\"old\\\":{\\\"nama\\\":\\\"ut voluptatem\\\",\\\"status\\\":\\\"active\\\"},\\\"new\\\":{\\\"nama\\\":\\\"excepturi sint\\\",\\\"status\\\":\\\"inactive\\\"}}\"', '110.218.224.110', 'Opera/9.65 (Windows 95; nl-NL) Presto/2.11.326 Version/10.00', '2025-12-22 20:32:54', '2025-12-29 02:07:13');
INSERT INTO `log_aktivitas` VALUES ('120', '2', 'login', 'user', NULL, 'Ut nobis quis quis.', '\"{\\\"old\\\":{\\\"nama\\\":\\\"atque qui\\\",\\\"status\\\":\\\"active\\\"},\\\"new\\\":{\\\"nama\\\":\\\"neque doloribus\\\",\\\"status\\\":\\\"inactive\\\"}}\"', '195.214.142.66', 'Mozilla/5.0 (Macintosh; PPC Mac OS X 10_6_7) AppleWebKit/5311 (KHTML, like Gecko) Chrome/39.0.841.0 Mobile Safari/5311', '2025-10-19 13:45:45', '2025-12-29 02:07:13');
INSERT INTO `log_aktivitas` VALUES ('121', '3', 'login', 'user', NULL, 'Dicta et veniam nostrum dolor reprehenderit est.', '\"{\\\"old\\\":{\\\"nama\\\":\\\"harum dolores\\\",\\\"status\\\":\\\"active\\\"},\\\"new\\\":{\\\"nama\\\":\\\"id dolorem\\\",\\\"status\\\":\\\"inactive\\\"}}\"', '177.20.232.20', 'Mozilla/5.0 (iPhone; CPU iPhone OS 7_1_2 like Mac OS X; sl-SI) AppleWebKit/535.12.4 (KHTML, like Gecko) Version/4.0.5 Mobile/8B119 Safari/6535.12.4', '2025-10-03 00:16:24', '2025-12-29 02:07:13');
INSERT INTO `log_aktivitas` VALUES ('122', '1', 'login', 'user', NULL, 'Facere culpa unde ut sit quis aspernatur.', '\"{\\\"old\\\":{\\\"nama\\\":\\\"non recusandae\\\",\\\"status\\\":\\\"active\\\"},\\\"new\\\":{\\\"nama\\\":\\\"ipsam id\\\",\\\"status\\\":\\\"inactive\\\"}}\"', '33.16.75.150', 'Mozilla/5.0 (Windows NT 4.0; sl-SI; rv:1.9.1.20) Gecko/20230331 Firefox/35.0', '2025-12-17 22:08:38', '2025-12-29 02:07:13');
INSERT INTO `log_aktivitas` VALUES ('123', '1', 'login', 'user', NULL, 'In quasi sed aut incidunt iure qui non.', '\"{\\\"old\\\":{\\\"nama\\\":\\\"debitis quia\\\",\\\"status\\\":\\\"active\\\"},\\\"new\\\":{\\\"nama\\\":\\\"eius et\\\",\\\"status\\\":\\\"inactive\\\"}}\"', '216.129.171.192', 'Mozilla/5.0 (Windows; U; Windows NT 5.01) AppleWebKit/534.20.7 (KHTML, like Gecko) Version/5.0.3 Safari/534.20.7', '2025-08-09 20:38:35', '2025-12-29 02:07:13');
INSERT INTO `log_aktivitas` VALUES ('124', '3', 'login', 'user', NULL, 'Eum facilis vitae consequatur autem velit maxime.', '\"{\\\"old\\\":{\\\"nama\\\":\\\"incidunt esse\\\",\\\"status\\\":\\\"active\\\"},\\\"new\\\":{\\\"nama\\\":\\\"rerum dolorum\\\",\\\"status\\\":\\\"inactive\\\"}}\"', '225.107.134.190', 'Opera/9.47 (Windows NT 5.1; nl-NL) Presto/2.9.340 Version/12.00', '2025-07-23 15:38:07', '2025-12-29 02:07:13');
INSERT INTO `log_aktivitas` VALUES ('125', '3', 'login', 'user', NULL, 'Doloremque vitae et sint magnam.', '\"{\\\"old\\\":{\\\"nama\\\":\\\"omnis voluptatibus\\\",\\\"status\\\":\\\"active\\\"},\\\"new\\\":{\\\"nama\\\":\\\"exercitationem laudantium\\\",\\\"status\\\":\\\"inactive\\\"}}\"', '205.42.209.17', 'Opera/9.52 (Windows NT 5.0; nl-NL) Presto/2.11.205 Version/11.00', '2025-12-10 01:05:29', '2025-12-29 02:07:13');
INSERT INTO `log_aktivitas` VALUES ('126', '1', 'login', 'user', NULL, 'Aut aut tempora deserunt impedit iste.', '\"{\\\"old\\\":{\\\"nama\\\":\\\"modi hic\\\",\\\"status\\\":\\\"active\\\"},\\\"new\\\":{\\\"nama\\\":\\\"veritatis eum\\\",\\\"status\\\":\\\"inactive\\\"}}\"', '212.45.140.190', 'Mozilla/5.0 (X11; Linux x86_64) AppleWebKit/5311 (KHTML, like Gecko) Chrome/39.0.814.0 Mobile Safari/5311', '2025-10-21 19:06:57', '2025-12-29 02:07:13');
INSERT INTO `log_aktivitas` VALUES ('127', '2', 'login', 'user', NULL, 'Temporibus et unde porro rerum nihil facere est temporibus.', '\"{\\\"old\\\":{\\\"nama\\\":\\\"ducimus distinctio\\\",\\\"status\\\":\\\"active\\\"},\\\"new\\\":{\\\"nama\\\":\\\"autem et\\\",\\\"status\\\":\\\"inactive\\\"}}\"', '134.209.23.183', 'Mozilla/5.0 (X11; Linux x86_64) AppleWebKit/5321 (KHTML, like Gecko) Chrome/40.0.851.0 Mobile Safari/5321', '2025-09-18 06:46:53', '2025-12-29 02:07:13');
INSERT INTO `log_aktivitas` VALUES ('128', '3', 'login', 'user', NULL, 'Autem accusamus dolor corrupti sint laboriosam et tempora.', '\"{\\\"old\\\":{\\\"nama\\\":\\\"sint iusto\\\",\\\"status\\\":\\\"active\\\"},\\\"new\\\":{\\\"nama\\\":\\\"soluta totam\\\",\\\"status\\\":\\\"inactive\\\"}}\"', '23.5.26.16', 'Mozilla/5.0 (Macintosh; Intel Mac OS X 10_6_4) AppleWebKit/534.1 (KHTML, like Gecko) Chrome/95.0.4313.36 Safari/534.1 Edg/95.01075.16', '2025-12-04 01:00:02', '2025-12-29 02:07:13');
INSERT INTO `log_aktivitas` VALUES ('129', '2', 'login', 'user', NULL, 'Omnis velit ratione quasi aut.', '\"{\\\"old\\\":{\\\"nama\\\":\\\"illum cum\\\",\\\"status\\\":\\\"active\\\"},\\\"new\\\":{\\\"nama\\\":\\\"laborum dolore\\\",\\\"status\\\":\\\"inactive\\\"}}\"', '192.247.122.250', 'Mozilla/5.0 (X11; Linux x86_64; rv:7.0) Gecko/20191122 Firefox/36.0', '2025-09-19 07:20:37', '2025-12-29 02:07:13');
INSERT INTO `log_aktivitas` VALUES ('130', '3', 'login', 'user', NULL, 'Culpa accusantium maiores in voluptatem cupiditate totam sequi laboriosam.', '\"{\\\"old\\\":{\\\"nama\\\":\\\"quo consectetur\\\",\\\"status\\\":\\\"active\\\"},\\\"new\\\":{\\\"nama\\\":\\\"sint assumenda\\\",\\\"status\\\":\\\"inactive\\\"}}\"', '207.216.42.124', 'Mozilla/5.0 (Windows NT 5.01) AppleWebKit/533.1 (KHTML, like Gecko) Chrome/85.0.4582.10 Safari/533.1 Edg/85.01143.95', '2025-10-11 01:02:28', '2025-12-29 02:07:13');
INSERT INTO `log_aktivitas` VALUES ('131', '3', 'login', 'user', NULL, 'Ut eos provident perspiciatis quaerat velit tempore.', '\"{\\\"old\\\":{\\\"nama\\\":\\\"magnam voluptatem\\\",\\\"status\\\":\\\"active\\\"},\\\"new\\\":{\\\"nama\\\":\\\"facilis aliquam\\\",\\\"status\\\":\\\"inactive\\\"}}\"', '131.134.160.22', 'Mozilla/5.0 (Windows; U; Windows 95) AppleWebKit/534.12.6 (KHTML, like Gecko) Version/5.0 Safari/534.12.6', '2025-12-01 08:27:11', '2025-12-29 02:07:14');
INSERT INTO `log_aktivitas` VALUES ('132', '3', 'login', 'user', NULL, 'Cupiditate aliquam inventore quasi.', '\"{\\\"old\\\":{\\\"nama\\\":\\\"sunt qui\\\",\\\"status\\\":\\\"active\\\"},\\\"new\\\":{\\\"nama\\\":\\\"libero reprehenderit\\\",\\\"status\\\":\\\"inactive\\\"}}\"', '9.104.122.187', 'Mozilla/5.0 (compatible; MSIE 11.0; Windows NT 4.0; Trident/3.0)', '2025-07-21 06:13:36', '2025-12-29 02:07:14');
INSERT INTO `log_aktivitas` VALUES ('133', '1', 'login', 'user', NULL, 'Totam eveniet ex et tempora perspiciatis.', '\"{\\\"old\\\":{\\\"nama\\\":\\\"est commodi\\\",\\\"status\\\":\\\"active\\\"},\\\"new\\\":{\\\"nama\\\":\\\"natus explicabo\\\",\\\"status\\\":\\\"inactive\\\"}}\"', '90.134.115.140', 'Mozilla/5.0 (iPhone; CPU iPhone OS 8_0_1 like Mac OS X; en-US) AppleWebKit/532.36.5 (KHTML, like Gecko) Version/4.0.5 Mobile/8B112 Safari/6532.36.5', '2025-11-14 15:59:12', '2025-12-29 02:07:14');
INSERT INTO `log_aktivitas` VALUES ('134', '2', 'login', 'user', NULL, 'Autem a sequi rem provident quibusdam voluptatem.', '\"{\\\"old\\\":{\\\"nama\\\":\\\"modi similique\\\",\\\"status\\\":\\\"active\\\"},\\\"new\\\":{\\\"nama\\\":\\\"doloribus sit\\\",\\\"status\\\":\\\"inactive\\\"}}\"', '143.205.183.136', 'Opera/9.24 (X11; Linux x86_64; nl-NL) Presto/2.11.188 Version/11.00', '2025-07-01 03:01:39', '2025-12-29 02:07:14');
INSERT INTO `log_aktivitas` VALUES ('135', '3', 'login', 'user', NULL, 'Tenetur asperiores rerum minus assumenda dolorem quam enim.', '\"{\\\"old\\\":{\\\"nama\\\":\\\"reprehenderit et\\\",\\\"status\\\":\\\"active\\\"},\\\"new\\\":{\\\"nama\\\":\\\"omnis aut\\\",\\\"status\\\":\\\"inactive\\\"}}\"', '119.100.36.106', 'Mozilla/5.0 (iPhone; CPU iPhone OS 7_0_2 like Mac OS X; en-US) AppleWebKit/533.12.3 (KHTML, like Gecko) Version/4.0.5 Mobile/8B118 Safari/6533.12.3', '2025-07-14 06:34:14', '2025-12-29 02:07:14');
INSERT INTO `log_aktivitas` VALUES ('136', '2', 'login', 'user', NULL, 'Blanditiis dicta ut et molestias sit et.', '\"{\\\"old\\\":{\\\"nama\\\":\\\"dolor optio\\\",\\\"status\\\":\\\"active\\\"},\\\"new\\\":{\\\"nama\\\":\\\"aut harum\\\",\\\"status\\\":\\\"inactive\\\"}}\"', '7.52.28.29', 'Mozilla/5.0 (Windows 98; Win 9x 4.90) AppleWebKit/5321 (KHTML, like Gecko) Chrome/39.0.862.0 Mobile Safari/5321', '2025-10-16 05:35:42', '2025-12-29 02:07:14');
INSERT INTO `log_aktivitas` VALUES ('137', '1', 'login', 'user', NULL, 'Excepturi mollitia rerum debitis suscipit.', '\"{\\\"old\\\":{\\\"nama\\\":\\\"deserunt atque\\\",\\\"status\\\":\\\"active\\\"},\\\"new\\\":{\\\"nama\\\":\\\"harum minus\\\",\\\"status\\\":\\\"inactive\\\"}}\"', '232.153.241.228', 'Opera/9.57 (X11; Linux x86_64; nl-NL) Presto/2.10.160 Version/11.00', '2025-11-17 20:14:38', '2025-12-29 02:07:14');
INSERT INTO `log_aktivitas` VALUES ('138', '3', 'create', 'barang', '33', 'At eum rerum maxime soluta rem officiis non.', '\"{\\\"old\\\":{\\\"nama\\\":\\\"ut aperiam\\\",\\\"status\\\":\\\"active\\\"},\\\"new\\\":{\\\"nama\\\":\\\"ratione quae\\\",\\\"status\\\":\\\"inactive\\\"}}\"', '184.180.98.197', 'Mozilla/5.0 (Macintosh; Intel Mac OS X 10_8_2) AppleWebKit/5341 (KHTML, like Gecko) Chrome/38.0.802.0 Mobile Safari/5341', '2025-11-24 11:25:41', '2025-12-29 02:07:14');
INSERT INTO `log_aktivitas` VALUES ('139', '2', 'create', 'lokasi', '34', 'Voluptate in rem sint excepturi id non tempora.', '\"{\\\"old\\\":{\\\"nama\\\":\\\"sequi sit\\\",\\\"status\\\":\\\"active\\\"},\\\"new\\\":{\\\"nama\\\":\\\"sed sequi\\\",\\\"status\\\":\\\"inactive\\\"}}\"', '223.5.116.252', 'Mozilla/5.0 (X11; Linux i686; rv:6.0) Gecko/20180521 Firefox/36.0', '2025-11-06 10:36:38', '2025-12-29 02:07:14');
INSERT INTO `log_aktivitas` VALUES ('140', '2', 'create', 'barang', '59', 'Nostrum ut et omnis quis.', '\"{\\\"old\\\":{\\\"nama\\\":\\\"quas placeat\\\",\\\"status\\\":\\\"active\\\"},\\\"new\\\":{\\\"nama\\\":\\\"nisi rerum\\\",\\\"status\\\":\\\"inactive\\\"}}\"', '69.193.148.67', 'Mozilla/5.0 (X11; Linux x86_64) AppleWebKit/533.2 (KHTML, like Gecko) Chrome/98.0.4422.28 Safari/533.2 EdgA/98.01146.40', '2025-10-01 23:04:17', '2025-12-29 02:07:14');
INSERT INTO `log_aktivitas` VALUES ('141', '2', 'create', 'lokasi', '90', 'Laboriosam eaque soluta voluptatem libero exercitationem dolor.', '\"{\\\"old\\\":{\\\"nama\\\":\\\"nihil impedit\\\",\\\"status\\\":\\\"active\\\"},\\\"new\\\":{\\\"nama\\\":\\\"maiores maxime\\\",\\\"status\\\":\\\"inactive\\\"}}\"', '33.78.205.55', 'Mozilla/5.0 (Windows 95; sl-SI; rv:1.9.1.20) Gecko/20210829 Firefox/35.0', '2025-08-05 17:19:55', '2025-12-29 02:07:14');
INSERT INTO `log_aktivitas` VALUES ('142', '3', 'create', 'kategori', '98', 'Numquam dolor aliquid delectus aut.', '\"{\\\"old\\\":{\\\"nama\\\":\\\"qui et\\\",\\\"status\\\":\\\"active\\\"},\\\"new\\\":{\\\"nama\\\":\\\"quis similique\\\",\\\"status\\\":\\\"inactive\\\"}}\"', '57.24.251.165', 'Opera/9.47 (X11; Linux i686; sl-SI) Presto/2.11.238 Version/10.00', '2025-11-12 09:56:48', '2025-12-29 02:07:14');
INSERT INTO `log_aktivitas` VALUES ('143', '1', 'create', 'kategori', '49', 'Rerum sed consequatur magnam sed.', '\"{\\\"old\\\":{\\\"nama\\\":\\\"porro asperiores\\\",\\\"status\\\":\\\"active\\\"},\\\"new\\\":{\\\"nama\\\":\\\"ipsa quo\\\",\\\"status\\\":\\\"inactive\\\"}}\"', '194.43.101.217', 'Mozilla/5.0 (compatible; MSIE 10.0; Windows NT 4.0; Trident/4.1)', '2025-11-01 00:11:46', '2025-12-29 02:07:14');
INSERT INTO `log_aktivitas` VALUES ('144', '1', 'create', 'transaksi_barang', '5', 'Sed blanditiis ullam eos ea doloribus occaecati eius.', '\"{\\\"old\\\":{\\\"nama\\\":\\\"incidunt et\\\",\\\"status\\\":\\\"active\\\"},\\\"new\\\":{\\\"nama\\\":\\\"praesentium ipsum\\\",\\\"status\\\":\\\"inactive\\\"}}\"', '79.179.197.31', 'Mozilla/5.0 (Macintosh; U; Intel Mac OS X 10_7_7 rv:5.0; sl-SI) AppleWebKit/533.50.6 (KHTML, like Gecko) Version/4.1 Safari/533.50.6', '2025-09-24 14:10:00', '2025-12-29 02:07:14');
INSERT INTO `log_aktivitas` VALUES ('145', '2', 'create', 'user', '40', 'Quo tempore voluptates fugit officia dignissimos quis.', '\"{\\\"old\\\":{\\\"nama\\\":\\\"recusandae dolorem\\\",\\\"status\\\":\\\"active\\\"},\\\"new\\\":{\\\"nama\\\":\\\"praesentium maxime\\\",\\\"status\\\":\\\"inactive\\\"}}\"', '32.195.126.65', 'Mozilla/5.0 (Macintosh; PPC Mac OS X 10_5_3) AppleWebKit/536.2 (KHTML, like Gecko) Chrome/96.0.4090.41 Safari/536.2 Edg/96.01036.83', '2025-12-25 09:29:20', '2025-12-29 02:07:14');
INSERT INTO `log_aktivitas` VALUES ('146', '3', 'create', 'barang', '39', 'Quibusdam aut quasi repellat quisquam.', '\"{\\\"old\\\":{\\\"nama\\\":\\\"fugiat eum\\\",\\\"status\\\":\\\"active\\\"},\\\"new\\\":{\\\"nama\\\":\\\"aliquam eum\\\",\\\"status\\\":\\\"inactive\\\"}}\"', '177.157.117.205', 'Opera/9.86 (X11; Linux i686; sl-SI) Presto/2.9.317 Version/11.00', '2025-09-13 20:28:52', '2025-12-29 02:07:14');
INSERT INTO `log_aktivitas` VALUES ('147', '2', 'create', 'lokasi', '43', 'Atque nam sint voluptatem aut.', '\"{\\\"old\\\":{\\\"nama\\\":\\\"asperiores in\\\",\\\"status\\\":\\\"active\\\"},\\\"new\\\":{\\\"nama\\\":\\\"totam maiores\\\",\\\"status\\\":\\\"inactive\\\"}}\"', '122.83.89.246', 'Mozilla/5.0 (iPhone; CPU iPhone OS 7_0_1 like Mac OS X; en-US) AppleWebKit/532.24.7 (KHTML, like Gecko) Version/3.0.5 Mobile/8B116 Safari/6532.24.7', '2025-12-26 17:19:21', '2025-12-29 02:07:14');
INSERT INTO `log_aktivitas` VALUES ('148', '1', 'create', 'user', '1', 'Modi optio ad inventore autem.', '\"{\\\"old\\\":{\\\"nama\\\":\\\"qui voluptas\\\",\\\"status\\\":\\\"active\\\"},\\\"new\\\":{\\\"nama\\\":\\\"eius voluptatem\\\",\\\"status\\\":\\\"inactive\\\"}}\"', '140.20.141.119', 'Mozilla/5.0 (Macintosh; Intel Mac OS X 10_5_6) AppleWebKit/5331 (KHTML, like Gecko) Chrome/38.0.884.0 Mobile Safari/5331', '2025-12-13 04:57:48', '2025-12-29 02:07:14');
INSERT INTO `log_aktivitas` VALUES ('149', '3', 'create', 'kategori', '64', 'Similique nam molestiae aspernatur necessitatibus sequi neque.', '\"{\\\"old\\\":{\\\"nama\\\":\\\"rerum ab\\\",\\\"status\\\":\\\"active\\\"},\\\"new\\\":{\\\"nama\\\":\\\"esse ducimus\\\",\\\"status\\\":\\\"inactive\\\"}}\"', '197.22.91.147', 'Mozilla/5.0 (X11; Linux x86_64) AppleWebKit/5361 (KHTML, like Gecko) Chrome/36.0.806.0 Mobile Safari/5361', '2025-11-18 09:33:26', '2025-12-29 02:07:14');
INSERT INTO `log_aktivitas` VALUES ('150', '2', 'create', 'kategori', '15', 'Aperiam quis dignissimos illum id magni.', '\"{\\\"old\\\":{\\\"nama\\\":\\\"aut temporibus\\\",\\\"status\\\":\\\"active\\\"},\\\"new\\\":{\\\"nama\\\":\\\"vel non\\\",\\\"status\\\":\\\"inactive\\\"}}\"', '3.77.84.176', 'Mozilla/5.0 (Windows NT 5.0; nl-NL; rv:1.9.0.20) Gecko/20231103 Firefox/36.0', '2025-11-21 00:24:58', '2025-12-29 02:07:14');
INSERT INTO `log_aktivitas` VALUES ('151', '2', 'create', 'barang', '77', 'Magnam non enim vero ipsum ea ut.', '\"{\\\"old\\\":{\\\"nama\\\":\\\"enim nulla\\\",\\\"status\\\":\\\"active\\\"},\\\"new\\\":{\\\"nama\\\":\\\"voluptatem itaque\\\",\\\"status\\\":\\\"inactive\\\"}}\"', '7.21.233.165', 'Mozilla/5.0 (compatible; MSIE 6.0; Windows 95; Trident/3.0)', '2025-11-13 06:27:50', '2025-12-29 02:07:14');
INSERT INTO `log_aktivitas` VALUES ('152', '1', 'create', 'transaksi_barang', '81', 'Quaerat ipsum officia quia rerum.', '\"{\\\"old\\\":{\\\"nama\\\":\\\"incidunt et\\\",\\\"status\\\":\\\"active\\\"},\\\"new\\\":{\\\"nama\\\":\\\"quam aut\\\",\\\"status\\\":\\\"inactive\\\"}}\"', '99.165.184.69', 'Opera/8.27 (Windows NT 5.1; nl-NL) Presto/2.11.285 Version/11.00', '2025-07-13 21:06:54', '2025-12-29 02:07:14');
INSERT INTO `log_aktivitas` VALUES ('153', '3', 'update', 'barang', '63', 'Esse sed et ab asperiores dicta.', '\"{\\\"old\\\":{\\\"nama\\\":\\\"quo quo\\\",\\\"status\\\":\\\"active\\\"},\\\"new\\\":{\\\"nama\\\":\\\"quas quo\\\",\\\"status\\\":\\\"inactive\\\"}}\"', '236.96.130.251', 'Mozilla/5.0 (compatible; MSIE 6.0; Windows 95; Trident/4.1)', '2025-12-21 18:43:26', '2025-12-29 02:07:14');
INSERT INTO `log_aktivitas` VALUES ('154', '1', 'update', 'barang', '87', 'Aut accusamus qui mollitia autem mollitia.', '\"{\\\"old\\\":{\\\"nama\\\":\\\"et voluptates\\\",\\\"status\\\":\\\"active\\\"},\\\"new\\\":{\\\"nama\\\":\\\"excepturi totam\\\",\\\"status\\\":\\\"inactive\\\"}}\"', '252.35.146.204', 'Mozilla/5.0 (Macintosh; PPC Mac OS X 10_6_5 rv:5.0) Gecko/20111125 Firefox/35.0', '2025-11-02 19:03:24', '2025-12-29 02:07:14');
INSERT INTO `log_aktivitas` VALUES ('155', '3', 'update', 'transaksi_barang', '38', 'Aut in aut quis dolorem porro aut.', '\"{\\\"old\\\":{\\\"nama\\\":\\\"temporibus voluptatem\\\",\\\"status\\\":\\\"active\\\"},\\\"new\\\":{\\\"nama\\\":\\\"neque aspernatur\\\",\\\"status\\\":\\\"inactive\\\"}}\"', '124.254.38.114', 'Opera/8.47 (X11; Linux x86_64; sl-SI) Presto/2.12.343 Version/11.00', '2025-09-20 02:12:45', '2025-12-29 02:07:14');
INSERT INTO `log_aktivitas` VALUES ('156', '2', 'update', 'lokasi', '47', 'Perferendis esse sunt explicabo illum autem quis.', '\"{\\\"old\\\":{\\\"nama\\\":\\\"eius minus\\\",\\\"status\\\":\\\"active\\\"},\\\"new\\\":{\\\"nama\\\":\\\"et excepturi\\\",\\\"status\\\":\\\"inactive\\\"}}\"', '166.105.146.202', 'Mozilla/5.0 (compatible; MSIE 8.0; Windows 95; Trident/5.0)', '2025-10-11 18:12:07', '2025-12-29 02:07:14');
INSERT INTO `log_aktivitas` VALUES ('157', '1', 'update', 'kategori', '15', 'Autem commodi quibusdam soluta alias magni.', '\"{\\\"old\\\":{\\\"nama\\\":\\\"voluptas sint\\\",\\\"status\\\":\\\"active\\\"},\\\"new\\\":{\\\"nama\\\":\\\"rem et\\\",\\\"status\\\":\\\"inactive\\\"}}\"', '183.62.8.31', 'Mozilla/5.0 (Macintosh; PPC Mac OS X 10_6_8 rv:6.0; sl-SI) AppleWebKit/535.20.5 (KHTML, like Gecko) Version/5.0.1 Safari/535.20.5', '2025-08-12 14:32:00', '2025-12-29 02:07:14');
INSERT INTO `log_aktivitas` VALUES ('158', '3', 'update', 'barang', '100', 'Autem dolorem dolores tempora porro facere ex.', '\"{\\\"old\\\":{\\\"nama\\\":\\\"eveniet tempora\\\",\\\"status\\\":\\\"active\\\"},\\\"new\\\":{\\\"nama\\\":\\\"veritatis hic\\\",\\\"status\\\":\\\"inactive\\\"}}\"', '253.155.40.236', 'Mozilla/5.0 (compatible; MSIE 9.0; Windows NT 4.0; Trident/5.1)', '2025-09-16 13:00:35', '2025-12-29 02:07:14');
INSERT INTO `log_aktivitas` VALUES ('159', '1', 'update', 'barang', '85', 'Ratione eveniet laborum ut voluptate perspiciatis.', '\"{\\\"old\\\":{\\\"nama\\\":\\\"earum non\\\",\\\"status\\\":\\\"active\\\"},\\\"new\\\":{\\\"nama\\\":\\\"repellat quia\\\",\\\"status\\\":\\\"inactive\\\"}}\"', '20.216.182.8', 'Mozilla/5.0 (X11; Linux i686) AppleWebKit/534.1 (KHTML, like Gecko) Chrome/88.0.4667.81 Safari/534.1 EdgA/88.01047.38', '2025-12-05 17:17:01', '2025-12-29 02:07:14');
INSERT INTO `log_aktivitas` VALUES ('160', '3', 'update', 'kategori', '51', 'Nulla enim corrupti at deleniti.', '\"{\\\"old\\\":{\\\"nama\\\":\\\"delectus mollitia\\\",\\\"status\\\":\\\"active\\\"},\\\"new\\\":{\\\"nama\\\":\\\"et harum\\\",\\\"status\\\":\\\"inactive\\\"}}\"', '194.184.173.95', 'Mozilla/5.0 (compatible; MSIE 5.0; Windows 98; Win 9x 4.90; Trident/4.1)', '2025-10-22 05:58:31', '2025-12-29 02:07:14');
INSERT INTO `log_aktivitas` VALUES ('161', '2', 'update', 'kategori', '66', 'Suscipit eum voluptatem quo natus dolore impedit.', '\"{\\\"old\\\":{\\\"nama\\\":\\\"quia beatae\\\",\\\"status\\\":\\\"active\\\"},\\\"new\\\":{\\\"nama\\\":\\\"recusandae ipsum\\\",\\\"status\\\":\\\"inactive\\\"}}\"', '150.20.133.249', 'Mozilla/5.0 (iPhone; CPU iPhone OS 15_0 like Mac OS X) AppleWebKit/537.0 (KHTML, like Gecko) Version/15.0 EdgiOS/97.01102.89 Mobile/15E148 Safari/537.0', '2025-11-20 14:57:12', '2025-12-29 02:07:14');
INSERT INTO `log_aktivitas` VALUES ('162', '1', 'update', 'user', '83', 'Molestiae qui corrupti quam pariatur.', '\"{\\\"old\\\":{\\\"nama\\\":\\\"aliquid quia\\\",\\\"status\\\":\\\"active\\\"},\\\"new\\\":{\\\"nama\\\":\\\"quaerat et\\\",\\\"status\\\":\\\"inactive\\\"}}\"', '109.200.13.166', 'Mozilla/5.0 (compatible; MSIE 5.0; Windows NT 4.0; Trident/3.0)', '2025-08-28 16:00:51', '2025-12-29 02:07:14');
INSERT INTO `log_aktivitas` VALUES ('163', '1', 'update', 'transaksi_barang', '5', 'Iure ut et necessitatibus officia veniam.', '\"{\\\"old\\\":{\\\"nama\\\":\\\"harum soluta\\\",\\\"status\\\":\\\"active\\\"},\\\"new\\\":{\\\"nama\\\":\\\"nisi qui\\\",\\\"status\\\":\\\"inactive\\\"}}\"', '230.16.108.244', 'Mozilla/5.0 (compatible; MSIE 6.0; Windows NT 5.01; Trident/4.0)', '2025-11-26 06:19:16', '2025-12-29 02:07:14');
INSERT INTO `log_aktivitas` VALUES ('164', '1', 'update', 'user', '31', 'Debitis sint labore accusamus excepturi aliquid deserunt.', '\"{\\\"old\\\":{\\\"nama\\\":\\\"reiciendis error\\\",\\\"status\\\":\\\"active\\\"},\\\"new\\\":{\\\"nama\\\":\\\"veritatis aut\\\",\\\"status\\\":\\\"inactive\\\"}}\"', '65.254.90.126', 'Mozilla/5.0 (X11; Linux i686) AppleWebKit/536.1 (KHTML, like Gecko) Chrome/96.0.4387.69 Safari/536.1 EdgA/96.01018.89', '2025-09-01 23:47:48', '2025-12-29 02:07:14');
INSERT INTO `log_aktivitas` VALUES ('165', '3', 'update', 'lokasi', '54', 'Consequuntur nesciunt et natus et tempore ea rerum.', '\"{\\\"old\\\":{\\\"nama\\\":\\\"est aliquid\\\",\\\"status\\\":\\\"active\\\"},\\\"new\\\":{\\\"nama\\\":\\\"fugiat quasi\\\",\\\"status\\\":\\\"inactive\\\"}}\"', '15.73.152.32', 'Opera/8.65 (X11; Linux i686; nl-NL) Presto/2.8.282 Version/12.00', '2025-12-22 20:08:36', '2025-12-29 02:07:14');
INSERT INTO `log_aktivitas` VALUES ('166', '3', 'update', 'user', '34', 'Accusamus harum ducimus et temporibus.', '\"{\\\"old\\\":{\\\"nama\\\":\\\"animi nemo\\\",\\\"status\\\":\\\"active\\\"},\\\"new\\\":{\\\"nama\\\":\\\"ipsum maxime\\\",\\\"status\\\":\\\"inactive\\\"}}\"', '187.61.168.173', 'Mozilla/5.0 (Macintosh; U; Intel Mac OS X 10_6_7) AppleWebKit/5331 (KHTML, like Gecko) Chrome/38.0.859.0 Mobile Safari/5331', '2025-07-13 22:59:57', '2025-12-29 02:07:14');
INSERT INTO `log_aktivitas` VALUES ('167', '3', 'update', 'barang', '64', 'Ut doloribus officia a et.', '\"{\\\"old\\\":{\\\"nama\\\":\\\"quod laborum\\\",\\\"status\\\":\\\"active\\\"},\\\"new\\\":{\\\"nama\\\":\\\"distinctio adipisci\\\",\\\"status\\\":\\\"inactive\\\"}}\"', '229.103.2.170', 'Mozilla/5.0 (X11; Linux i686; rv:7.0) Gecko/20120223 Firefox/37.0', '2025-07-04 17:49:00', '2025-12-29 02:07:14');
INSERT INTO `log_aktivitas` VALUES ('168', '2', 'delete', 'lokasi', '99', 'In ut corporis delectus labore non.', '\"{\\\"old\\\":{\\\"nama\\\":\\\"consectetur soluta\\\",\\\"status\\\":\\\"active\\\"},\\\"new\\\":{\\\"nama\\\":\\\"cum ut\\\",\\\"status\\\":\\\"inactive\\\"}}\"', '246.150.19.136', 'Mozilla/5.0 (Windows CE) AppleWebKit/532.0 (KHTML, like Gecko) Chrome/96.0.4811.54 Safari/532.0 Edg/96.01052.74', '2025-09-24 08:04:31', '2025-12-29 02:07:14');
INSERT INTO `log_aktivitas` VALUES ('169', '3', 'delete', 'lokasi', '12', 'Similique sit voluptatibus quam pariatur error maxime sed repellendus.', '\"{\\\"old\\\":{\\\"nama\\\":\\\"beatae porro\\\",\\\"status\\\":\\\"active\\\"},\\\"new\\\":{\\\"nama\\\":\\\"laborum placeat\\\",\\\"status\\\":\\\"inactive\\\"}}\"', '100.1.176.166', 'Mozilla/5.0 (compatible; MSIE 8.0; Windows 98; Win 9x 4.90; Trident/5.1)', '2025-11-16 21:10:55', '2025-12-29 02:07:14');
INSERT INTO `log_aktivitas` VALUES ('170', '3', 'delete', 'kategori', '33', 'Debitis consequuntur maiores deserunt aspernatur iusto consectetur sapiente quos.', '\"{\\\"old\\\":{\\\"nama\\\":\\\"quasi aut\\\",\\\"status\\\":\\\"active\\\"},\\\"new\\\":{\\\"nama\\\":\\\"ut doloribus\\\",\\\"status\\\":\\\"inactive\\\"}}\"', '6.255.61.213', 'Mozilla/5.0 (Macintosh; U; Intel Mac OS X 10_6_9 rv:5.0) Gecko/20230423 Firefox/35.0', '2025-11-14 07:23:20', '2025-12-29 02:07:14');
INSERT INTO `log_aktivitas` VALUES ('171', '3', 'delete', 'barang', '41', 'Voluptate cum repudiandae et corporis quas eius doloribus modi.', '\"{\\\"old\\\":{\\\"nama\\\":\\\"nulla rerum\\\",\\\"status\\\":\\\"active\\\"},\\\"new\\\":{\\\"nama\\\":\\\"sapiente nesciunt\\\",\\\"status\\\":\\\"inactive\\\"}}\"', '136.69.65.159', 'Mozilla/5.0 (Windows NT 5.2; en-US; rv:1.9.0.20) Gecko/20230423 Firefox/35.0', '2025-08-03 19:24:12', '2025-12-29 02:07:14');
INSERT INTO `log_aktivitas` VALUES ('172', '3', 'delete', 'lokasi', '59', 'Beatae saepe perspiciatis aut voluptate consequuntur.', '\"{\\\"old\\\":{\\\"nama\\\":\\\"laborum et\\\",\\\"status\\\":\\\"active\\\"},\\\"new\\\":{\\\"nama\\\":\\\"ut et\\\",\\\"status\\\":\\\"inactive\\\"}}\"', '9.8.134.244', 'Opera/8.68 (Windows NT 5.0; sl-SI) Presto/2.11.225 Version/10.00', '2025-08-28 15:22:29', '2025-12-29 02:07:14');
INSERT INTO `log_aktivitas` VALUES ('173', '1', 'delete', 'user', '82', 'Nulla earum sunt incidunt ea.', '\"{\\\"old\\\":{\\\"nama\\\":\\\"ipsum neque\\\",\\\"status\\\":\\\"active\\\"},\\\"new\\\":{\\\"nama\\\":\\\"nam ipsum\\\",\\\"status\\\":\\\"inactive\\\"}}\"', '163.147.111.110', 'Mozilla/5.0 (compatible; MSIE 6.0; Windows 95; Trident/3.0)', '2025-10-04 13:59:23', '2025-12-29 02:07:14');
INSERT INTO `log_aktivitas` VALUES ('174', '1', 'delete', 'barang', '87', 'Blanditiis molestiae quibusdam est soluta ducimus exercitationem quas.', '\"{\\\"old\\\":{\\\"nama\\\":\\\"laborum maxime\\\",\\\"status\\\":\\\"active\\\"},\\\"new\\\":{\\\"nama\\\":\\\"qui blanditiis\\\",\\\"status\\\":\\\"inactive\\\"}}\"', '160.22.164.123', 'Mozilla/5.0 (X11; Linux i686; rv:7.0) Gecko/20231215 Firefox/37.0', '2025-09-01 17:59:49', '2025-12-29 02:07:14');
INSERT INTO `log_aktivitas` VALUES ('175', '3', 'delete', 'barang', '3', 'Culpa tempore non placeat et ab.', '\"{\\\"old\\\":{\\\"nama\\\":\\\"similique rem\\\",\\\"status\\\":\\\"active\\\"},\\\"new\\\":{\\\"nama\\\":\\\"consequatur omnis\\\",\\\"status\\\":\\\"inactive\\\"}}\"', '157.65.43.37', 'Mozilla/5.0 (compatible; MSIE 11.0; Windows NT 4.0; Trident/4.1)', '2025-12-18 16:37:02', '2025-12-29 02:07:14');
INSERT INTO `log_aktivitas` VALUES ('176', '3', 'delete', 'user', '71', 'Voluptate dolor provident commodi consectetur natus ab dicta.', '\"{\\\"old\\\":{\\\"nama\\\":\\\"voluptatem in\\\",\\\"status\\\":\\\"active\\\"},\\\"new\\\":{\\\"nama\\\":\\\"hic est\\\",\\\"status\\\":\\\"inactive\\\"}}\"', '38.117.13.189', 'Mozilla/5.0 (Macintosh; PPC Mac OS X 10_7_8) AppleWebKit/5351 (KHTML, like Gecko) Chrome/40.0.817.0 Mobile Safari/5351', '2025-10-30 19:58:44', '2025-12-29 02:07:14');
INSERT INTO `log_aktivitas` VALUES ('177', '3', 'delete', 'lokasi', '4', 'Saepe saepe et magnam repellat alias.', '\"{\\\"old\\\":{\\\"nama\\\":\\\"sint cumque\\\",\\\"status\\\":\\\"active\\\"},\\\"new\\\":{\\\"nama\\\":\\\"eos officiis\\\",\\\"status\\\":\\\"inactive\\\"}}\"', '81.151.78.166', 'Opera/8.87 (X11; Linux x86_64; nl-NL) Presto/2.12.186 Version/11.00', '2025-11-21 15:37:23', '2025-12-29 02:07:14');
INSERT INTO `log_aktivitas` VALUES ('178', '1', 'login', NULL, NULL, 'User berhasil login ke sistem', NULL, '127.0.0.1', 'Mozilla/5.0 (Windows NT 10.0; Win64; x64) AppleWebKit/537.36 (KHTML, like Gecko) Chrome/143.0.0.0 Safari/537.36', '2025-12-29 04:58:32', '2025-12-29 04:58:32');
INSERT INTO `log_aktivitas` VALUES ('179', '1', 'login', NULL, NULL, 'User berhasil login ke sistem', NULL, '127.0.0.1', 'Mozilla/5.0 (Windows NT 10.0; Win64; x64) AppleWebKit/537.36 (KHTML, like Gecko) Chrome/143.0.0.0 Safari/537.36', '2025-12-29 05:44:06', '2025-12-29 05:44:06');
INSERT INTO `log_aktivitas` VALUES ('180', '2', 'login', NULL, NULL, 'User berhasil login ke sistem', NULL, '127.0.0.1', 'Mozilla/5.0 (Windows NT 10.0; Win64; x64) AppleWebKit/537.36 (KHTML, like Gecko) Chrome/143.0.0.0 Safari/537.36', '2025-12-29 05:48:49', '2025-12-29 05:48:49');
INSERT INTO `log_aktivitas` VALUES ('181', '3', 'login', NULL, NULL, 'User berhasil login ke sistem', NULL, '127.0.0.1', 'Mozilla/5.0 (Windows NT 10.0; Win64; x64) AppleWebKit/537.36 (KHTML, like Gecko) Chrome/143.0.0.0 Safari/537.36', '2025-12-29 05:58:15', '2025-12-29 05:58:15');
INSERT INTO `log_aktivitas` VALUES ('182', '1', 'update', 'transaksi_barang', '26', 'Mengubah transaksi barang TRX-PND-000001 - status approval berubah dari pending menjadi approved', '{\"after\": {\"id\": 26, \"jumlah\": 50, \"user_id\": 1, \"barang_id\": 1, \"created_at\": \"2025-12-29 02:07:13\", \"keterangan\": \"Menunggu approval\", \"updated_at\": \"2025-12-29 05:59:58\", \"approved_at\": \"2025-12-29 05:59:58\", \"approved_by\": 3, \"approval_notes\": null, \"kode_transaksi\": \"TRX-PND-000001\", \"tipe_transaksi\": \"masuk\", \"approval_status\": \"approved\", \"penanggung_jawab\": \"Supplier\", \"tanggal_transaksi\": \"2025-12-29\"}, \"before\": {\"id\": 26, \"jumlah\": 50, \"user_id\": 1, \"barang_id\": 1, \"created_at\": \"2025-12-29T02:07:13.000000Z\", \"keterangan\": \"Menunggu approval\", \"updated_at\": \"2025-12-29T02:07:13.000000Z\", \"approved_at\": null, \"approved_by\": null, \"approval_notes\": null, \"kode_transaksi\": \"TRX-PND-000001\", \"tipe_transaksi\": \"masuk\", \"approval_status\": \"pending\", \"penanggung_jawab\": \"Supplier\", \"tanggal_transaksi\": \"2025-12-29T00:00:00.000000Z\"}}', '127.0.0.1', 'Mozilla/5.0 (Windows NT 10.0; Win64; x64) AppleWebKit/537.36 (KHTML, like Gecko) Chrome/143.0.0.0 Safari/537.36', '2025-12-29 05:59:58', '2025-12-29 05:59:58');
INSERT INTO `log_aktivitas` VALUES ('183', '3', 'update', 'barang', '1', 'Mengubah data barang: esse ducimus doloremque (BRG000001)', '{\"after\": {\"id\": 1, \"merk\": \"HP\", \"satuan\": \"kg\", \"status\": \"rusak\", \"deskripsi\": \"Est reiciendis dolor totam mollitia.\", \"lokasi_id\": 5, \"created_at\": \"2025-12-29 02:07:12\", \"deleted_at\": null, \"updated_at\": \"2025-12-29 02:07:13\", \"jumlah_stok\": 167, \"kategori_id\": 3, \"kode_barang\": \"BRG000001\", \"nama_barang\": \"esse ducimus doloremque\", \"harga_satuan\": \"320770.00\", \"reorder_point\": 6, \"tanggal_pembelian\": \"2025-03-16\"}, \"before\": {\"id\": 1, \"merk\": \"HP\", \"satuan\": \"kg\", \"status\": \"rusak\", \"deskripsi\": \"Est reiciendis dolor totam mollitia.\", \"lokasi_id\": 5, \"created_at\": \"2025-12-29T02:07:12.000000Z\", \"deleted_at\": null, \"updated_at\": \"2025-12-29T02:07:13.000000Z\", \"jumlah_stok\": 117, \"kategori_id\": 3, \"kode_barang\": \"BRG000001\", \"nama_barang\": \"esse ducimus doloremque\", \"harga_satuan\": \"320770.00\", \"reorder_point\": 6, \"tanggal_pembelian\": \"2025-03-16T00:00:00.000000Z\"}}', '127.0.0.1', 'Mozilla/5.0 (Windows NT 10.0; Win64; x64) AppleWebKit/537.36 (KHTML, like Gecko) Chrome/143.0.0.0 Safari/537.36', '2025-12-29 05:59:58', '2025-12-29 05:59:58');
INSERT INTO `log_aktivitas` VALUES ('184', '1', 'login', NULL, NULL, 'User berhasil login ke sistem', NULL, '127.0.0.1', 'Mozilla/5.0 (Windows NT 10.0; Win64; x64) AppleWebKit/537.36 (KHTML, like Gecko) Chrome/143.0.0.0 Safari/537.36', '2025-12-29 06:49:51', '2025-12-29 06:49:51');
INSERT INTO `log_aktivitas` VALUES ('185', '1', 'login', NULL, NULL, 'User berhasil login ke sistem', NULL, '127.0.0.1', 'Mozilla/5.0 (Windows NT 10.0; Win64; x64) AppleWebKit/537.36 (KHTML, like Gecko) Chrome/143.0.0.0 Safari/537.36', '2025-12-29 06:58:36', '2025-12-29 06:58:36');
INSERT INTO `log_aktivitas` VALUES ('186', '3', 'login', NULL, NULL, 'User berhasil login ke sistem', NULL, '127.0.0.1', 'Mozilla/5.0 (Windows NT 10.0; Win64; x64) AppleWebKit/537.36 (KHTML, like Gecko) Chrome/143.0.0.0 Safari/537.36', '2025-12-29 06:59:11', '2025-12-29 06:59:11');
INSERT INTO `log_aktivitas` VALUES ('187', '2', 'login', NULL, NULL, 'User berhasil login ke sistem', NULL, '127.0.0.1', 'Mozilla/5.0 (Windows NT 10.0; Win64; x64) AppleWebKit/537.36 (KHTML, like Gecko) Chrome/143.0.0.0 Safari/537.36', '2025-12-29 07:11:12', '2025-12-29 07:11:12');
INSERT INTO `log_aktivitas` VALUES ('188', '3', 'login', NULL, NULL, 'User berhasil login ke sistem', NULL, '127.0.0.1', 'Mozilla/5.0 (Windows NT 10.0; Win64; x64) AppleWebKit/537.36 (KHTML, like Gecko) Chrome/143.0.0.0 Safari/537.36', '2025-12-29 07:33:05', '2025-12-29 07:33:05');

-- Structure for table `lokasi`
DROP TABLE IF EXISTS `lokasi`;
CREATE TABLE `lokasi` (
  `id` bigint unsigned NOT NULL AUTO_INCREMENT,
  `nama_lokasi` varchar(100) COLLATE utf8mb4_unicode_ci NOT NULL,
  `gedung` varchar(50) COLLATE utf8mb4_unicode_ci DEFAULT NULL,
  `lantai` varchar(20) COLLATE utf8mb4_unicode_ci DEFAULT NULL,
  `keterangan` text COLLATE utf8mb4_unicode_ci,
  `created_at` timestamp NULL DEFAULT NULL,
  `updated_at` timestamp NULL DEFAULT NULL,
  `deleted_at` timestamp NULL DEFAULT NULL,
  PRIMARY KEY (`id`),
  KEY `lokasi_nama_lokasi_index` (`nama_lokasi`)
) ENGINE=InnoDB AUTO_INCREMENT=6 DEFAULT CHARSET=utf8mb4 COLLATE=utf8mb4_unicode_ci;

-- Data for table `lokasi`
INSERT INTO `lokasi` VALUES ('1', 'Gudang Penyimpanan', 'Gedung Belakang', '1', 'Gudang utama untuk penyimpanan barang inventaris', '2025-12-29 02:07:12', '2025-12-29 02:07:12', NULL);
INSERT INTO `lokasi` VALUES ('2', 'Ruang Kepala Sekolah', 'Gedung Utama', '2', 'Ruang kerja kepala sekolah', '2025-12-29 02:07:12', '2025-12-29 02:07:12', NULL);
INSERT INTO `lokasi` VALUES ('3', 'Laboratorium Komputer', 'Gedung Laboratorium', '2', 'Lab komputer untuk praktikum siswa', '2025-12-29 02:07:12', '2025-12-29 02:07:12', NULL);
INSERT INTO `lokasi` VALUES ('4', 'Perpustakaan', 'Gedung Utama', '2', 'Ruang perpustakaan sekolah', '2025-12-29 02:07:12', '2025-12-29 02:07:12', NULL);
INSERT INTO `lokasi` VALUES ('5', 'Ruang Kelas', 'Gedung Kelas', '1', 'Ruang belajar mengajar siswa', '2025-12-29 02:07:12', '2025-12-29 02:07:12', NULL);

-- Structure for table `migrations`
DROP TABLE IF EXISTS `migrations`;
CREATE TABLE `migrations` (
  `id` int unsigned NOT NULL AUTO_INCREMENT,
  `migration` varchar(255) COLLATE utf8mb4_unicode_ci NOT NULL,
  `batch` int NOT NULL,
  PRIMARY KEY (`id`)
) ENGINE=InnoDB AUTO_INCREMENT=14 DEFAULT CHARSET=utf8mb4 COLLATE=utf8mb4_unicode_ci;

-- Data for table `migrations`
INSERT INTO `migrations` VALUES ('1', '0001_01_01_000000_create_users_table', '1');
INSERT INTO `migrations` VALUES ('2', '0001_01_01_000001_create_cache_table', '1');
INSERT INTO `migrations` VALUES ('3', '0001_01_01_000002_create_jobs_table', '1');
INSERT INTO `migrations` VALUES ('4', '2025_12_18_120025_create_permission_tables', '1');
INSERT INTO `migrations` VALUES ('5', '2025_12_18_120100_create_kategori_table', '1');
INSERT INTO `migrations` VALUES ('6', '2025_12_18_120101_create_lokasi_table', '1');
INSERT INTO `migrations` VALUES ('7', '2025_12_18_120102_create_barang_table', '1');
INSERT INTO `migrations` VALUES ('8', '2025_12_18_120102_create_transaksi_barang_table', '1');
INSERT INTO `migrations` VALUES ('9', '2025_12_18_120104_create_log_aktivitas_table', '1');
INSERT INTO `migrations` VALUES ('10', '2025_12_18_120105_add_role_to_users_table', '1');
INSERT INTO `migrations` VALUES ('11', '2025_12_21_061109_create_barang_rusaks_table', '1');
INSERT INTO `migrations` VALUES ('12', '2025_12_21_113720_create_backup_logs_table', '1');
INSERT INTO `migrations` VALUES ('13', '2025_12_21_143000_add_approval_fields_to_transaksi_barang_table', '1');

-- Structure for table `model_has_permissions`
DROP TABLE IF EXISTS `model_has_permissions`;
CREATE TABLE `model_has_permissions` (
  `permission_id` bigint unsigned NOT NULL,
  `model_type` varchar(255) COLLATE utf8mb4_unicode_ci NOT NULL,
  `model_id` bigint unsigned NOT NULL,
  PRIMARY KEY (`permission_id`,`model_id`,`model_type`),
  KEY `model_has_permissions_model_id_model_type_index` (`model_id`,`model_type`),
  CONSTRAINT `model_has_permissions_permission_id_foreign` FOREIGN KEY (`permission_id`) REFERENCES `permissions` (`id`) ON DELETE CASCADE
) ENGINE=InnoDB DEFAULT CHARSET=utf8mb4 COLLATE=utf8mb4_unicode_ci;

-- Structure for table `model_has_roles`
DROP TABLE IF EXISTS `model_has_roles`;
CREATE TABLE `model_has_roles` (
  `role_id` bigint unsigned NOT NULL,
  `model_type` varchar(255) COLLATE utf8mb4_unicode_ci NOT NULL,
  `model_id` bigint unsigned NOT NULL,
  PRIMARY KEY (`role_id`,`model_id`,`model_type`),
  KEY `model_has_roles_model_id_model_type_index` (`model_id`,`model_type`),
  CONSTRAINT `model_has_roles_role_id_foreign` FOREIGN KEY (`role_id`) REFERENCES `roles` (`id`) ON DELETE CASCADE
) ENGINE=InnoDB DEFAULT CHARSET=utf8mb4 COLLATE=utf8mb4_unicode_ci;

-- Data for table `model_has_roles`
INSERT INTO `model_has_roles` VALUES ('1', 'App\\Models\\User', '1');
INSERT INTO `model_has_roles` VALUES ('2', 'App\\Models\\User', '2');
INSERT INTO `model_has_roles` VALUES ('3', 'App\\Models\\User', '3');

-- Structure for table `password_reset_tokens`
DROP TABLE IF EXISTS `password_reset_tokens`;
CREATE TABLE `password_reset_tokens` (
  `email` varchar(255) COLLATE utf8mb4_unicode_ci NOT NULL,
  `token` varchar(255) COLLATE utf8mb4_unicode_ci NOT NULL,
  `created_at` timestamp NULL DEFAULT NULL,
  PRIMARY KEY (`email`)
) ENGINE=InnoDB DEFAULT CHARSET=utf8mb4 COLLATE=utf8mb4_unicode_ci;

-- Structure for table `permissions`
DROP TABLE IF EXISTS `permissions`;
CREATE TABLE `permissions` (
  `id` bigint unsigned NOT NULL AUTO_INCREMENT,
  `name` varchar(255) COLLATE utf8mb4_unicode_ci NOT NULL,
  `guard_name` varchar(255) COLLATE utf8mb4_unicode_ci NOT NULL,
  `created_at` timestamp NULL DEFAULT NULL,
  `updated_at` timestamp NULL DEFAULT NULL,
  PRIMARY KEY (`id`),
  UNIQUE KEY `permissions_name_guard_name_unique` (`name`,`guard_name`)
) ENGINE=InnoDB AUTO_INCREMENT=33 DEFAULT CHARSET=utf8mb4 COLLATE=utf8mb4_unicode_ci;

-- Data for table `permissions`
INSERT INTO `permissions` VALUES ('1', 'view_users', 'web', '2025-12-29 02:07:11', '2025-12-29 02:07:11');
INSERT INTO `permissions` VALUES ('2', 'create_users', 'web', '2025-12-29 02:07:11', '2025-12-29 02:07:11');
INSERT INTO `permissions` VALUES ('3', 'edit_users', 'web', '2025-12-29 02:07:11', '2025-12-29 02:07:11');
INSERT INTO `permissions` VALUES ('4', 'delete_users', 'web', '2025-12-29 02:07:11', '2025-12-29 02:07:11');
INSERT INTO `permissions` VALUES ('5', 'reset_password', 'web', '2025-12-29 02:07:11', '2025-12-29 02:07:11');
INSERT INTO `permissions` VALUES ('6', 'view_kategoris', 'web', '2025-12-29 02:07:11', '2025-12-29 02:07:11');
INSERT INTO `permissions` VALUES ('7', 'create_kategoris', 'web', '2025-12-29 02:07:11', '2025-12-29 02:07:11');
INSERT INTO `permissions` VALUES ('8', 'edit_kategoris', 'web', '2025-12-29 02:07:11', '2025-12-29 02:07:11');
INSERT INTO `permissions` VALUES ('9', 'delete_kategoris', 'web', '2025-12-29 02:07:11', '2025-12-29 02:07:11');
INSERT INTO `permissions` VALUES ('10', 'view_barangs', 'web', '2025-12-29 02:07:11', '2025-12-29 02:07:11');
INSERT INTO `permissions` VALUES ('11', 'create_barangs', 'web', '2025-12-29 02:07:11', '2025-12-29 02:07:11');
INSERT INTO `permissions` VALUES ('12', 'edit_barangs', 'web', '2025-12-29 02:07:11', '2025-12-29 02:07:11');
INSERT INTO `permissions` VALUES ('13', 'delete_barangs', 'web', '2025-12-29 02:07:11', '2025-12-29 02:07:11');
INSERT INTO `permissions` VALUES ('14', 'view_lokasis', 'web', '2025-12-29 02:07:11', '2025-12-29 02:07:11');
INSERT INTO `permissions` VALUES ('15', 'create_lokasis', 'web', '2025-12-29 02:07:11', '2025-12-29 02:07:11');
INSERT INTO `permissions` VALUES ('16', 'edit_lokasis', 'web', '2025-12-29 02:07:11', '2025-12-29 02:07:11');
INSERT INTO `permissions` VALUES ('17', 'delete_lokasis', 'web', '2025-12-29 02:07:11', '2025-12-29 02:07:11');
INSERT INTO `permissions` VALUES ('18', 'view_transaksi_barangs', 'web', '2025-12-29 02:07:11', '2025-12-29 02:07:11');
INSERT INTO `permissions` VALUES ('19', 'create_transaksi_barangs', 'web', '2025-12-29 02:07:11', '2025-12-29 02:07:11');
INSERT INTO `permissions` VALUES ('20', 'edit_transaksi_barangs', 'web', '2025-12-29 02:07:11', '2025-12-29 02:07:11');
INSERT INTO `permissions` VALUES ('21', 'delete_transaksi_barangs', 'web', '2025-12-29 02:07:11', '2025-12-29 02:07:11');
INSERT INTO `permissions` VALUES ('22', 'approve_transaksi_barangs', 'web', '2025-12-29 02:07:11', '2025-12-29 02:07:11');
INSERT INTO `permissions` VALUES ('23', 'view_barang_rusaks', 'web', '2025-12-29 02:07:11', '2025-12-29 02:07:11');
INSERT INTO `permissions` VALUES ('24', 'create_barang_rusaks', 'web', '2025-12-29 02:07:11', '2025-12-29 02:07:11');
INSERT INTO `permissions` VALUES ('25', 'edit_barang_rusaks', 'web', '2025-12-29 02:07:11', '2025-12-29 02:07:11');
INSERT INTO `permissions` VALUES ('26', 'delete_barang_rusaks', 'web', '2025-12-29 02:07:11', '2025-12-29 02:07:11');
INSERT INTO `permissions` VALUES ('27', 'view_log_aktivitas', 'web', '2025-12-29 02:07:11', '2025-12-29 02:07:11');
INSERT INTO `permissions` VALUES ('28', 'delete_log_aktivitas', 'web', '2025-12-29 02:07:11', '2025-12-29 02:07:11');
INSERT INTO `permissions` VALUES ('29', 'view_dashboard', 'web', '2025-12-29 02:07:11', '2025-12-29 02:07:11');
INSERT INTO `permissions` VALUES ('30', 'view_laporan', 'web', '2025-12-29 02:07:11', '2025-12-29 02:07:11');
INSERT INTO `permissions` VALUES ('31', 'backup_system', 'web', '2025-12-29 02:07:11', '2025-12-29 02:07:11');
INSERT INTO `permissions` VALUES ('32', 'restore_system', 'web', '2025-12-29 02:07:11', '2025-12-29 02:07:11');

-- Structure for table `role_has_permissions`
DROP TABLE IF EXISTS `role_has_permissions`;
CREATE TABLE `role_has_permissions` (
  `permission_id` bigint unsigned NOT NULL,
  `role_id` bigint unsigned NOT NULL,
  PRIMARY KEY (`permission_id`,`role_id`),
  KEY `role_has_permissions_role_id_foreign` (`role_id`),
  CONSTRAINT `role_has_permissions_permission_id_foreign` FOREIGN KEY (`permission_id`) REFERENCES `permissions` (`id`) ON DELETE CASCADE,
  CONSTRAINT `role_has_permissions_role_id_foreign` FOREIGN KEY (`role_id`) REFERENCES `roles` (`id`) ON DELETE CASCADE
) ENGINE=InnoDB DEFAULT CHARSET=utf8mb4 COLLATE=utf8mb4_unicode_ci;

-- Data for table `role_has_permissions`
INSERT INTO `role_has_permissions` VALUES ('1', '1');
INSERT INTO `role_has_permissions` VALUES ('2', '1');
INSERT INTO `role_has_permissions` VALUES ('3', '1');
INSERT INTO `role_has_permissions` VALUES ('4', '1');
INSERT INTO `role_has_permissions` VALUES ('5', '1');
INSERT INTO `role_has_permissions` VALUES ('6', '1');
INSERT INTO `role_has_permissions` VALUES ('7', '1');
INSERT INTO `role_has_permissions` VALUES ('8', '1');
INSERT INTO `role_has_permissions` VALUES ('9', '1');
INSERT INTO `role_has_permissions` VALUES ('10', '1');
INSERT INTO `role_has_permissions` VALUES ('11', '1');
INSERT INTO `role_has_permissions` VALUES ('12', '1');
INSERT INTO `role_has_permissions` VALUES ('13', '1');
INSERT INTO `role_has_permissions` VALUES ('14', '1');
INSERT INTO `role_has_permissions` VALUES ('15', '1');
INSERT INTO `role_has_permissions` VALUES ('16', '1');
INSERT INTO `role_has_permissions` VALUES ('17', '1');
INSERT INTO `role_has_permissions` VALUES ('18', '1');
INSERT INTO `role_has_permissions` VALUES ('19', '1');
INSERT INTO `role_has_permissions` VALUES ('20', '1');
INSERT INTO `role_has_permissions` VALUES ('21', '1');
INSERT INTO `role_has_permissions` VALUES ('22', '1');
INSERT INTO `role_has_permissions` VALUES ('23', '1');
INSERT INTO `role_has_permissions` VALUES ('24', '1');
INSERT INTO `role_has_permissions` VALUES ('25', '1');
INSERT INTO `role_has_permissions` VALUES ('26', '1');
INSERT INTO `role_has_permissions` VALUES ('27', '1');
INSERT INTO `role_has_permissions` VALUES ('28', '1');
INSERT INTO `role_has_permissions` VALUES ('29', '1');
INSERT INTO `role_has_permissions` VALUES ('30', '1');
INSERT INTO `role_has_permissions` VALUES ('31', '1');
INSERT INTO `role_has_permissions` VALUES ('32', '1');
INSERT INTO `role_has_permissions` VALUES ('10', '2');
INSERT INTO `role_has_permissions` VALUES ('11', '2');
INSERT INTO `role_has_permissions` VALUES ('12', '2');
INSERT INTO `role_has_permissions` VALUES ('13', '2');
INSERT INTO `role_has_permissions` VALUES ('18', '2');
INSERT INTO `role_has_permissions` VALUES ('19', '2');
INSERT INTO `role_has_permissions` VALUES ('20', '2');
INSERT INTO `role_has_permissions` VALUES ('21', '2');
INSERT INTO `role_has_permissions` VALUES ('23', '2');
INSERT INTO `role_has_permissions` VALUES ('24', '2');
INSERT INTO `role_has_permissions` VALUES ('25', '2');
INSERT INTO `role_has_permissions` VALUES ('26', '2');
INSERT INTO `role_has_permissions` VALUES ('29', '2');
INSERT INTO `role_has_permissions` VALUES ('30', '2');
INSERT INTO `role_has_permissions` VALUES ('10', '3');
INSERT INTO `role_has_permissions` VALUES ('18', '3');
INSERT INTO `role_has_permissions` VALUES ('22', '3');
INSERT INTO `role_has_permissions` VALUES ('23', '3');
INSERT INTO `role_has_permissions` VALUES ('29', '3');
INSERT INTO `role_has_permissions` VALUES ('30', '3');

-- Structure for table `roles`
DROP TABLE IF EXISTS `roles`;
CREATE TABLE `roles` (
  `id` bigint unsigned NOT NULL AUTO_INCREMENT,
  `name` varchar(255) COLLATE utf8mb4_unicode_ci NOT NULL,
  `guard_name` varchar(255) COLLATE utf8mb4_unicode_ci NOT NULL,
  `created_at` timestamp NULL DEFAULT NULL,
  `updated_at` timestamp NULL DEFAULT NULL,
  PRIMARY KEY (`id`),
  UNIQUE KEY `roles_name_guard_name_unique` (`name`,`guard_name`)
) ENGINE=InnoDB AUTO_INCREMENT=4 DEFAULT CHARSET=utf8mb4 COLLATE=utf8mb4_unicode_ci;

-- Data for table `roles`
INSERT INTO `roles` VALUES ('1', 'Admin Sistem', 'web', '2025-12-29 02:07:11', '2025-12-29 02:07:11');
INSERT INTO `roles` VALUES ('2', 'Petugas Inventaris', 'web', '2025-12-29 02:07:11', '2025-12-29 02:07:11');
INSERT INTO `roles` VALUES ('3', 'Kepala Sekolah', 'web', '2025-12-29 02:07:11', '2025-12-29 02:07:11');

-- Structure for table `sessions`
DROP TABLE IF EXISTS `sessions`;
CREATE TABLE `sessions` (
  `id` varchar(255) COLLATE utf8mb4_unicode_ci NOT NULL,
  `user_id` bigint unsigned DEFAULT NULL,
  `ip_address` varchar(45) COLLATE utf8mb4_unicode_ci DEFAULT NULL,
  `user_agent` text COLLATE utf8mb4_unicode_ci,
  `payload` longtext COLLATE utf8mb4_unicode_ci NOT NULL,
  `last_activity` int NOT NULL,
  PRIMARY KEY (`id`),
  KEY `sessions_user_id_index` (`user_id`),
  KEY `sessions_last_activity_index` (`last_activity`)
) ENGINE=InnoDB DEFAULT CHARSET=utf8mb4 COLLATE=utf8mb4_unicode_ci;

-- Data for table `sessions`
INSERT INTO `sessions` VALUES ('6vaNs5UxlFz1O64yMekxv6qqlrXrVSF5tef9uMzC', '1', '127.0.0.1', 'Mozilla/5.0 (Windows NT 10.0; Win64; x64) AppleWebKit/537.36 (KHTML, like Gecko) Chrome/143.0.0.0 Safari/537.36', 'YTo4OntzOjY6Il90b2tlbiI7czo0MDoib1pZalVpM2FkOWcyYks1c2VxMnk5ZEdacTBPR2lZbk1CelVxNnRTeSI7czo2OiJfZmxhc2giO2E6Mjp7czozOiJvbGQiO2E6MDp7fXM6MzoibmV3IjthOjA6e319czo5OiJfcHJldmlvdXMiO2E6Mjp7czozOiJ1cmwiO3M6MzU6Imh0dHA6Ly9sb2NhbGhvc3Q6ODAwMC9hZG1pbi9sb2thc2lzIjtzOjU6InJvdXRlIjtzOjM4OiJmaWxhbWVudC5hZG1pbi5yZXNvdXJjZXMubG9rYXNpcy5pbmRleCI7fXM6MzoidXJsIjthOjA6e31zOjUwOiJsb2dpbl93ZWJfNTliYTM2YWRkYzJiMmY5NDAxNTgwZjAxNGM3ZjU4ZWE0ZTMwOTg5ZCI7aToxO3M6MTI6ImxvZ2luX2xvZ2dlZCI7YjoxO3M6MTc6InBhc3N3b3JkX2hhc2hfd2ViIjtzOjYwOiIkMnkkMTIkdXZYalZtcnA1eUFKNlI3MEZaS0VCdWlvd1gxNi9ndUlKMEJySkVkeGVIRzkzamhTN1B3YUciO3M6NjoidGFibGVzIjthOjI6e3M6NDA6IjM2NmYwODcwNzE5NTc5OTU3NjE5OWRmMDY2NTc3Y2ZiX2NvbHVtbnMiO2E6Nzp7aTowO2E6Nzp7czo0OiJ0eXBlIjtzOjY6ImNvbHVtbiI7czo0OiJuYW1lIjtzOjExOiJrb2RlX2JhcmFuZyI7czo1OiJsYWJlbCI7czoxMToiS29kZSBCYXJhbmciO3M6ODoiaXNIaWRkZW4iO2I6MDtzOjk6ImlzVG9nZ2xlZCI7YjoxO3M6MTI6ImlzVG9nZ2xlYWJsZSI7YjowO3M6MjQ6ImlzVG9nZ2xlZEhpZGRlbkJ5RGVmYXVsdCI7Tjt9aToxO2E6Nzp7czo0OiJ0eXBlIjtzOjY6ImNvbHVtbiI7czo0OiJuYW1lIjtzOjExOiJuYW1hX2JhcmFuZyI7czo1OiJsYWJlbCI7czoxMToiTmFtYSBCYXJhbmciO3M6ODoiaXNIaWRkZW4iO2I6MDtzOjk6ImlzVG9nZ2xlZCI7YjoxO3M6MTI6ImlzVG9nZ2xlYWJsZSI7YjowO3M6MjQ6ImlzVG9nZ2xlZEhpZGRlbkJ5RGVmYXVsdCI7Tjt9aToyO2E6Nzp7czo0OiJ0eXBlIjtzOjY6ImNvbHVtbiI7czo0OiJuYW1lIjtzOjIyOiJrYXRlZ29yaS5uYW1hX2thdGVnb3JpIjtzOjU6ImxhYmVsIjtzOjg6IkthdGVnb3JpIjtzOjg6ImlzSGlkZGVuIjtiOjA7czo5OiJpc1RvZ2dsZWQiO2I6MTtzOjEyOiJpc1RvZ2dsZWFibGUiO2I6MDtzOjI0OiJpc1RvZ2dsZWRIaWRkZW5CeURlZmF1bHQiO047fWk6MzthOjc6e3M6NDoidHlwZSI7czo2OiJjb2x1bW4iO3M6NDoibmFtZSI7czoxODoibG9rYXNpLm5hbWFfbG9rYXNpIjtzOjU6ImxhYmVsIjtzOjY6Ikxva2FzaSI7czo4OiJpc0hpZGRlbiI7YjowO3M6OToiaXNUb2dnbGVkIjtiOjE7czoxMjoiaXNUb2dnbGVhYmxlIjtiOjA7czoyNDoiaXNUb2dnbGVkSGlkZGVuQnlEZWZhdWx0IjtOO31pOjQ7YTo3OntzOjQ6InR5cGUiO3M6NjoiY29sdW1uIjtzOjQ6Im5hbWUiO3M6MTE6Imp1bWxhaF9zdG9rIjtzOjU6ImxhYmVsIjtzOjEzOiJTdG9rIFNhYXQgSW5pIjtzOjg6ImlzSGlkZGVuIjtiOjA7czo5OiJpc1RvZ2dsZWQiO2I6MTtzOjEyOiJpc1RvZ2dsZWFibGUiO2I6MDtzOjI0OiJpc1RvZ2dsZWRIaWRkZW5CeURlZmF1bHQiO047fWk6NTthOjc6e3M6NDoidHlwZSI7czo2OiJjb2x1bW4iO3M6NDoibmFtZSI7czoxMzoicmVvcmRlcl9wb2ludCI7czo1OiJsYWJlbCI7czoxOToiQmF0YXMgTWluaW11bSAoUk9QKSI7czo4OiJpc0hpZGRlbiI7YjowO3M6OToiaXNUb2dnbGVkIjtiOjE7czoxMjoiaXNUb2dnbGVhYmxlIjtiOjA7czoyNDoiaXNUb2dnbGVkSGlkZGVuQnlEZWZhdWx0IjtOO31pOjY7YTo3OntzOjQ6InR5cGUiO3M6NjoiY29sdW1uIjtzOjQ6Im5hbWUiO3M6Njoic3RhdHVzIjtzOjU6ImxhYmVsIjtzOjY6IlN0YXR1cyI7czo4OiJpc0hpZGRlbiI7YjowO3M6OToiaXNUb2dnbGVkIjtiOjE7czoxMjoiaXNUb2dnbGVhYmxlIjtiOjA7czoyNDoiaXNUb2dnbGVkSGlkZGVuQnlEZWZhdWx0IjtOO319czo0MDoiNzkwOWNjZTExM2NlZGJmZWYwZTlhYjVhZDhhOGFiNGNfY29sdW1ucyI7YTo1OntpOjA7YTo3OntzOjQ6InR5cGUiO3M6NjoiY29sdW1uIjtzOjQ6Im5hbWUiO3M6MTE6Im5hbWFfbG9rYXNpIjtzOjU6ImxhYmVsIjtzOjExOiJOYW1hIExva2FzaSI7czo4OiJpc0hpZGRlbiI7YjowO3M6OToiaXNUb2dnbGVkIjtiOjE7czoxMjoiaXNUb2dnbGVhYmxlIjtiOjA7czoyNDoiaXNUb2dnbGVkSGlkZGVuQnlEZWZhdWx0IjtOO31pOjE7YTo3OntzOjQ6InR5cGUiO3M6NjoiY29sdW1uIjtzOjQ6Im5hbWUiO3M6MTA6ImtldGVyYW5nYW4iO3M6NToibGFiZWwiO3M6MTA6IktldGVyYW5nYW4iO3M6ODoiaXNIaWRkZW4iO2I6MDtzOjk6ImlzVG9nZ2xlZCI7YjoxO3M6MTI6ImlzVG9nZ2xlYWJsZSI7YjoxO3M6MjQ6ImlzVG9nZ2xlZEhpZGRlbkJ5RGVmYXVsdCI7YjowO31pOjI7YTo3OntzOjQ6InR5cGUiO3M6NjoiY29sdW1uIjtzOjQ6Im5hbWUiO3M6MTI6ImJhcmFuZ19jb3VudCI7czo1OiJsYWJlbCI7czoxMzoiSnVtbGFoIEJhcmFuZyI7czo4OiJpc0hpZGRlbiI7YjowO3M6OToiaXNUb2dnbGVkIjtiOjE7czoxMjoiaXNUb2dnbGVhYmxlIjtiOjA7czoyNDoiaXNUb2dnbGVkSGlkZGVuQnlEZWZhdWx0IjtOO31pOjM7YTo3OntzOjQ6InR5cGUiO3M6NjoiY29sdW1uIjtzOjQ6Im5hbWUiO3M6MTA6ImNyZWF0ZWRfYXQiO3M6NToibGFiZWwiO3M6NjoiRGlidWF0IjtzOjg6ImlzSGlkZGVuIjtiOjA7czo5OiJpc1RvZ2dsZWQiO2I6MDtzOjEyOiJpc1RvZ2dsZWFibGUiO2I6MTtzOjI0OiJpc1RvZ2dsZWRIaWRkZW5CeURlZmF1bHQiO2I6MTt9aTo0O2E6Nzp7czo0OiJ0eXBlIjtzOjY6ImNvbHVtbiI7czo0OiJuYW1lIjtzOjEwOiJ1cGRhdGVkX2F0IjtzOjU6ImxhYmVsIjtzOjY6IkRpdWJhaCI7czo4OiJpc0hpZGRlbiI7YjowO3M6OToiaXNUb2dnbGVkIjtiOjA7czoxMjoiaXNUb2dnbGVhYmxlIjtiOjE7czoyNDoiaXNUb2dnbGVkSGlkZGVuQnlEZWZhdWx0IjtiOjE7fX19fQ==', '1766991362');
INSERT INTO `sessions` VALUES ('7OarlWH0yarptwQO0SI9YkXowgRsR72Jzfwf1md7', '2', '127.0.0.1', 'Mozilla/5.0 (Windows NT 10.0; Win64; x64) AppleWebKit/537.36 (KHTML, like Gecko) Chrome/143.0.0.0 Safari/537.36', 'YTo4OntzOjY6Il90b2tlbiI7czo0MDoiU2RqZ0FtY1hBQjhRaEZzRHI5OGZHVEdqY3NiS3JOUkgyanJ6ckt4biI7czo2OiJfZmxhc2giO2E6Mjp7czozOiJvbGQiO2E6MDp7fXM6MzoibmV3IjthOjA6e319czo5OiJfcHJldmlvdXMiO2E6Mjp7czozOiJ1cmwiO3M6NDU6Imh0dHA6Ly8xMjcuMC4wLjE6ODAwMS9hZG1pbi90cmFuc2Frc2ktYmFyYW5ncyI7czo1OiJyb3V0ZSI7czo0ODoiZmlsYW1lbnQuYWRtaW4ucmVzb3VyY2VzLnRyYW5zYWtzaS1iYXJhbmdzLmluZGV4Ijt9czozOiJ1cmwiO2E6MDp7fXM6NTA6ImxvZ2luX3dlYl81OWJhMzZhZGRjMmIyZjk0MDE1ODBmMDE0YzdmNThlYTRlMzA5ODlkIjtpOjI7czoxMjoibG9naW5fbG9nZ2VkIjtiOjE7czoxNzoicGFzc3dvcmRfaGFzaF93ZWIiO3M6NjA6IiQyeSQxMiRXeGptWXh1RFhyNmtCdUdoQmRnV3pleTNIWGQyUVNQOTRqOVJYV2ZMRnlwRU5nYVlHejIweSI7czo2OiJ0YWJsZXMiO2E6Mzp7czo0MDoiMzY2ZjA4NzA3MTk1Nzk5NTc2MTk5ZGYwNjY1NzdjZmJfY29sdW1ucyI7YTo3OntpOjA7YTo3OntzOjQ6InR5cGUiO3M6NjoiY29sdW1uIjtzOjQ6Im5hbWUiO3M6MTE6ImtvZGVfYmFyYW5nIjtzOjU6ImxhYmVsIjtzOjExOiJLb2RlIEJhcmFuZyI7czo4OiJpc0hpZGRlbiI7YjowO3M6OToiaXNUb2dnbGVkIjtiOjE7czoxMjoiaXNUb2dnbGVhYmxlIjtiOjA7czoyNDoiaXNUb2dnbGVkSGlkZGVuQnlEZWZhdWx0IjtOO31pOjE7YTo3OntzOjQ6InR5cGUiO3M6NjoiY29sdW1uIjtzOjQ6Im5hbWUiO3M6MTE6Im5hbWFfYmFyYW5nIjtzOjU6ImxhYmVsIjtzOjExOiJOYW1hIEJhcmFuZyI7czo4OiJpc0hpZGRlbiI7YjowO3M6OToiaXNUb2dnbGVkIjtiOjE7czoxMjoiaXNUb2dnbGVhYmxlIjtiOjA7czoyNDoiaXNUb2dnbGVkSGlkZGVuQnlEZWZhdWx0IjtOO31pOjI7YTo3OntzOjQ6InR5cGUiO3M6NjoiY29sdW1uIjtzOjQ6Im5hbWUiO3M6MjI6ImthdGVnb3JpLm5hbWFfa2F0ZWdvcmkiO3M6NToibGFiZWwiO3M6ODoiS2F0ZWdvcmkiO3M6ODoiaXNIaWRkZW4iO2I6MDtzOjk6ImlzVG9nZ2xlZCI7YjoxO3M6MTI6ImlzVG9nZ2xlYWJsZSI7YjowO3M6MjQ6ImlzVG9nZ2xlZEhpZGRlbkJ5RGVmYXVsdCI7Tjt9aTozO2E6Nzp7czo0OiJ0eXBlIjtzOjY6ImNvbHVtbiI7czo0OiJuYW1lIjtzOjE4OiJsb2thc2kubmFtYV9sb2thc2kiO3M6NToibGFiZWwiO3M6NjoiTG9rYXNpIjtzOjg6ImlzSGlkZGVuIjtiOjA7czo5OiJpc1RvZ2dsZWQiO2I6MTtzOjEyOiJpc1RvZ2dsZWFibGUiO2I6MDtzOjI0OiJpc1RvZ2dsZWRIaWRkZW5CeURlZmF1bHQiO047fWk6NDthOjc6e3M6NDoidHlwZSI7czo2OiJjb2x1bW4iO3M6NDoibmFtZSI7czoxMToianVtbGFoX3N0b2siO3M6NToibGFiZWwiO3M6MTM6IlN0b2sgU2FhdCBJbmkiO3M6ODoiaXNIaWRkZW4iO2I6MDtzOjk6ImlzVG9nZ2xlZCI7YjoxO3M6MTI6ImlzVG9nZ2xlYWJsZSI7YjowO3M6MjQ6ImlzVG9nZ2xlZEhpZGRlbkJ5RGVmYXVsdCI7Tjt9aTo1O2E6Nzp7czo0OiJ0eXBlIjtzOjY6ImNvbHVtbiI7czo0OiJuYW1lIjtzOjEzOiJyZW9yZGVyX3BvaW50IjtzOjU6ImxhYmVsIjtzOjE5OiJCYXRhcyBNaW5pbXVtIChST1ApIjtzOjg6ImlzSGlkZGVuIjtiOjA7czo5OiJpc1RvZ2dsZWQiO2I6MTtzOjEyOiJpc1RvZ2dsZWFibGUiO2I6MDtzOjI0OiJpc1RvZ2dsZWRIaWRkZW5CeURlZmF1bHQiO047fWk6NjthOjc6e3M6NDoidHlwZSI7czo2OiJjb2x1bW4iO3M6NDoibmFtZSI7czo2OiJzdGF0dXMiO3M6NToibGFiZWwiO3M6NjoiU3RhdHVzIjtzOjg6ImlzSGlkZGVuIjtiOjA7czo5OiJpc1RvZ2dsZWQiO2I6MTtzOjEyOiJpc1RvZ2dsZWFibGUiO2I6MDtzOjI0OiJpc1RvZ2dsZWRIaWRkZW5CeURlZmF1bHQiO047fX1zOjQwOiJmMjA5ZDcyMGFhNGNiMjRkMjY0NjM3N2YxN2ZjZjJkY19jb2x1bW5zIjthOjEzOntpOjA7YTo3OntzOjQ6InR5cGUiO3M6NjoiY29sdW1uIjtzOjQ6Im5hbWUiO3M6MTc6InRhbmdnYWxfdHJhbnNha3NpIjtzOjU6ImxhYmVsIjtzOjc6IlRhbmdnYWwiO3M6ODoiaXNIaWRkZW4iO2I6MDtzOjk6ImlzVG9nZ2xlZCI7YjoxO3M6MTI6ImlzVG9nZ2xlYWJsZSI7YjowO3M6MjQ6ImlzVG9nZ2xlZEhpZGRlbkJ5RGVmYXVsdCI7Tjt9aToxO2E6Nzp7czo0OiJ0eXBlIjtzOjY6ImNvbHVtbiI7czo0OiJuYW1lIjtzOjE0OiJrb2RlX3RyYW5zYWtzaSI7czo1OiJsYWJlbCI7czoxNDoiS29kZSBUcmFuc2Frc2kiO3M6ODoiaXNIaWRkZW4iO2I6MDtzOjk6ImlzVG9nZ2xlZCI7YjoxO3M6MTI6ImlzVG9nZ2xlYWJsZSI7YjowO3M6MjQ6ImlzVG9nZ2xlZEhpZGRlbkJ5RGVmYXVsdCI7Tjt9aToyO2E6Nzp7czo0OiJ0eXBlIjtzOjY6ImNvbHVtbiI7czo0OiJuYW1lIjtzOjE4OiJiYXJhbmcua29kZV9iYXJhbmciO3M6NToibGFiZWwiO3M6MTE6IktvZGUgQmFyYW5nIjtzOjg6ImlzSGlkZGVuIjtiOjA7czo5OiJpc1RvZ2dsZWQiO2I6MTtzOjEyOiJpc1RvZ2dsZWFibGUiO2I6MDtzOjI0OiJpc1RvZ2dsZWRIaWRkZW5CeURlZmF1bHQiO047fWk6MzthOjc6e3M6NDoidHlwZSI7czo2OiJjb2x1bW4iO3M6NDoibmFtZSI7czoxODoiYmFyYW5nLm5hbWFfYmFyYW5nIjtzOjU6ImxhYmVsIjtzOjExOiJOYW1hIEJhcmFuZyI7czo4OiJpc0hpZGRlbiI7YjowO3M6OToiaXNUb2dnbGVkIjtiOjE7czoxMjoiaXNUb2dnbGVhYmxlIjtiOjA7czoyNDoiaXNUb2dnbGVkSGlkZGVuQnlEZWZhdWx0IjtOO31pOjQ7YTo3OntzOjQ6InR5cGUiO3M6NjoiY29sdW1uIjtzOjQ6Im5hbWUiO3M6MTQ6InRpcGVfdHJhbnNha3NpIjtzOjU6ImxhYmVsIjtzOjQ6IlRpcGUiO3M6ODoiaXNIaWRkZW4iO2I6MDtzOjk6ImlzVG9nZ2xlZCI7YjoxO3M6MTI6ImlzVG9nZ2xlYWJsZSI7YjowO3M6MjQ6ImlzVG9nZ2xlZEhpZGRlbkJ5RGVmYXVsdCI7Tjt9aTo1O2E6Nzp7czo0OiJ0eXBlIjtzOjY6ImNvbHVtbiI7czo0OiJuYW1lIjtzOjE1OiJhcHByb3ZhbF9zdGF0dXMiO3M6NToibGFiZWwiO3M6MTU6IlN0YXR1cyBBcHByb3ZhbCI7czo4OiJpc0hpZGRlbiI7YjowO3M6OToiaXNUb2dnbGVkIjtiOjE7czoxMjoiaXNUb2dnbGVhYmxlIjtiOjA7czoyNDoiaXNUb2dnbGVkSGlkZGVuQnlEZWZhdWx0IjtOO31pOjY7YTo3OntzOjQ6InR5cGUiO3M6NjoiY29sdW1uIjtzOjQ6Im5hbWUiO3M6NjoianVtbGFoIjtzOjU6ImxhYmVsIjtzOjY6Ikp1bWxhaCI7czo4OiJpc0hpZGRlbiI7YjowO3M6OToiaXNUb2dnbGVkIjtiOjE7czoxMjoiaXNUb2dnbGVhYmxlIjtiOjA7czoyNDoiaXNUb2dnbGVkSGlkZGVuQnlEZWZhdWx0IjtOO31pOjc7YTo3OntzOjQ6InR5cGUiO3M6NjoiY29sdW1uIjtzOjQ6Im5hbWUiO3M6MTY6InBlbmFuZ2d1bmdfamF3YWIiO3M6NToibGFiZWwiO3M6MTY6IlBlbmFuZ2d1bmcgSmF3YWIiO3M6ODoiaXNIaWRkZW4iO2I6MDtzOjk6ImlzVG9nZ2xlZCI7YjowO3M6MTI6ImlzVG9nZ2xlYWJsZSI7YjoxO3M6MjQ6ImlzVG9nZ2xlZEhpZGRlbkJ5RGVmYXVsdCI7YjoxO31pOjg7YTo3OntzOjQ6InR5cGUiO3M6NjoiY29sdW1uIjtzOjQ6Im5hbWUiO3M6OToidXNlci5uYW1lIjtzOjU6ImxhYmVsIjtzOjEyOiJEaWlucHV0IE9sZWgiO3M6ODoiaXNIaWRkZW4iO2I6MDtzOjk6ImlzVG9nZ2xlZCI7YjoxO3M6MTI6ImlzVG9nZ2xlYWJsZSI7YjoxO3M6MjQ6ImlzVG9nZ2xlZEhpZGRlbkJ5RGVmYXVsdCI7YjowO31pOjk7YTo3OntzOjQ6InR5cGUiO3M6NjoiY29sdW1uIjtzOjQ6Im5hbWUiO3M6MTU6ImFwcHJvdmVkQnkubmFtZSI7czo1OiJsYWJlbCI7czoxNDoiRGlzZXR1anVpIE9sZWgiO3M6ODoiaXNIaWRkZW4iO2I6MTtzOjk6ImlzVG9nZ2xlZCI7YjoxO3M6MTI6ImlzVG9nZ2xlYWJsZSI7YjowO3M6MjQ6ImlzVG9nZ2xlZEhpZGRlbkJ5RGVmYXVsdCI7Tjt9aToxMDthOjc6e3M6NDoidHlwZSI7czo2OiJjb2x1bW4iO3M6NDoibmFtZSI7czoxMToiYXBwcm92ZWRfYXQiO3M6NToibGFiZWwiO3M6MTc6Ildha3R1IFBlcnNldHVqdWFuIjtzOjg6ImlzSGlkZGVuIjtiOjE7czo5OiJpc1RvZ2dsZWQiO2I6MTtzOjEyOiJpc1RvZ2dsZWFibGUiO2I6MDtzOjI0OiJpc1RvZ2dsZWRIaWRkZW5CeURlZmF1bHQiO047fWk6MTE7YTo3OntzOjQ6InR5cGUiO3M6NjoiY29sdW1uIjtzOjQ6Im5hbWUiO3M6MTA6ImtldGVyYW5nYW4iO3M6NToibGFiZWwiO3M6MTA6IktldGVyYW5nYW4iO3M6ODoiaXNIaWRkZW4iO2I6MDtzOjk6ImlzVG9nZ2xlZCI7YjowO3M6MTI6ImlzVG9nZ2xlYWJsZSI7YjoxO3M6MjQ6ImlzVG9nZ2xlZEhpZGRlbkJ5RGVmYXVsdCI7YjoxO31pOjEyO2E6Nzp7czo0OiJ0eXBlIjtzOjY6ImNvbHVtbiI7czo0OiJuYW1lIjtzOjEwOiJjcmVhdGVkX2F0IjtzOjU6ImxhYmVsIjtzOjY6IkRpYnVhdCI7czo4OiJpc0hpZGRlbiI7YjowO3M6OToiaXNUb2dnbGVkIjtiOjA7czoxMjoiaXNUb2dnbGVhYmxlIjtiOjE7czoyNDoiaXNUb2dnbGVkSGlkZGVuQnlEZWZhdWx0IjtiOjE7fX1zOjQxOiJmMjA5ZDcyMGFhNGNiMjRkMjY0NjM3N2YxN2ZjZjJkY19wZXJfcGFnZSI7czoxOiI1Ijt9fQ==', '1766994244');
INSERT INTO `sessions` VALUES ('FNpeiRLJOdwXeylIT2QrvR8wZWPd9BLCQjobK1Mx', '1', '127.0.0.1', 'Mozilla/5.0 (Windows NT 10.0; Win64; x64) AppleWebKit/537.36 (KHTML, like Gecko) Chrome/143.0.0.0 Safari/537.36', 'YTo4OntzOjY6Il90b2tlbiI7czo0MDoicXlqTUhKYzByTWxFRms0M2tPb1Myb1B1WUlZQVYwSkc2MmZ1U2pZbyI7czo5OiJfcHJldmlvdXMiO2E6Mjp7czozOiJ1cmwiO3M6NDI6Imh0dHA6Ly9sb2NhbGhvc3Q6ODAwMC9hZG1pbi9iYWNrdXAtbWFuYWdlciI7czo1OiJyb3V0ZSI7czozNToiZmlsYW1lbnQuYWRtaW4ucGFnZXMuYmFja3VwLW1hbmFnZXIiO31zOjY6Il9mbGFzaCI7YToyOntzOjM6Im9sZCI7YTowOnt9czozOiJuZXciO2E6MDp7fX1zOjUwOiJsb2dpbl93ZWJfNTliYTM2YWRkYzJiMmY5NDAxNTgwZjAxNGM3ZjU4ZWE0ZTMwOTg5ZCI7aToxO3M6MTI6ImxvZ2luX2xvZ2dlZCI7YjoxO3M6MTc6InBhc3N3b3JkX2hhc2hfd2ViIjtzOjYwOiIkMnkkMTIkdXZYalZtcnA1eUFKNlI3MEZaS0VCdWlvd1gxNi9ndUlKMEJySkVkeGVIRzkzamhTN1B3YUciO3M6NjoidGFibGVzIjthOjEwOntzOjQwOiIzNjZmMDg3MDcxOTU3OTk1NzYxOTlkZjA2NjU3N2NmYl9jb2x1bW5zIjthOjc6e2k6MDthOjc6e3M6NDoidHlwZSI7czo2OiJjb2x1bW4iO3M6NDoibmFtZSI7czoxMToia29kZV9iYXJhbmciO3M6NToibGFiZWwiO3M6MTE6IktvZGUgQmFyYW5nIjtzOjg6ImlzSGlkZGVuIjtiOjA7czo5OiJpc1RvZ2dsZWQiO2I6MTtzOjEyOiJpc1RvZ2dsZWFibGUiO2I6MDtzOjI0OiJpc1RvZ2dsZWRIaWRkZW5CeURlZmF1bHQiO047fWk6MTthOjc6e3M6NDoidHlwZSI7czo2OiJjb2x1bW4iO3M6NDoibmFtZSI7czoxMToibmFtYV9iYXJhbmciO3M6NToibGFiZWwiO3M6MTE6Ik5hbWEgQmFyYW5nIjtzOjg6ImlzSGlkZGVuIjtiOjA7czo5OiJpc1RvZ2dsZWQiO2I6MTtzOjEyOiJpc1RvZ2dsZWFibGUiO2I6MDtzOjI0OiJpc1RvZ2dsZWRIaWRkZW5CeURlZmF1bHQiO047fWk6MjthOjc6e3M6NDoidHlwZSI7czo2OiJjb2x1bW4iO3M6NDoibmFtZSI7czoyMjoia2F0ZWdvcmkubmFtYV9rYXRlZ29yaSI7czo1OiJsYWJlbCI7czo4OiJLYXRlZ29yaSI7czo4OiJpc0hpZGRlbiI7YjowO3M6OToiaXNUb2dnbGVkIjtiOjE7czoxMjoiaXNUb2dnbGVhYmxlIjtiOjA7czoyNDoiaXNUb2dnbGVkSGlkZGVuQnlEZWZhdWx0IjtOO31pOjM7YTo3OntzOjQ6InR5cGUiO3M6NjoiY29sdW1uIjtzOjQ6Im5hbWUiO3M6MTg6Imxva2FzaS5uYW1hX2xva2FzaSI7czo1OiJsYWJlbCI7czo2OiJMb2thc2kiO3M6ODoiaXNIaWRkZW4iO2I6MDtzOjk6ImlzVG9nZ2xlZCI7YjoxO3M6MTI6ImlzVG9nZ2xlYWJsZSI7YjowO3M6MjQ6ImlzVG9nZ2xlZEhpZGRlbkJ5RGVmYXVsdCI7Tjt9aTo0O2E6Nzp7czo0OiJ0eXBlIjtzOjY6ImNvbHVtbiI7czo0OiJuYW1lIjtzOjExOiJqdW1sYWhfc3RvayI7czo1OiJsYWJlbCI7czoxMzoiU3RvayBTYWF0IEluaSI7czo4OiJpc0hpZGRlbiI7YjowO3M6OToiaXNUb2dnbGVkIjtiOjE7czoxMjoiaXNUb2dnbGVhYmxlIjtiOjA7czoyNDoiaXNUb2dnbGVkSGlkZGVuQnlEZWZhdWx0IjtOO31pOjU7YTo3OntzOjQ6InR5cGUiO3M6NjoiY29sdW1uIjtzOjQ6Im5hbWUiO3M6MTM6InJlb3JkZXJfcG9pbnQiO3M6NToibGFiZWwiO3M6MTk6IkJhdGFzIE1pbmltdW0gKFJPUCkiO3M6ODoiaXNIaWRkZW4iO2I6MDtzOjk6ImlzVG9nZ2xlZCI7YjoxO3M6MTI6ImlzVG9nZ2xlYWJsZSI7YjowO3M6MjQ6ImlzVG9nZ2xlZEhpZGRlbkJ5RGVmYXVsdCI7Tjt9aTo2O2E6Nzp7czo0OiJ0eXBlIjtzOjY6ImNvbHVtbiI7czo0OiJuYW1lIjtzOjY6InN0YXR1cyI7czo1OiJsYWJlbCI7czo2OiJTdGF0dXMiO3M6ODoiaXNIaWRkZW4iO2I6MDtzOjk6ImlzVG9nZ2xlZCI7YjoxO3M6MTI6ImlzVG9nZ2xlYWJsZSI7YjowO3M6MjQ6ImlzVG9nZ2xlZEhpZGRlbkJ5RGVmYXVsdCI7Tjt9fXM6NDA6Ijc5MDljY2UxMTNjZWRiZmVmMGU5YWI1YWQ4YThhYjRjX2NvbHVtbnMiO2E6NTp7aTowO2E6Nzp7czo0OiJ0eXBlIjtzOjY6ImNvbHVtbiI7czo0OiJuYW1lIjtzOjExOiJuYW1hX2xva2FzaSI7czo1OiJsYWJlbCI7czoxMToiTmFtYSBMb2thc2kiO3M6ODoiaXNIaWRkZW4iO2I6MDtzOjk6ImlzVG9nZ2xlZCI7YjoxO3M6MTI6ImlzVG9nZ2xlYWJsZSI7YjowO3M6MjQ6ImlzVG9nZ2xlZEhpZGRlbkJ5RGVmYXVsdCI7Tjt9aToxO2E6Nzp7czo0OiJ0eXBlIjtzOjY6ImNvbHVtbiI7czo0OiJuYW1lIjtzOjEwOiJrZXRlcmFuZ2FuIjtzOjU6ImxhYmVsIjtzOjEwOiJLZXRlcmFuZ2FuIjtzOjg6ImlzSGlkZGVuIjtiOjA7czo5OiJpc1RvZ2dsZWQiO2I6MTtzOjEyOiJpc1RvZ2dsZWFibGUiO2I6MTtzOjI0OiJpc1RvZ2dsZWRIaWRkZW5CeURlZmF1bHQiO2I6MDt9aToyO2E6Nzp7czo0OiJ0eXBlIjtzOjY6ImNvbHVtbiI7czo0OiJuYW1lIjtzOjEyOiJiYXJhbmdfY291bnQiO3M6NToibGFiZWwiO3M6MTM6Ikp1bWxhaCBCYXJhbmciO3M6ODoiaXNIaWRkZW4iO2I6MDtzOjk6ImlzVG9nZ2xlZCI7YjoxO3M6MTI6ImlzVG9nZ2xlYWJsZSI7YjowO3M6MjQ6ImlzVG9nZ2xlZEhpZGRlbkJ5RGVmYXVsdCI7Tjt9aTozO2E6Nzp7czo0OiJ0eXBlIjtzOjY6ImNvbHVtbiI7czo0OiJuYW1lIjtzOjEwOiJjcmVhdGVkX2F0IjtzOjU6ImxhYmVsIjtzOjY6IkRpYnVhdCI7czo4OiJpc0hpZGRlbiI7YjowO3M6OToiaXNUb2dnbGVkIjtiOjA7czoxMjoiaXNUb2dnbGVhYmxlIjtiOjE7czoyNDoiaXNUb2dnbGVkSGlkZGVuQnlEZWZhdWx0IjtiOjE7fWk6NDthOjc6e3M6NDoidHlwZSI7czo2OiJjb2x1bW4iO3M6NDoibmFtZSI7czoxMDoidXBkYXRlZF9hdCI7czo1OiJsYWJlbCI7czo2OiJEaXViYWgiO3M6ODoiaXNIaWRkZW4iO2I6MDtzOjk6ImlzVG9nZ2xlZCI7YjowO3M6MTI6ImlzVG9nZ2xlYWJsZSI7YjoxO3M6MjQ6ImlzVG9nZ2xlZEhpZGRlbkJ5RGVmYXVsdCI7YjoxO319czo0MDoiZTFiMjViYjZmMGEzYTY5NmNlOGFlZDhlMzIzNTUyMmVfY29sdW1ucyI7YToxMzp7aTowO2E6Nzp7czo0OiJ0eXBlIjtzOjY6ImNvbHVtbiI7czo0OiJuYW1lIjtzOjExOiJrb2RlX2JhcmFuZyI7czo1OiJsYWJlbCI7czo0OiJLb2RlIjtzOjg6ImlzSGlkZGVuIjtiOjA7czo5OiJpc1RvZ2dsZWQiO2I6MTtzOjEyOiJpc1RvZ2dsZWFibGUiO2I6MDtzOjI0OiJpc1RvZ2dsZWRIaWRkZW5CeURlZmF1bHQiO047fWk6MTthOjc6e3M6NDoidHlwZSI7czo2OiJjb2x1bW4iO3M6NDoibmFtZSI7czoxMToibmFtYV9iYXJhbmciO3M6NToibGFiZWwiO3M6MTE6Ik5hbWEgQmFyYW5nIjtzOjg6ImlzSGlkZGVuIjtiOjA7czo5OiJpc1RvZ2dsZWQiO2I6MTtzOjEyOiJpc1RvZ2dsZWFibGUiO2I6MDtzOjI0OiJpc1RvZ2dsZWRIaWRkZW5CeURlZmF1bHQiO047fWk6MjthOjc6e3M6NDoidHlwZSI7czo2OiJjb2x1bW4iO3M6NDoibmFtZSI7czoyMjoia2F0ZWdvcmkubmFtYV9rYXRlZ29yaSI7czo1OiJsYWJlbCI7czo4OiJLYXRlZ29yaSI7czo4OiJpc0hpZGRlbiI7YjowO3M6OToiaXNUb2dnbGVkIjtiOjE7czoxMjoiaXNUb2dnbGVhYmxlIjtiOjA7czoyNDoiaXNUb2dnbGVkSGlkZGVuQnlEZWZhdWx0IjtOO31pOjM7YTo3OntzOjQ6InR5cGUiO3M6NjoiY29sdW1uIjtzOjQ6Im5hbWUiO3M6MTg6Imxva2FzaS5uYW1hX2xva2FzaSI7czo1OiJsYWJlbCI7czo2OiJMb2thc2kiO3M6ODoiaXNIaWRkZW4iO2I6MDtzOjk6ImlzVG9nZ2xlZCI7YjoxO3M6MTI6ImlzVG9nZ2xlYWJsZSI7YjowO3M6MjQ6ImlzVG9nZ2xlZEhpZGRlbkJ5RGVmYXVsdCI7Tjt9aTo0O2E6Nzp7czo0OiJ0eXBlIjtzOjY6ImNvbHVtbiI7czo0OiJuYW1lIjtzOjExOiJqdW1sYWhfc3RvayI7czo1OiJsYWJlbCI7czo0OiJTdG9rIjtzOjg6ImlzSGlkZGVuIjtiOjA7czo5OiJpc1RvZ2dsZWQiO2I6MTtzOjEyOiJpc1RvZ2dsZWFibGUiO2I6MDtzOjI0OiJpc1RvZ2dsZWRIaWRkZW5CeURlZmF1bHQiO047fWk6NTthOjc6e3M6NDoidHlwZSI7czo2OiJjb2x1bW4iO3M6NDoibmFtZSI7czo0OiJtZXJrIjtzOjU6ImxhYmVsIjtzOjQ6Ik1lcmsiO3M6ODoiaXNIaWRkZW4iO2I6MDtzOjk6ImlzVG9nZ2xlZCI7YjoxO3M6MTI6ImlzVG9nZ2xlYWJsZSI7YjoxO3M6MjQ6ImlzVG9nZ2xlZEhpZGRlbkJ5RGVmYXVsdCI7YjowO31pOjY7YTo3OntzOjQ6InR5cGUiO3M6NjoiY29sdW1uIjtzOjQ6Im5hbWUiO3M6MTM6InJlb3JkZXJfcG9pbnQiO3M6NToibGFiZWwiO3M6MzoiUk9QIjtzOjg6ImlzSGlkZGVuIjtiOjA7czo5OiJpc1RvZ2dsZWQiO2I6MDtzOjEyOiJpc1RvZ2dsZWFibGUiO2I6MTtzOjI0OiJpc1RvZ2dsZWRIaWRkZW5CeURlZmF1bHQiO2I6MTt9aTo3O2E6Nzp7czo0OiJ0eXBlIjtzOjY6ImNvbHVtbiI7czo0OiJuYW1lIjtzOjEyOiJoYXJnYV9zYXR1YW4iO3M6NToibGFiZWwiO3M6NToiSGFyZ2EiO3M6ODoiaXNIaWRkZW4iO2I6MDtzOjk6ImlzVG9nZ2xlZCI7YjoxO3M6MTI6ImlzVG9nZ2xlYWJsZSI7YjoxO3M6MjQ6ImlzVG9nZ2xlZEhpZGRlbkJ5RGVmYXVsdCI7YjowO31pOjg7YTo3OntzOjQ6InR5cGUiO3M6NjoiY29sdW1uIjtzOjQ6Im5hbWUiO3M6MTc6InRhbmdnYWxfcGVtYmVsaWFuIjtzOjU6ImxhYmVsIjtzOjg6IlRnbCBCZWxpIjtzOjg6ImlzSGlkZGVuIjtiOjA7czo5OiJpc1RvZ2dsZWQiO2I6MDtzOjEyOiJpc1RvZ2dsZWFibGUiO2I6MTtzOjI0OiJpc1RvZ2dsZWRIaWRkZW5CeURlZmF1bHQiO2I6MDt9aTo5O2E6Nzp7czo0OiJ0eXBlIjtzOjY6ImNvbHVtbiI7czo0OiJuYW1lIjtzOjEwOiJuaWxhaVRvdGFsIjtzOjU6ImxhYmVsIjtzOjExOiJOaWxhaSBUb3RhbCI7czo4OiJpc0hpZGRlbiI7YjowO3M6OToiaXNUb2dnbGVkIjtiOjA7czoxMjoiaXNUb2dnbGVhYmxlIjtiOjE7czoyNDoiaXNUb2dnbGVkSGlkZGVuQnlEZWZhdWx0IjtiOjA7fWk6MTA7YTo3OntzOjQ6InR5cGUiO3M6NjoiY29sdW1uIjtzOjQ6Im5hbWUiO3M6Njoic3RhdHVzIjtzOjU6ImxhYmVsIjtzOjY6IlN0YXR1cyI7czo4OiJpc0hpZGRlbiI7YjowO3M6OToiaXNUb2dnbGVkIjtiOjE7czoxMjoiaXNUb2dnbGVhYmxlIjtiOjA7czoyNDoiaXNUb2dnbGVkSGlkZGVuQnlEZWZhdWx0IjtOO31pOjExO2E6Nzp7czo0OiJ0eXBlIjtzOjY6ImNvbHVtbiI7czo0OiJuYW1lIjtzOjEwOiJjcmVhdGVkX2F0IjtzOjU6ImxhYmVsIjtzOjY6IkRpYnVhdCI7czo4OiJpc0hpZGRlbiI7YjowO3M6OToiaXNUb2dnbGVkIjtiOjA7czoxMjoiaXNUb2dnbGVhYmxlIjtiOjE7czoyNDoiaXNUb2dnbGVkSGlkZGVuQnlEZWZhdWx0IjtiOjE7fWk6MTI7YTo3OntzOjQ6InR5cGUiO3M6NjoiY29sdW1uIjtzOjQ6Im5hbWUiO3M6MTA6InVwZGF0ZWRfYXQiO3M6NToibGFiZWwiO3M6NjoiRGl1YmFoIjtzOjg6ImlzSGlkZGVuIjtiOjA7czo5OiJpc1RvZ2dsZWQiO2I6MDtzOjEyOiJpc1RvZ2dsZWFibGUiO2I6MTtzOjI0OiJpc1RvZ2dsZWRIaWRkZW5CeURlZmF1bHQiO2I6MTt9fXM6NDE6ImUxYjI1YmI2ZjBhM2E2OTZjZThhZWQ4ZTMyMzU1MjJlX3Blcl9wYWdlIjtzOjE6IjUiO3M6NDA6IjkzNGE0MWNlMTE1ZDNhMTFmMjQ0MjljZGMyZDk0ZDM3X2NvbHVtbnMiO2E6ODp7aTowO2E6Nzp7czo0OiJ0eXBlIjtzOjY6ImNvbHVtbiI7czo0OiJuYW1lIjtzOjE4OiJiYXJhbmcua29kZV9iYXJhbmciO3M6NToibGFiZWwiO3M6MTE6IktvZGUgQmFyYW5nIjtzOjg6ImlzSGlkZGVuIjtiOjA7czo5OiJpc1RvZ2dsZWQiO2I6MTtzOjEyOiJpc1RvZ2dsZWFibGUiO2I6MDtzOjI0OiJpc1RvZ2dsZWRIaWRkZW5CeURlZmF1bHQiO047fWk6MTthOjc6e3M6NDoidHlwZSI7czo2OiJjb2x1bW4iO3M6NDoibmFtZSI7czoxODoiYmFyYW5nLm5hbWFfYmFyYW5nIjtzOjU6ImxhYmVsIjtzOjExOiJOYW1hIEJhcmFuZyI7czo4OiJpc0hpZGRlbiI7YjowO3M6OToiaXNUb2dnbGVkIjtiOjE7czoxMjoiaXNUb2dnbGVhYmxlIjtiOjA7czoyNDoiaXNUb2dnbGVkSGlkZGVuQnlEZWZhdWx0IjtOO31pOjI7YTo3OntzOjQ6InR5cGUiO3M6NjoiY29sdW1uIjtzOjQ6Im5hbWUiO3M6NjoianVtbGFoIjtzOjU6ImxhYmVsIjtzOjEyOiJKdW1sYWggUnVzYWsiO3M6ODoiaXNIaWRkZW4iO2I6MDtzOjk6ImlzVG9nZ2xlZCI7YjoxO3M6MTI6ImlzVG9nZ2xlYWJsZSI7YjowO3M6MjQ6ImlzVG9nZ2xlZEhpZGRlbkJ5RGVmYXVsdCI7Tjt9aTozO2E6Nzp7czo0OiJ0eXBlIjtzOjY6ImNvbHVtbiI7czo0OiJuYW1lIjtzOjE2OiJ0YW5nZ2FsX2tlamFkaWFuIjtzOjU6ImxhYmVsIjtzOjE2OiJUYW5nZ2FsIEtlamFkaWFuIjtzOjg6ImlzSGlkZGVuIjtiOjA7czo5OiJpc1RvZ2dsZWQiO2I6MTtzOjEyOiJpc1RvZ2dsZWFibGUiO2I6MDtzOjI0OiJpc1RvZ2dsZWRIaWRkZW5CeURlZmF1bHQiO047fWk6NDthOjc6e3M6NDoidHlwZSI7czo2OiJjb2x1bW4iO3M6NDoibmFtZSI7czoxNjoicGVuYW5nZ3VuZ19qYXdhYiI7czo1OiJsYWJlbCI7czoxNjoiUGVuYW5nZ3VuZyBKYXdhYiI7czo4OiJpc0hpZGRlbiI7YjowO3M6OToiaXNUb2dnbGVkIjtiOjE7czoxMjoiaXNUb2dnbGVhYmxlIjtiOjA7czoyNDoiaXNUb2dnbGVkSGlkZGVuQnlEZWZhdWx0IjtOO31pOjU7YTo3OntzOjQ6InR5cGUiO3M6NjoiY29sdW1uIjtzOjQ6Im5hbWUiO3M6MTA6ImtldGVyYW5nYW4iO3M6NToibGFiZWwiO3M6MTA6IktldGVyYW5nYW4iO3M6ODoiaXNIaWRkZW4iO2I6MDtzOjk6ImlzVG9nZ2xlZCI7YjoxO3M6MTI6ImlzVG9nZ2xlYWJsZSI7YjoxO3M6MjQ6ImlzVG9nZ2xlZEhpZGRlbkJ5RGVmYXVsdCI7YjowO31pOjY7YTo3OntzOjQ6InR5cGUiO3M6NjoiY29sdW1uIjtzOjQ6Im5hbWUiO3M6OToidXNlci5uYW1lIjtzOjU6ImxhYmVsIjtzOjEyOiJEaWNhdGF0IE9sZWgiO3M6ODoiaXNIaWRkZW4iO2I6MDtzOjk6ImlzVG9nZ2xlZCI7YjowO3M6MTI6ImlzVG9nZ2xlYWJsZSI7YjoxO3M6MjQ6ImlzVG9nZ2xlZEhpZGRlbkJ5RGVmYXVsdCI7YjoxO31pOjc7YTo3OntzOjQ6InR5cGUiO3M6NjoiY29sdW1uIjtzOjQ6Im5hbWUiO3M6MTA6ImNyZWF0ZWRfYXQiO3M6NToibGFiZWwiO3M6NjoiRGlidWF0IjtzOjg6ImlzSGlkZGVuIjtiOjA7czo5OiJpc1RvZ2dsZWQiO2I6MDtzOjEyOiJpc1RvZ2dsZWFibGUiO2I6MTtzOjI0OiJpc1RvZ2dsZWRIaWRkZW5CeURlZmF1bHQiO2I6MTt9fXM6NDA6ImYyMDlkNzIwYWE0Y2IyNGQyNjQ2Mzc3ZjE3ZmNmMmRjX2NvbHVtbnMiO2E6MTM6e2k6MDthOjc6e3M6NDoidHlwZSI7czo2OiJjb2x1bW4iO3M6NDoibmFtZSI7czoxNzoidGFuZ2dhbF90cmFuc2Frc2kiO3M6NToibGFiZWwiO3M6NzoiVGFuZ2dhbCI7czo4OiJpc0hpZGRlbiI7YjowO3M6OToiaXNUb2dnbGVkIjtiOjE7czoxMjoiaXNUb2dnbGVhYmxlIjtiOjA7czoyNDoiaXNUb2dnbGVkSGlkZGVuQnlEZWZhdWx0IjtOO31pOjE7YTo3OntzOjQ6InR5cGUiO3M6NjoiY29sdW1uIjtzOjQ6Im5hbWUiO3M6MTQ6ImtvZGVfdHJhbnNha3NpIjtzOjU6ImxhYmVsIjtzOjE0OiJLb2RlIFRyYW5zYWtzaSI7czo4OiJpc0hpZGRlbiI7YjowO3M6OToiaXNUb2dnbGVkIjtiOjE7czoxMjoiaXNUb2dnbGVhYmxlIjtiOjA7czoyNDoiaXNUb2dnbGVkSGlkZGVuQnlEZWZhdWx0IjtOO31pOjI7YTo3OntzOjQ6InR5cGUiO3M6NjoiY29sdW1uIjtzOjQ6Im5hbWUiO3M6MTg6ImJhcmFuZy5rb2RlX2JhcmFuZyI7czo1OiJsYWJlbCI7czoxMToiS29kZSBCYXJhbmciO3M6ODoiaXNIaWRkZW4iO2I6MDtzOjk6ImlzVG9nZ2xlZCI7YjoxO3M6MTI6ImlzVG9nZ2xlYWJsZSI7YjowO3M6MjQ6ImlzVG9nZ2xlZEhpZGRlbkJ5RGVmYXVsdCI7Tjt9aTozO2E6Nzp7czo0OiJ0eXBlIjtzOjY6ImNvbHVtbiI7czo0OiJuYW1lIjtzOjE4OiJiYXJhbmcubmFtYV9iYXJhbmciO3M6NToibGFiZWwiO3M6MTE6Ik5hbWEgQmFyYW5nIjtzOjg6ImlzSGlkZGVuIjtiOjA7czo5OiJpc1RvZ2dsZWQiO2I6MTtzOjEyOiJpc1RvZ2dsZWFibGUiO2I6MDtzOjI0OiJpc1RvZ2dsZWRIaWRkZW5CeURlZmF1bHQiO047fWk6NDthOjc6e3M6NDoidHlwZSI7czo2OiJjb2x1bW4iO3M6NDoibmFtZSI7czoxNDoidGlwZV90cmFuc2Frc2kiO3M6NToibGFiZWwiO3M6NDoiVGlwZSI7czo4OiJpc0hpZGRlbiI7YjowO3M6OToiaXNUb2dnbGVkIjtiOjE7czoxMjoiaXNUb2dnbGVhYmxlIjtiOjA7czoyNDoiaXNUb2dnbGVkSGlkZGVuQnlEZWZhdWx0IjtOO31pOjU7YTo3OntzOjQ6InR5cGUiO3M6NjoiY29sdW1uIjtzOjQ6Im5hbWUiO3M6MTU6ImFwcHJvdmFsX3N0YXR1cyI7czo1OiJsYWJlbCI7czoxNToiU3RhdHVzIEFwcHJvdmFsIjtzOjg6ImlzSGlkZGVuIjtiOjA7czo5OiJpc1RvZ2dsZWQiO2I6MTtzOjEyOiJpc1RvZ2dsZWFibGUiO2I6MDtzOjI0OiJpc1RvZ2dsZWRIaWRkZW5CeURlZmF1bHQiO047fWk6NjthOjc6e3M6NDoidHlwZSI7czo2OiJjb2x1bW4iO3M6NDoibmFtZSI7czo2OiJqdW1sYWgiO3M6NToibGFiZWwiO3M6NjoiSnVtbGFoIjtzOjg6ImlzSGlkZGVuIjtiOjA7czo5OiJpc1RvZ2dsZWQiO2I6MTtzOjEyOiJpc1RvZ2dsZWFibGUiO2I6MDtzOjI0OiJpc1RvZ2dsZWRIaWRkZW5CeURlZmF1bHQiO047fWk6NzthOjc6e3M6NDoidHlwZSI7czo2OiJjb2x1bW4iO3M6NDoibmFtZSI7czoxNjoicGVuYW5nZ3VuZ19qYXdhYiI7czo1OiJsYWJlbCI7czoxNjoiUGVuYW5nZ3VuZyBKYXdhYiI7czo4OiJpc0hpZGRlbiI7YjowO3M6OToiaXNUb2dnbGVkIjtiOjA7czoxMjoiaXNUb2dnbGVhYmxlIjtiOjE7czoyNDoiaXNUb2dnbGVkSGlkZGVuQnlEZWZhdWx0IjtiOjE7fWk6ODthOjc6e3M6NDoidHlwZSI7czo2OiJjb2x1bW4iO3M6NDoibmFtZSI7czo5OiJ1c2VyLm5hbWUiO3M6NToibGFiZWwiO3M6MTI6IkRpaW5wdXQgT2xlaCI7czo4OiJpc0hpZGRlbiI7YjowO3M6OToiaXNUb2dnbGVkIjtiOjE7czoxMjoiaXNUb2dnbGVhYmxlIjtiOjE7czoyNDoiaXNUb2dnbGVkSGlkZGVuQnlEZWZhdWx0IjtiOjA7fWk6OTthOjc6e3M6NDoidHlwZSI7czo2OiJjb2x1bW4iO3M6NDoibmFtZSI7czoxNToiYXBwcm92ZWRCeS5uYW1lIjtzOjU6ImxhYmVsIjtzOjE0OiJEaXNldHVqdWkgT2xlaCI7czo4OiJpc0hpZGRlbiI7YjowO3M6OToiaXNUb2dnbGVkIjtiOjE7czoxMjoiaXNUb2dnbGVhYmxlIjtiOjE7czoyNDoiaXNUb2dnbGVkSGlkZGVuQnlEZWZhdWx0IjtiOjA7fWk6MTA7YTo3OntzOjQ6InR5cGUiO3M6NjoiY29sdW1uIjtzOjQ6Im5hbWUiO3M6MTE6ImFwcHJvdmVkX2F0IjtzOjU6ImxhYmVsIjtzOjE3OiJXYWt0dSBQZXJzZXR1anVhbiI7czo4OiJpc0hpZGRlbiI7YjowO3M6OToiaXNUb2dnbGVkIjtiOjA7czoxMjoiaXNUb2dnbGVhYmxlIjtiOjE7czoyNDoiaXNUb2dnbGVkSGlkZGVuQnlEZWZhdWx0IjtiOjE7fWk6MTE7YTo3OntzOjQ6InR5cGUiO3M6NjoiY29sdW1uIjtzOjQ6Im5hbWUiO3M6MTA6ImtldGVyYW5nYW4iO3M6NToibGFiZWwiO3M6MTA6IktldGVyYW5nYW4iO3M6ODoiaXNIaWRkZW4iO2I6MDtzOjk6ImlzVG9nZ2xlZCI7YjowO3M6MTI6ImlzVG9nZ2xlYWJsZSI7YjoxO3M6MjQ6ImlzVG9nZ2xlZEhpZGRlbkJ5RGVmYXVsdCI7YjoxO31pOjEyO2E6Nzp7czo0OiJ0eXBlIjtzOjY6ImNvbHVtbiI7czo0OiJuYW1lIjtzOjEwOiJjcmVhdGVkX2F0IjtzOjU6ImxhYmVsIjtzOjY6IkRpYnVhdCI7czo4OiJpc0hpZGRlbiI7YjowO3M6OToiaXNUb2dnbGVkIjtiOjA7czoxMjoiaXNUb2dnbGVhYmxlIjtiOjE7czoyNDoiaXNUb2dnbGVkSGlkZGVuQnlEZWZhdWx0IjtiOjE7fX1zOjQwOiJkMWE2ZmNkM2Q2M2E1ZDg4OGYzMGViOTZkODU5NzI2ZV9jb2x1bW5zIjthOjg6e2k6MDthOjc6e3M6NDoidHlwZSI7czo2OiJjb2x1bW4iO3M6NDoibmFtZSI7czoxMDoiY3JlYXRlZF9hdCI7czo1OiJsYWJlbCI7czo3OiJUYW5nZ2FsIjtzOjg6ImlzSGlkZGVuIjtiOjA7czo5OiJpc1RvZ2dsZWQiO2I6MTtzOjEyOiJpc1RvZ2dsZWFibGUiO2I6MDtzOjI0OiJpc1RvZ2dsZWRIaWRkZW5CeURlZmF1bHQiO047fWk6MTthOjc6e3M6NDoidHlwZSI7czo2OiJjb2x1bW4iO3M6NDoibmFtZSI7czoxNToiamVuaXNfYWt0aXZpdGFzIjtzOjU6ImxhYmVsIjtzOjk6IkFrdGl2aXRhcyI7czo4OiJpc0hpZGRlbiI7YjowO3M6OToiaXNUb2dnbGVkIjtiOjE7czoxMjoiaXNUb2dnbGVhYmxlIjtiOjA7czoyNDoiaXNUb2dnbGVkSGlkZGVuQnlEZWZhdWx0IjtOO31pOjI7YTo3OntzOjQ6InR5cGUiO3M6NjoiY29sdW1uIjtzOjQ6Im5hbWUiO3M6MTA6Im5hbWFfdGFiZWwiO3M6NToibGFiZWwiO3M6NToiVGFiZWwiO3M6ODoiaXNIaWRkZW4iO2I6MDtzOjk6ImlzVG9nZ2xlZCI7YjoxO3M6MTI6ImlzVG9nZ2xlYWJsZSI7YjoxO3M6MjQ6ImlzVG9nZ2xlZEhpZGRlbkJ5RGVmYXVsdCI7YjowO31pOjM7YTo3OntzOjQ6InR5cGUiO3M6NjoiY29sdW1uIjtzOjQ6Im5hbWUiO3M6OToidXNlci5uYW1lIjtzOjU6ImxhYmVsIjtzOjQ6IlVzZXIiO3M6ODoiaXNIaWRkZW4iO2I6MDtzOjk6ImlzVG9nZ2xlZCI7YjoxO3M6MTI6ImlzVG9nZ2xlYWJsZSI7YjowO3M6MjQ6ImlzVG9nZ2xlZEhpZGRlbkJ5RGVmYXVsdCI7Tjt9aTo0O2E6Nzp7czo0OiJ0eXBlIjtzOjY6ImNvbHVtbiI7czo0OiJuYW1lIjtzOjk6InVzZXIucm9sZSI7czo1OiJsYWJlbCI7czo0OiJSb2xlIjtzOjg6ImlzSGlkZGVuIjtiOjA7czo5OiJpc1RvZ2dsZWQiO2I6MTtzOjEyOiJpc1RvZ2dsZWFibGUiO2I6MTtzOjI0OiJpc1RvZ2dsZWRIaWRkZW5CeURlZmF1bHQiO2I6MDt9aTo1O2E6Nzp7czo0OiJ0eXBlIjtzOjY6ImNvbHVtbiI7czo0OiJuYW1lIjtzOjk6ImRlc2tyaXBzaSI7czo1OiJsYWJlbCI7czo5OiJEZXNrcmlwc2kiO3M6ODoiaXNIaWRkZW4iO2I6MDtzOjk6ImlzVG9nZ2xlZCI7YjoxO3M6MTI6ImlzVG9nZ2xlYWJsZSI7YjoxO3M6MjQ6ImlzVG9nZ2xlZEhpZGRlbkJ5RGVmYXVsdCI7YjowO31pOjY7YTo3OntzOjQ6InR5cGUiO3M6NjoiY29sdW1uIjtzOjQ6Im5hbWUiO3M6MTA6ImlwX2FkZHJlc3MiO3M6NToibGFiZWwiO3M6MTA6IklQIEFkZHJlc3MiO3M6ODoiaXNIaWRkZW4iO2I6MDtzOjk6ImlzVG9nZ2xlZCI7YjowO3M6MTI6ImlzVG9nZ2xlYWJsZSI7YjoxO3M6MjQ6ImlzVG9nZ2xlZEhpZGRlbkJ5RGVmYXVsdCI7YjoxO31pOjc7YTo3OntzOjQ6InR5cGUiO3M6NjoiY29sdW1uIjtzOjQ6Im5hbWUiO3M6MTA6InVzZXJfYWdlbnQiO3M6NToibGFiZWwiO3M6MTA6IlVzZXIgQWdlbnQiO3M6ODoiaXNIaWRkZW4iO2I6MDtzOjk6ImlzVG9nZ2xlZCI7YjowO3M6MTI6ImlzVG9nZ2xlYWJsZSI7YjoxO3M6MjQ6ImlzVG9nZ2xlZEhpZGRlbkJ5RGVmYXVsdCI7YjoxO319czo0MToiZDFhNmZjZDNkNjNhNWQ4ODhmMzBlYjk2ZDg1OTcyNmVfcGVyX3BhZ2UiO3M6MToiNSI7czo0MDoiZTY0NDgzM2Y0ZTRlMDg3MTIzMTVkYTcxYjMzZmFjZDJfY29sdW1ucyI7YTo3OntpOjA7YTo3OntzOjQ6InR5cGUiO3M6NjoiY29sdW1uIjtzOjQ6Im5hbWUiO3M6NDoibmFtZSI7czo1OiJsYWJlbCI7czoxMzoiTmFtYSBQZW5nZ3VuYSI7czo4OiJpc0hpZGRlbiI7YjowO3M6OToiaXNUb2dnbGVkIjtiOjE7czoxMjoiaXNUb2dnbGVhYmxlIjtiOjA7czoyNDoiaXNUb2dnbGVkSGlkZGVuQnlEZWZhdWx0IjtOO31pOjE7YTo3OntzOjQ6InR5cGUiO3M6NjoiY29sdW1uIjtzOjQ6Im5hbWUiO3M6NToiZW1haWwiO3M6NToibGFiZWwiO3M6NToiRW1haWwiO3M6ODoiaXNIaWRkZW4iO2I6MDtzOjk6ImlzVG9nZ2xlZCI7YjoxO3M6MTI6ImlzVG9nZ2xlYWJsZSI7YjowO3M6MjQ6ImlzVG9nZ2xlZEhpZGRlbkJ5RGVmYXVsdCI7Tjt9aToyO2E6Nzp7czo0OiJ0eXBlIjtzOjY6ImNvbHVtbiI7czo0OiJuYW1lIjtzOjEwOiJyb2xlcy5uYW1lIjtzOjU6ImxhYmVsIjtzOjU6IlBlcmFuIjtzOjg6ImlzSGlkZGVuIjtiOjA7czo5OiJpc1RvZ2dsZWQiO2I6MTtzOjEyOiJpc1RvZ2dsZWFibGUiO2I6MDtzOjI0OiJpc1RvZ2dsZWRIaWRkZW5CeURlZmF1bHQiO047fWk6MzthOjc6e3M6NDoidHlwZSI7czo2OiJjb2x1bW4iO3M6NDoibmFtZSI7czo5OiJpc19hY3RpdmUiO3M6NToibGFiZWwiO3M6NToiQWt0aWYiO3M6ODoiaXNIaWRkZW4iO2I6MDtzOjk6ImlzVG9nZ2xlZCI7YjoxO3M6MTI6ImlzVG9nZ2xlYWJsZSI7YjowO3M6MjQ6ImlzVG9nZ2xlZEhpZGRlbkJ5RGVmYXVsdCI7Tjt9aTo0O2E6Nzp7czo0OiJ0eXBlIjtzOjY6ImNvbHVtbiI7czo0OiJuYW1lIjtzOjE3OiJlbWFpbF92ZXJpZmllZF9hdCI7czo1OiJsYWJlbCI7czoxODoiRW1haWwgRGl2ZXJpZmlrYXNpIjtzOjg6ImlzSGlkZGVuIjtiOjA7czo5OiJpc1RvZ2dsZWQiO2I6MDtzOjEyOiJpc1RvZ2dsZWFibGUiO2I6MTtzOjI0OiJpc1RvZ2dsZWRIaWRkZW5CeURlZmF1bHQiO2I6MTt9aTo1O2E6Nzp7czo0OiJ0eXBlIjtzOjY6ImNvbHVtbiI7czo0OiJuYW1lIjtzOjEwOiJjcmVhdGVkX2F0IjtzOjU6ImxhYmVsIjtzOjExOiJEaWJ1YXQgUGFkYSI7czo4OiJpc0hpZGRlbiI7YjowO3M6OToiaXNUb2dnbGVkIjtiOjA7czoxMjoiaXNUb2dnbGVhYmxlIjtiOjE7czoyNDoiaXNUb2dnbGVkSGlkZGVuQnlEZWZhdWx0IjtiOjE7fWk6NjthOjc6e3M6NDoidHlwZSI7czo2OiJjb2x1bW4iO3M6NDoibmFtZSI7czoxMDoidXBkYXRlZF9hdCI7czo1OiJsYWJlbCI7czoxNToiRGlwZXJiYXJ1aSBQYWRhIjtzOjg6ImlzSGlkZGVuIjtiOjA7czo5OiJpc1RvZ2dsZWQiO2I6MDtzOjEyOiJpc1RvZ2dsZWFibGUiO2I6MTtzOjI0OiJpc1RvZ2dsZWRIaWRkZW5CeURlZmF1bHQiO2I6MTt9fXM6NDE6ImYyMDlkNzIwYWE0Y2IyNGQyNjQ2Mzc3ZjE3ZmNmMmRjX3Blcl9wYWdlIjtzOjE6IjUiO31zOjg6ImZpbGFtZW50IjthOjA6e319', '1766994743');
INSERT INTO `sessions` VALUES ('IO2j7QqDXMG8shwhaeQzmiTPK0IfdKZ00PnAxEP9', '3', '127.0.0.1', 'Mozilla/5.0 (Windows NT 10.0; Win64; x64) AppleWebKit/537.36 (KHTML, like Gecko) Chrome/143.0.0.0 Safari/537.36', 'YTo4OntzOjY6Il90b2tlbiI7czo0MDoiQlQ1dmFNcWtyNUlESkRRVXExRzlXcVlTQXIzbVlsTUptOFdsM1FudCI7czozOiJ1cmwiO2E6MDp7fXM6OToiX3ByZXZpb3VzIjthOjI6e3M6MzoidXJsIjtzOjQ3OiJodHRwOi8vbG9jYWxob3N0OjgwMDEvYWRtaW4vYXBwcm92YWwtdHJhbnNha3NpcyI7czo1OiJyb3V0ZSI7czo1MDoiZmlsYW1lbnQuYWRtaW4ucmVzb3VyY2VzLmFwcHJvdmFsLXRyYW5zYWtzaXMuaW5kZXgiO31zOjY6Il9mbGFzaCI7YToyOntzOjM6Im9sZCI7YTowOnt9czozOiJuZXciO2E6MDp7fX1zOjUwOiJsb2dpbl93ZWJfNTliYTM2YWRkYzJiMmY5NDAxNTgwZjAxNGM3ZjU4ZWE0ZTMwOTg5ZCI7aTozO3M6MTI6ImxvZ2luX2xvZ2dlZCI7YjoxO3M6MTc6InBhc3N3b3JkX2hhc2hfd2ViIjtzOjYwOiIkMnkkMTIkdzJMVmwxLi9SdHVrelcuaDFvRlBsT3EySklnVndyTHkwZ2s3NFFLckxOcVp1akY5czhuR1MiO3M6NjoidGFibGVzIjthOjM6e3M6NDA6IjM2NmYwODcwNzE5NTc5OTU3NjE5OWRmMDY2NTc3Y2ZiX2NvbHVtbnMiO2E6Nzp7aTowO2E6Nzp7czo0OiJ0eXBlIjtzOjY6ImNvbHVtbiI7czo0OiJuYW1lIjtzOjExOiJrb2RlX2JhcmFuZyI7czo1OiJsYWJlbCI7czoxMToiS29kZSBCYXJhbmciO3M6ODoiaXNIaWRkZW4iO2I6MDtzOjk6ImlzVG9nZ2xlZCI7YjoxO3M6MTI6ImlzVG9nZ2xlYWJsZSI7YjowO3M6MjQ6ImlzVG9nZ2xlZEhpZGRlbkJ5RGVmYXVsdCI7Tjt9aToxO2E6Nzp7czo0OiJ0eXBlIjtzOjY6ImNvbHVtbiI7czo0OiJuYW1lIjtzOjExOiJuYW1hX2JhcmFuZyI7czo1OiJsYWJlbCI7czoxMToiTmFtYSBCYXJhbmciO3M6ODoiaXNIaWRkZW4iO2I6MDtzOjk6ImlzVG9nZ2xlZCI7YjoxO3M6MTI6ImlzVG9nZ2xlYWJsZSI7YjowO3M6MjQ6ImlzVG9nZ2xlZEhpZGRlbkJ5RGVmYXVsdCI7Tjt9aToyO2E6Nzp7czo0OiJ0eXBlIjtzOjY6ImNvbHVtbiI7czo0OiJuYW1lIjtzOjIyOiJrYXRlZ29yaS5uYW1hX2thdGVnb3JpIjtzOjU6ImxhYmVsIjtzOjg6IkthdGVnb3JpIjtzOjg6ImlzSGlkZGVuIjtiOjA7czo5OiJpc1RvZ2dsZWQiO2I6MTtzOjEyOiJpc1RvZ2dsZWFibGUiO2I6MDtzOjI0OiJpc1RvZ2dsZWRIaWRkZW5CeURlZmF1bHQiO047fWk6MzthOjc6e3M6NDoidHlwZSI7czo2OiJjb2x1bW4iO3M6NDoibmFtZSI7czoxODoibG9rYXNpLm5hbWFfbG9rYXNpIjtzOjU6ImxhYmVsIjtzOjY6Ikxva2FzaSI7czo4OiJpc0hpZGRlbiI7YjowO3M6OToiaXNUb2dnbGVkIjtiOjE7czoxMjoiaXNUb2dnbGVhYmxlIjtiOjA7czoyNDoiaXNUb2dnbGVkSGlkZGVuQnlEZWZhdWx0IjtOO31pOjQ7YTo3OntzOjQ6InR5cGUiO3M6NjoiY29sdW1uIjtzOjQ6Im5hbWUiO3M6MTE6Imp1bWxhaF9zdG9rIjtzOjU6ImxhYmVsIjtzOjEzOiJTdG9rIFNhYXQgSW5pIjtzOjg6ImlzSGlkZGVuIjtiOjA7czo5OiJpc1RvZ2dsZWQiO2I6MTtzOjEyOiJpc1RvZ2dsZWFibGUiO2I6MDtzOjI0OiJpc1RvZ2dsZWRIaWRkZW5CeURlZmF1bHQiO047fWk6NTthOjc6e3M6NDoidHlwZSI7czo2OiJjb2x1bW4iO3M6NDoibmFtZSI7czoxMzoicmVvcmRlcl9wb2ludCI7czo1OiJsYWJlbCI7czoxOToiQmF0YXMgTWluaW11bSAoUk9QKSI7czo4OiJpc0hpZGRlbiI7YjowO3M6OToiaXNUb2dnbGVkIjtiOjE7czoxMjoiaXNUb2dnbGVhYmxlIjtiOjA7czoyNDoiaXNUb2dnbGVkSGlkZGVuQnlEZWZhdWx0IjtOO31pOjY7YTo3OntzOjQ6InR5cGUiO3M6NjoiY29sdW1uIjtzOjQ6Im5hbWUiO3M6Njoic3RhdHVzIjtzOjU6ImxhYmVsIjtzOjY6IlN0YXR1cyI7czo4OiJpc0hpZGRlbiI7YjowO3M6OToiaXNUb2dnbGVkIjtiOjE7czoxMjoiaXNUb2dnbGVhYmxlIjtiOjA7czoyNDoiaXNUb2dnbGVkSGlkZGVuQnlEZWZhdWx0IjtOO319czo0MDoiZjIwOWQ3MjBhYTRjYjI0ZDI2NDYzNzdmMTdmY2YyZGNfY29sdW1ucyI7YToxMzp7aTowO2E6Nzp7czo0OiJ0eXBlIjtzOjY6ImNvbHVtbiI7czo0OiJuYW1lIjtzOjE3OiJ0YW5nZ2FsX3RyYW5zYWtzaSI7czo1OiJsYWJlbCI7czo3OiJUYW5nZ2FsIjtzOjg6ImlzSGlkZGVuIjtiOjA7czo5OiJpc1RvZ2dsZWQiO2I6MTtzOjEyOiJpc1RvZ2dsZWFibGUiO2I6MDtzOjI0OiJpc1RvZ2dsZWRIaWRkZW5CeURlZmF1bHQiO047fWk6MTthOjc6e3M6NDoidHlwZSI7czo2OiJjb2x1bW4iO3M6NDoibmFtZSI7czoxNDoia29kZV90cmFuc2Frc2kiO3M6NToibGFiZWwiO3M6MTQ6IktvZGUgVHJhbnNha3NpIjtzOjg6ImlzSGlkZGVuIjtiOjA7czo5OiJpc1RvZ2dsZWQiO2I6MTtzOjEyOiJpc1RvZ2dsZWFibGUiO2I6MDtzOjI0OiJpc1RvZ2dsZWRIaWRkZW5CeURlZmF1bHQiO047fWk6MjthOjc6e3M6NDoidHlwZSI7czo2OiJjb2x1bW4iO3M6NDoibmFtZSI7czoxODoiYmFyYW5nLmtvZGVfYmFyYW5nIjtzOjU6ImxhYmVsIjtzOjExOiJLb2RlIEJhcmFuZyI7czo4OiJpc0hpZGRlbiI7YjowO3M6OToiaXNUb2dnbGVkIjtiOjE7czoxMjoiaXNUb2dnbGVhYmxlIjtiOjA7czoyNDoiaXNUb2dnbGVkSGlkZGVuQnlEZWZhdWx0IjtOO31pOjM7YTo3OntzOjQ6InR5cGUiO3M6NjoiY29sdW1uIjtzOjQ6Im5hbWUiO3M6MTg6ImJhcmFuZy5uYW1hX2JhcmFuZyI7czo1OiJsYWJlbCI7czoxMToiTmFtYSBCYXJhbmciO3M6ODoiaXNIaWRkZW4iO2I6MDtzOjk6ImlzVG9nZ2xlZCI7YjoxO3M6MTI6ImlzVG9nZ2xlYWJsZSI7YjowO3M6MjQ6ImlzVG9nZ2xlZEhpZGRlbkJ5RGVmYXVsdCI7Tjt9aTo0O2E6Nzp7czo0OiJ0eXBlIjtzOjY6ImNvbHVtbiI7czo0OiJuYW1lIjtzOjE0OiJ0aXBlX3RyYW5zYWtzaSI7czo1OiJsYWJlbCI7czo0OiJUaXBlIjtzOjg6ImlzSGlkZGVuIjtiOjA7czo5OiJpc1RvZ2dsZWQiO2I6MTtzOjEyOiJpc1RvZ2dsZWFibGUiO2I6MDtzOjI0OiJpc1RvZ2dsZWRIaWRkZW5CeURlZmF1bHQiO047fWk6NTthOjc6e3M6NDoidHlwZSI7czo2OiJjb2x1bW4iO3M6NDoibmFtZSI7czoxNToiYXBwcm92YWxfc3RhdHVzIjtzOjU6ImxhYmVsIjtzOjE1OiJTdGF0dXMgQXBwcm92YWwiO3M6ODoiaXNIaWRkZW4iO2I6MDtzOjk6ImlzVG9nZ2xlZCI7YjoxO3M6MTI6ImlzVG9nZ2xlYWJsZSI7YjowO3M6MjQ6ImlzVG9nZ2xlZEhpZGRlbkJ5RGVmYXVsdCI7Tjt9aTo2O2E6Nzp7czo0OiJ0eXBlIjtzOjY6ImNvbHVtbiI7czo0OiJuYW1lIjtzOjY6Imp1bWxhaCI7czo1OiJsYWJlbCI7czo2OiJKdW1sYWgiO3M6ODoiaXNIaWRkZW4iO2I6MDtzOjk6ImlzVG9nZ2xlZCI7YjoxO3M6MTI6ImlzVG9nZ2xlYWJsZSI7YjowO3M6MjQ6ImlzVG9nZ2xlZEhpZGRlbkJ5RGVmYXVsdCI7Tjt9aTo3O2E6Nzp7czo0OiJ0eXBlIjtzOjY6ImNvbHVtbiI7czo0OiJuYW1lIjtzOjE2OiJwZW5hbmdndW5nX2phd2FiIjtzOjU6ImxhYmVsIjtzOjE2OiJQZW5hbmdndW5nIEphd2FiIjtzOjg6ImlzSGlkZGVuIjtiOjA7czo5OiJpc1RvZ2dsZWQiO2I6MDtzOjEyOiJpc1RvZ2dsZWFibGUiO2I6MTtzOjI0OiJpc1RvZ2dsZWRIaWRkZW5CeURlZmF1bHQiO2I6MTt9aTo4O2E6Nzp7czo0OiJ0eXBlIjtzOjY6ImNvbHVtbiI7czo0OiJuYW1lIjtzOjk6InVzZXIubmFtZSI7czo1OiJsYWJlbCI7czoxMjoiRGlpbnB1dCBPbGVoIjtzOjg6ImlzSGlkZGVuIjtiOjA7czo5OiJpc1RvZ2dsZWQiO2I6MTtzOjEyOiJpc1RvZ2dsZWFibGUiO2I6MTtzOjI0OiJpc1RvZ2dsZWRIaWRkZW5CeURlZmF1bHQiO2I6MDt9aTo5O2E6Nzp7czo0OiJ0eXBlIjtzOjY6ImNvbHVtbiI7czo0OiJuYW1lIjtzOjE1OiJhcHByb3ZlZEJ5Lm5hbWUiO3M6NToibGFiZWwiO3M6MTQ6IkRpc2V0dWp1aSBPbGVoIjtzOjg6ImlzSGlkZGVuIjtiOjA7czo5OiJpc1RvZ2dsZWQiO2I6MTtzOjEyOiJpc1RvZ2dsZWFibGUiO2I6MTtzOjI0OiJpc1RvZ2dsZWRIaWRkZW5CeURlZmF1bHQiO2I6MDt9aToxMDthOjc6e3M6NDoidHlwZSI7czo2OiJjb2x1bW4iO3M6NDoibmFtZSI7czoxMToiYXBwcm92ZWRfYXQiO3M6NToibGFiZWwiO3M6MTc6Ildha3R1IFBlcnNldHVqdWFuIjtzOjg6ImlzSGlkZGVuIjtiOjA7czo5OiJpc1RvZ2dsZWQiO2I6MDtzOjEyOiJpc1RvZ2dsZWFibGUiO2I6MTtzOjI0OiJpc1RvZ2dsZWRIaWRkZW5CeURlZmF1bHQiO2I6MTt9aToxMTthOjc6e3M6NDoidHlwZSI7czo2OiJjb2x1bW4iO3M6NDoibmFtZSI7czoxMDoia2V0ZXJhbmdhbiI7czo1OiJsYWJlbCI7czoxMDoiS2V0ZXJhbmdhbiI7czo4OiJpc0hpZGRlbiI7YjowO3M6OToiaXNUb2dnbGVkIjtiOjA7czoxMjoiaXNUb2dnbGVhYmxlIjtiOjE7czoyNDoiaXNUb2dnbGVkSGlkZGVuQnlEZWZhdWx0IjtiOjE7fWk6MTI7YTo3OntzOjQ6InR5cGUiO3M6NjoiY29sdW1uIjtzOjQ6Im5hbWUiO3M6MTA6ImNyZWF0ZWRfYXQiO3M6NToibGFiZWwiO3M6NjoiRGlidWF0IjtzOjg6ImlzSGlkZGVuIjtiOjA7czo5OiJpc1RvZ2dsZWQiO2I6MDtzOjEyOiJpc1RvZ2dsZWFibGUiO2I6MTtzOjI0OiJpc1RvZ2dsZWRIaWRkZW5CeURlZmF1bHQiO2I6MTt9fXM6NDA6ImEwZGI2NWFiODkzMWRhMmI5MWY0ZmRmMjNkNzdjNTUwX2NvbHVtbnMiO2E6OTp7aTowO2E6Nzp7czo0OiJ0eXBlIjtzOjY6ImNvbHVtbiI7czo0OiJuYW1lIjtzOjI6ImlkIjtzOjU6ImxhYmVsIjtzOjI6IklEIjtzOjg6ImlzSGlkZGVuIjtiOjA7czo5OiJpc1RvZ2dsZWQiO2I6MTtzOjEyOiJpc1RvZ2dsZWFibGUiO2I6MDtzOjI0OiJpc1RvZ2dsZWRIaWRkZW5CeURlZmF1bHQiO047fWk6MTthOjc6e3M6NDoidHlwZSI7czo2OiJjb2x1bW4iO3M6NDoibmFtZSI7czoxNzoidGFuZ2dhbF90cmFuc2Frc2kiO3M6NToibGFiZWwiO3M6MTc6IlRhbmdnYWwgVHJhbnNha3NpIjtzOjg6ImlzSGlkZGVuIjtiOjA7czo5OiJpc1RvZ2dsZWQiO2I6MTtzOjEyOiJpc1RvZ2dsZWFibGUiO2I6MDtzOjI0OiJpc1RvZ2dsZWRIaWRkZW5CeURlZmF1bHQiO047fWk6MjthOjc6e3M6NDoidHlwZSI7czo2OiJjb2x1bW4iO3M6NDoibmFtZSI7czoxODoiYmFyYW5nLm5hbWFfYmFyYW5nIjtzOjU6ImxhYmVsIjtzOjY6IkJhcmFuZyI7czo4OiJpc0hpZGRlbiI7YjowO3M6OToiaXNUb2dnbGVkIjtiOjE7czoxMjoiaXNUb2dnbGVhYmxlIjtiOjA7czoyNDoiaXNUb2dnbGVkSGlkZGVuQnlEZWZhdWx0IjtOO31pOjM7YTo3OntzOjQ6InR5cGUiO3M6NjoiY29sdW1uIjtzOjQ6Im5hbWUiO3M6MTg6ImJhcmFuZy5rb2RlX2JhcmFuZyI7czo1OiJsYWJlbCI7czoxMToiS29kZSBCYXJhbmciO3M6ODoiaXNIaWRkZW4iO2I6MDtzOjk6ImlzVG9nZ2xlZCI7YjoxO3M6MTI6ImlzVG9nZ2xlYWJsZSI7YjowO3M6MjQ6ImlzVG9nZ2xlZEhpZGRlbkJ5RGVmYXVsdCI7Tjt9aTo0O2E6Nzp7czo0OiJ0eXBlIjtzOjY6ImNvbHVtbiI7czo0OiJuYW1lIjtzOjY6Imp1bWxhaCI7czo1OiJsYWJlbCI7czo2OiJKdW1sYWgiO3M6ODoiaXNIaWRkZW4iO2I6MDtzOjk6ImlzVG9nZ2xlZCI7YjoxO3M6MTI6ImlzVG9nZ2xlYWJsZSI7YjowO3M6MjQ6ImlzVG9nZ2xlZEhpZGRlbkJ5RGVmYXVsdCI7Tjt9aTo1O2E6Nzp7czo0OiJ0eXBlIjtzOjY6ImNvbHVtbiI7czo0OiJuYW1lIjtzOjk6InVzZXIubmFtZSI7czo1OiJsYWJlbCI7czoxMjoiRGlpbnB1dCBPbGVoIjtzOjg6ImlzSGlkZGVuIjtiOjA7czo5OiJpc1RvZ2dsZWQiO2I6MTtzOjEyOiJpc1RvZ2dsZWFibGUiO2I6MDtzOjI0OiJpc1RvZ2dsZWRIaWRkZW5CeURlZmF1bHQiO047fWk6NjthOjc6e3M6NDoidHlwZSI7czo2OiJjb2x1bW4iO3M6NDoibmFtZSI7czoxNjoicGVuYW5nZ3VuZ19qYXdhYiI7czo1OiJsYWJlbCI7czoxNjoiUGVuYW5nZ3VuZyBKYXdhYiI7czo4OiJpc0hpZGRlbiI7YjowO3M6OToiaXNUb2dnbGVkIjtiOjE7czoxMjoiaXNUb2dnbGVhYmxlIjtiOjA7czoyNDoiaXNUb2dnbGVkSGlkZGVuQnlEZWZhdWx0IjtOO31pOjc7YTo3OntzOjQ6InR5cGUiO3M6NjoiY29sdW1uIjtzOjQ6Im5hbWUiO3M6MTA6ImtldGVyYW5nYW4iO3M6NToibGFiZWwiO3M6MTA6IktldGVyYW5nYW4iO3M6ODoiaXNIaWRkZW4iO2I6MDtzOjk6ImlzVG9nZ2xlZCI7YjoxO3M6MTI6ImlzVG9nZ2xlYWJsZSI7YjowO3M6MjQ6ImlzVG9nZ2xlZEhpZGRlbkJ5RGVmYXVsdCI7Tjt9aTo4O2E6Nzp7czo0OiJ0eXBlIjtzOjY6ImNvbHVtbiI7czo0OiJuYW1lIjtzOjE1OiJhcHByb3ZhbF9zdGF0dXMiO3M6NToibGFiZWwiO3M6NjoiU3RhdHVzIjtzOjg6ImlzSGlkZGVuIjtiOjA7czo5OiJpc1RvZ2dsZWQiO2I6MTtzOjEyOiJpc1RvZ2dsZWFibGUiO2I6MDtzOjI0OiJpc1RvZ2dsZWRIaWRkZW5CeURlZmF1bHQiO047fX19fQ==', '1766994379');
INSERT INTO `sessions` VALUES ('PuwTCwogeFwhGJZ6A8rTLAxaDUQwWNJLoQT2s4y6', NULL, '127.0.0.1', 'Mozilla/5.0 (Windows NT 10.0; Win64; x64) AppleWebKit/537.36 (KHTML, like Gecko) Chrome/143.0.0.0 Safari/537.36', 'YTo0OntzOjY6Il90b2tlbiI7czo0MDoiMDdRZWlyQ1JMOUZobFB1Sk1BMXR4WDZKMGlnWG9DUXRPWVk4ekNmTCI7czozOiJ1cmwiO2E6MTp7czo4OiJpbnRlbmRlZCI7czozNToiaHR0cDovL2xvY2FsaG9zdDo4MDAwL2FkbWluL2xva2FzaXMiO31zOjk6Il9wcmV2aW91cyI7YToyOntzOjM6InVybCI7czozMzoiaHR0cDovL2xvY2FsaG9zdDo4MDAwL2FkbWluL2xvZ2luIjtzOjU6InJvdXRlIjtzOjI1OiJmaWxhbWVudC5hZG1pbi5hdXRoLmxvZ2luIjt9czo2OiJfZmxhc2giO2E6Mjp7czozOiJvbGQiO2E6MDp7fXM6MzoibmV3IjthOjA6e319fQ==', '1766991382');

-- Structure for table `transaksi_barang`
DROP TABLE IF EXISTS `transaksi_barang`;
CREATE TABLE `transaksi_barang` (
  `id` bigint unsigned NOT NULL AUTO_INCREMENT,
  `kode_transaksi` varchar(50) COLLATE utf8mb4_unicode_ci NOT NULL,
  `barang_id` bigint unsigned NOT NULL,
  `tipe_transaksi` enum('masuk','keluar') COLLATE utf8mb4_unicode_ci NOT NULL,
  `jumlah` int NOT NULL,
  `tanggal_transaksi` date NOT NULL,
  `penanggung_jawab` varchar(100) COLLATE utf8mb4_unicode_ci DEFAULT NULL,
  `keterangan` text COLLATE utf8mb4_unicode_ci,
  `user_id` bigint unsigned NOT NULL,
  `approved_by` bigint unsigned DEFAULT NULL,
  `approved_at` timestamp NULL DEFAULT NULL,
  `approval_status` enum('pending','approved','rejected') COLLATE utf8mb4_unicode_ci NOT NULL DEFAULT 'pending',
  `approval_notes` text COLLATE utf8mb4_unicode_ci,
  `created_at` timestamp NULL DEFAULT NULL,
  `updated_at` timestamp NULL DEFAULT NULL,
  PRIMARY KEY (`id`),
  UNIQUE KEY `transaksi_barang_kode_transaksi_unique` (`kode_transaksi`),
  KEY `transaksi_barang_user_id_foreign` (`user_id`),
  KEY `transaksi_barang_barang_id_tipe_transaksi_index` (`barang_id`,`tipe_transaksi`),
  KEY `transaksi_barang_tanggal_transaksi_index` (`tanggal_transaksi`),
  KEY `transaksi_barang_kode_transaksi_index` (`kode_transaksi`),
  KEY `transaksi_barang_approved_by_foreign` (`approved_by`),
  CONSTRAINT `transaksi_barang_approved_by_foreign` FOREIGN KEY (`approved_by`) REFERENCES `users` (`id`) ON DELETE SET NULL,
  CONSTRAINT `transaksi_barang_barang_id_foreign` FOREIGN KEY (`barang_id`) REFERENCES `barang` (`id`) ON DELETE CASCADE,
  CONSTRAINT `transaksi_barang_user_id_foreign` FOREIGN KEY (`user_id`) REFERENCES `users` (`id`) ON DELETE CASCADE
) ENGINE=InnoDB AUTO_INCREMENT=31 DEFAULT CHARSET=utf8mb4 COLLATE=utf8mb4_unicode_ci;

-- Data for table `transaksi_barang`
INSERT INTO `transaksi_barang` VALUES ('1', 'TRX-IN-000001', '1', 'masuk', '100', '2025-09-29', 'Supplier Utama', 'Pengadaan barang dari supplier', '3', '3', '2025-09-29 02:07:13', 'approved', NULL, '2025-12-29 02:07:13', '2025-12-29 02:07:13');
INSERT INTO `transaksi_barang` VALUES ('2', 'TRX-IN-000002', '2', 'masuk', '100', '2025-09-29', 'Supplier Utama', 'Pengadaan barang dari supplier', '1', '3', '2025-09-29 02:07:13', 'approved', NULL, '2025-12-29 02:07:13', '2025-12-29 02:07:13');
INSERT INTO `transaksi_barang` VALUES ('3', 'TRX-IN-000003', '3', 'masuk', '100', '2025-09-29', 'Supplier Utama', 'Pengadaan barang dari supplier', '2', '2', '2025-09-29 02:07:13', 'approved', NULL, '2025-12-29 02:07:13', '2025-12-29 02:07:13');
INSERT INTO `transaksi_barang` VALUES ('4', 'TRX-IN-000004', '4', 'masuk', '100', '2025-09-29', 'Supplier Utama', 'Pengadaan barang dari supplier', '3', '1', '2025-09-29 02:07:13', 'approved', NULL, '2025-12-29 02:07:13', '2025-12-29 02:07:13');
INSERT INTO `transaksi_barang` VALUES ('5', 'TRX-IN-000005', '5', 'masuk', '100', '2025-09-29', 'Supplier Utama', 'Pengadaan barang dari supplier', '2', '1', '2025-09-29 02:07:13', 'approved', NULL, '2025-12-29 02:07:13', '2025-12-29 02:07:13');
INSERT INTO `transaksi_barang` VALUES ('6', 'TRX-IN-000006', '6', 'masuk', '100', '2025-09-29', 'Supplier Utama', 'Pengadaan barang dari supplier', '3', '1', '2025-09-29 02:07:13', 'approved', NULL, '2025-12-29 02:07:13', '2025-12-29 02:07:13');
INSERT INTO `transaksi_barang` VALUES ('7', 'TRX-IN-000007', '7', 'masuk', '100', '2025-09-29', 'Supplier Utama', 'Pengadaan barang dari supplier', '3', '3', '2025-09-29 02:07:13', 'approved', NULL, '2025-12-29 02:07:13', '2025-12-29 02:07:13');
INSERT INTO `transaksi_barang` VALUES ('8', 'TRX-IN-000008', '8', 'masuk', '100', '2025-09-29', 'Supplier Utama', 'Pengadaan barang dari supplier', '1', '1', '2025-09-29 02:07:13', 'approved', NULL, '2025-12-29 02:07:13', '2025-12-29 02:07:13');
INSERT INTO `transaksi_barang` VALUES ('9', 'TRX-IN-000009', '9', 'masuk', '100', '2025-09-29', 'Supplier Utama', 'Pengadaan barang dari supplier', '1', '2', '2025-09-29 02:07:13', 'approved', NULL, '2025-12-29 02:07:13', '2025-12-29 02:07:13');
INSERT INTO `transaksi_barang` VALUES ('10', 'TRX-IN-000010', '10', 'masuk', '100', '2025-09-29', 'Supplier Utama', 'Pengadaan barang dari supplier', '3', '3', '2025-09-29 02:07:13', 'approved', NULL, '2025-12-29 02:07:13', '2025-12-29 02:07:13');
INSERT INTO `transaksi_barang` VALUES ('11', 'TRX-IN-000011', '11', 'masuk', '100', '2025-09-29', 'Supplier Utama', 'Pengadaan barang dari supplier', '1', '1', '2025-09-29 02:07:13', 'approved', NULL, '2025-12-29 02:07:13', '2025-12-29 02:07:13');
INSERT INTO `transaksi_barang` VALUES ('12', 'TRX-IN-000012', '12', 'masuk', '100', '2025-09-29', 'Supplier Utama', 'Pengadaan barang dari supplier', '2', '3', '2025-09-29 02:07:13', 'approved', NULL, '2025-12-29 02:07:13', '2025-12-29 02:07:13');
INSERT INTO `transaksi_barang` VALUES ('13', 'TRX-IN-000013', '13', 'masuk', '100', '2025-09-29', 'Supplier Utama', 'Pengadaan barang dari supplier', '1', '2', '2025-09-29 02:07:13', 'approved', NULL, '2025-12-29 02:07:13', '2025-12-29 02:07:13');
INSERT INTO `transaksi_barang` VALUES ('14', 'TRX-IN-000014', '14', 'masuk', '100', '2025-09-29', 'Supplier Utama', 'Pengadaan barang dari supplier', '2', '1', '2025-09-29 02:07:13', 'approved', NULL, '2025-12-29 02:07:13', '2025-12-29 02:07:13');
INSERT INTO `transaksi_barang` VALUES ('15', 'TRX-IN-000015', '15', 'masuk', '100', '2025-09-29', 'Supplier Utama', 'Pengadaan barang dari supplier', '3', '1', '2025-09-29 02:07:13', 'approved', NULL, '2025-12-29 02:07:13', '2025-12-29 02:07:13');
INSERT INTO `transaksi_barang` VALUES ('16', 'TRX-OUT-000001', '1', 'keluar', '15', '2025-10-29', 'Petugas Inventaris', 'Pengeluaran barang untuk kegiatan', '3', '3', '2025-10-29 02:07:13', 'approved', NULL, '2025-12-29 02:07:13', '2025-12-29 02:07:13');
INSERT INTO `transaksi_barang` VALUES ('17', 'TRX-OUT-000002', '2', 'keluar', '15', '2025-10-29', 'Petugas Inventaris', 'Pengeluaran barang untuk kegiatan', '2', '2', '2025-10-29 02:07:13', 'approved', NULL, '2025-12-29 02:07:13', '2025-12-29 02:07:13');
INSERT INTO `transaksi_barang` VALUES ('18', 'TRX-OUT-000003', '3', 'keluar', '15', '2025-10-29', 'Petugas Inventaris', 'Pengeluaran barang untuk kegiatan', '1', '1', '2025-10-29 02:07:13', 'approved', NULL, '2025-12-29 02:07:13', '2025-12-29 02:07:13');
INSERT INTO `transaksi_barang` VALUES ('19', 'TRX-OUT-000004', '4', 'keluar', '15', '2025-10-29', 'Petugas Inventaris', 'Pengeluaran barang untuk kegiatan', '1', '2', '2025-10-29 02:07:13', 'approved', NULL, '2025-12-29 02:07:13', '2025-12-29 02:07:13');
INSERT INTO `transaksi_barang` VALUES ('20', 'TRX-OUT-000005', '5', 'keluar', '15', '2025-10-29', 'Petugas Inventaris', 'Pengeluaran barang untuk kegiatan', '3', '1', '2025-10-29 02:07:13', 'approved', NULL, '2025-12-29 02:07:13', '2025-12-29 02:07:13');
INSERT INTO `transaksi_barang` VALUES ('21', 'TRX-OUT-000006', '6', 'keluar', '15', '2025-10-29', 'Petugas Inventaris', 'Pengeluaran barang untuk kegiatan', '3', '1', '2025-10-29 02:07:13', 'approved', NULL, '2025-12-29 02:07:13', '2025-12-29 02:07:13');
INSERT INTO `transaksi_barang` VALUES ('22', 'TRX-OUT-000007', '7', 'keluar', '15', '2025-10-29', 'Petugas Inventaris', 'Pengeluaran barang untuk kegiatan', '3', '1', '2025-10-29 02:07:13', 'approved', NULL, '2025-12-29 02:07:13', '2025-12-29 02:07:13');
INSERT INTO `transaksi_barang` VALUES ('23', 'TRX-OUT-000008', '8', 'keluar', '15', '2025-10-29', 'Petugas Inventaris', 'Pengeluaran barang untuk kegiatan', '3', '3', '2025-10-29 02:07:13', 'approved', NULL, '2025-12-29 02:07:13', '2025-12-29 02:07:13');
INSERT INTO `transaksi_barang` VALUES ('24', 'TRX-OUT-000009', '9', 'keluar', '15', '2025-10-29', 'Petugas Inventaris', 'Pengeluaran barang untuk kegiatan', '2', '1', '2025-10-29 02:07:13', 'approved', NULL, '2025-12-29 02:07:13', '2025-12-29 02:07:13');
INSERT INTO `transaksi_barang` VALUES ('25', 'TRX-OUT-000010', '10', 'keluar', '15', '2025-10-29', 'Petugas Inventaris', 'Pengeluaran barang untuk kegiatan', '3', '3', '2025-10-29 02:07:13', 'approved', NULL, '2025-12-29 02:07:13', '2025-12-29 02:07:13');
INSERT INTO `transaksi_barang` VALUES ('26', 'TRX-PND-000001', '1', 'masuk', '50', '2025-12-29', 'Supplier', 'Menunggu approval', '1', '3', '2025-12-29 05:59:58', 'approved', NULL, '2025-12-29 02:07:13', '2025-12-29 05:59:58');
INSERT INTO `transaksi_barang` VALUES ('27', 'TRX-PND-000002', '2', 'masuk', '50', '2025-12-29', 'Supplier', 'Menunggu approval', '2', NULL, NULL, 'pending', NULL, '2025-12-29 02:07:13', '2025-12-29 02:07:13');
INSERT INTO `transaksi_barang` VALUES ('28', 'TRX-PND-000003', '3', 'masuk', '50', '2025-12-29', 'Supplier', 'Menunggu approval', '2', NULL, NULL, 'pending', NULL, '2025-12-29 02:07:13', '2025-12-29 02:07:13');
INSERT INTO `transaksi_barang` VALUES ('29', 'TRX-PND-000004', '4', 'masuk', '50', '2025-12-29', 'Supplier', 'Menunggu approval', '3', NULL, NULL, 'pending', NULL, '2025-12-29 02:07:13', '2025-12-29 02:07:13');
INSERT INTO `transaksi_barang` VALUES ('30', 'TRX-PND-000005', '5', 'masuk', '50', '2025-12-29', 'Supplier', 'Menunggu approval', '3', NULL, NULL, 'pending', NULL, '2025-12-29 02:07:13', '2025-12-29 02:07:13');

-- Structure for table `users`
DROP TABLE IF EXISTS `users`;
CREATE TABLE `users` (
  `id` bigint unsigned NOT NULL AUTO_INCREMENT,
  `name` varchar(255) COLLATE utf8mb4_unicode_ci NOT NULL,
  `email` varchar(255) COLLATE utf8mb4_unicode_ci NOT NULL,
  `email_verified_at` timestamp NULL DEFAULT NULL,
  `password` varchar(255) COLLATE utf8mb4_unicode_ci NOT NULL,
  `remember_token` varchar(100) COLLATE utf8mb4_unicode_ci DEFAULT NULL,
  `created_at` timestamp NULL DEFAULT NULL,
  `updated_at` timestamp NULL DEFAULT NULL,
  `is_active` tinyint(1) NOT NULL DEFAULT '1',
  `deleted_at` timestamp NULL DEFAULT NULL,
  PRIMARY KEY (`id`),
  UNIQUE KEY `users_email_unique` (`email`)
) ENGINE=InnoDB AUTO_INCREMENT=4 DEFAULT CHARSET=utf8mb4 COLLATE=utf8mb4_unicode_ci;

-- Data for table `users`
INSERT INTO `users` VALUES ('1', 'Administrator', 'admin@inventaris.test', '2025-12-29 02:07:11', '$2y$12$uvXjVmrp5yAJ6R70FZKEBuiowX16/guIJ0BrJEdxeHG93jhS7PwaG', NULL, '2025-12-29 02:07:11', '2025-12-29 02:07:11', '1', NULL);
INSERT INTO `users` VALUES ('2', 'Petugas Inventaris', 'petugas@inventaris.test', '2025-12-29 02:07:12', '$2y$12$WxjmYxuDXr6kBuGhBdgWzey3HXd2QSP94j9RXWfLFypENgaYGz20y', NULL, '2025-12-29 02:07:12', '2025-12-29 02:07:12', '1', NULL);
INSERT INTO `users` VALUES ('3', 'Kepala Sekolah', 'kepala@inventaris.test', '2025-12-29 02:07:12', '$2y$12$w2LVl1./RtukzW.h1oFPlOq2JIgVwrLy0gk74QKrLNqZujF9s8nGS', NULL, '2025-12-29 02:07:12', '2025-12-29 02:07:12', '1', NULL);

SET FOREIGN_KEY_CHECKS=1;
